npv,project_irr,equity_irr,min_dscr,breaches
3793.5713848080954,0.1822224495585033,0.2603092244135041,1.0220331530580837,2
971.6803017894761,0.12761784772601456,0.1606612632505858,0.7732709857330836,5
2538.8170759725494,0.1564240325846185,0.21281813993755355,0.8831746835911853,3
4057.0552954934174,0.18041561217933125,0.253829245689849,0.9527816953112943,2
629.9194683623532,0.12455558453839333,0.15915260914516693,0.9073361341893419,3
72.98422734492202,0.1114217752495279,0.13201179849947947,0.7576720343233124,6
3152.3069120094897,0.15829706517533854,0.2113395321272037,0.7907839991777424,3
1019.9305388062282,0.13200537368475126,0.17193918620214385,0.8918587909357999,3
2215.3379461765658,0.15928373660717632,0.22393806765867338,1.0220331530580837,3
2725.628049894824,0.16710092276734942,0.23624990399111995,1.0173889520937307,2
4105.502093082245,0.16863113767421964,0.2276053954636154,0.7883753487996057,3
4116.726133730361,0.18616459329459759,0.26625214712221346,1.0220331530580837,2
3114.2077118153093,0.1646138653077288,0.22627207736040875,0.8906398688403271,3
2306.3803004397587,0.13777575882986642,0.172110339435676,0.6018741871178884,6
1785.5513217910698,0.14207150055472087,0.18631479159557787,0.8214409156983911,3
205.1929784384384,0.11415709718480685,0.13751410014865545,0.7895661688308201,5
3577.149806477745,0.17872254444864666,0.2539447841059883,1.0163199275204724,2
2373.7868180829896,0.16157812444553205,0.22689780226719453,1.0220331530580837,3
2394.4702695412734,0.14883496343400116,0.19650130106983849,0.783666419611424,3
1955.3208317151475,0.14891401481272626,0.20095723803278823,0.911350721403123,3
802.6527417159557,0.12406458524210395,0.15369036694100946,0.7432938980163475,6
2054.734389114198,0.14816318228986347,0.1984981642908679,0.858648701811836,3
1303.3748033590407,0.1246201965207547,0.14962055199566757,0.5324599799973213,6
1859.8182898884816,0.14859629066595526,0.20155051728761467,0.935913730485943,3
2542.8490829871153,0.15325403119923073,0.20516666590701788,0.8295804704502553,3
1209.7015368164612,0.13852512328903688,0.18596178611951478,0.9790462882469962,3
1477.0293564489473,0.1343823114291809,0.1709859455770129,0.7476293459161272,5
1312.9276555542592,0.13444308934358562,0.17347988792062097,0.8121839018740002,3
2877.6894763362143,0.16732938193545127,0.23464609422007932,0.988279061996781,3
3653.871947149543,0.17198954876530476,0.23813967755449997,0.9030865671383963,3
5733.631926145707,0.17724620791022974,0.23755394800791693,0.7129003588654386,3
1496.538710170663,0.1339478825137121,0.17007412440325428,0.7249910101970374,5
2512.0746530415563,0.16369921373761834,0.23011431649647424,1.0220331530580837,3
2455.803827386252,0.15702518758698714,0.21444147423062535,0.9220821136272731,3
729.4663605708754,0.12127365815340457,0.14712566568896365,0.6694141881790271,6
2427.8072782801937,0.15464047992409186,0.20932789451289865,0.8843062346175564,3
1716.6822557310143,0.14224219570214705,0.18812052433167994,0.8419489456338343,3
387.78070918324767,0.11720031373015449,0.1422515267588096,0.7481683814033585,6
865.0888306904304,0.13256462084973467,0.17717002555255024,0.9922531188284478,3
3419.7976490742426,0.17431071550454363,0.24494270874311047,0.9853098689259611,2
4743.917098736192,0.18398429614380804,0.25636083119570685,0.9038978908852999,3
3861.5838799407666,0.1618729106313368,0.21475255859331815,0.729785914280464,3
599.1629082048544,0.12081580640715403,0.14821504357314558,0.7489194100852676,6
3979.926979710935,0.16665531915796236,0.2239714937280951,0.7810438063906161,3
1884.4707412716218,0.1463293223582696,0.1955048852654727,0.8808443381279811,3
943.0461172555182,0.1262546563901651,0.15767676309624223,0.7374946002752991,6
4729.153540820512,0.18220438400439892,0.25269889664050427,0.8825088897422868,3
195.71542591494156,0.11401668170501583,0.13738341665448386,0.7967038334772756,5
1851.3526848503143,0.14023950604832866,0.18126137196650233,0.7602999855634854,3
1294.3359333291776,0.12947691990757454,0.16114914088993826,0.6811916700387567,6
2615.603404896194,0.15657400003319713,0.21211240472839565,0.8706882332730597,3
3236.832924450093,0.16712672937501344,0.23056766922127286,0.9088353646110111,3
-1698.5807163835843,,,0.7206027243756625,9
990.4584484709892,0.12624684027759941,0.15683301604913139,0.7128985818027657,6
2897.2245559831026,0.16423997742458601,0.22731928893772418,0.9321287591487681,3
2155.097625041653,0.1572475900002246,0.2192063101392705,1.0083829147720589,3
377.2259487773981,0.11673911387761113,0.14080235110777725,0.7283150419643498,6
4525.859557585106,0.19133051200824414,0.2747874367629265,1.0220331530580837,2
1035.457102382947,0.1363488278962905,0.18383014876089876,0.9987213285531304,3
4402.345612404343,0.1800094400238777,0.2502376691496466,0.8969138776177151,3
82.9026116146598,0.11193011024606679,0.13503492131549139,0.8635544644007124,5
2350.798444559029,0.16116542386116636,0.2266453890773846,1.016165829752921,3
485.9381511691866,0.12047315304425868,0.15016069752709885,0.8492363402533006,5
3057.5173298999166,0.16051353040120378,0.21691168475481393,0.8439495495482833,3
2772.075624532672,0.16260013155842903,0.22448115220977344,0.9369714713431596,3
2757.9391389480315,0.14581339005781052,0.18696142938315471,0.6589934167650354,5
733.2127647489912,0.12476996230270744,0.15706739274137363,0.8248750830625318,5
-199.28822767190096,0.1060647049760519,0.12212249555814199,0.748005300880997,7
4301.142453098721,0.18810166293151273,0.2687115591499607,1.0220331530580837,2
4614.073965432198,0.1917111732642297,0.2742214543952286,1.0220331530580837,2
331.00990546719254,0.11695941670204778,0.14319951032557587,0.8213832130459393,5
-663.8509109017022,0.09801144321868376,0.10657652885602151,0.6756792311423043,7
2117.8149787241214,0.1566935301356353,0.21842149725343918,1.0090751919723415,3
1152.7649419430736,0.13328281935673658,0.17275176144121362,0.8586194419301408,3
2293.2829085673147,0.16023880353368442,0.22465127532668705,1.0220331530580837,3
1720.11912981394,0.14774185922724428,0.2014928838609194,0.9687491407425861,3
2985.839943027103,0.16033897539145991,0.21737250556216167,0.8526617652951541,3
3972.130529506781,0.1780138464620905,0.24868742922189996,0.9385762502590974,3
3763.477447185635,0.1812440686740956,0.2575765250869153,1.0220331530580837,2
2601.8328613383833,0.16517179657257658,0.2326649312708468,1.0220331530580837,3
1822.717244760079,0.15193492807966327,0.21041582759644373,1.0220331530580837,3
891.3266805687525,0.1275136801576992,0.1617554571977963,0.8194855762449393,4
2505.859822500999,0.15121708484675772,0.20050866965393654,0.8057207240454028,3
1431.259083971645,0.13606555928045058,0.1759135277628957,0.8062880402360479,3
1061.945886903952,0.13607446930254813,0.18249027584170113,0.9848719814156173,3
311.4393638417382,0.11592334167971788,0.13996565411234774,0.7609482471084348,6
2440.9479421573837,0.14990127545497672,0.19841121871904766,0.7934968072669154,3
2430.3254924389908,0.15434007367375682,0.2088828230793297,0.8751342584987208,3
1997.1831840382365,0.14902969268687238,0.2011353424099071,0.8954752239686621,3
2212.506783302457,0.15541368610056458,0.21355612467596072,0.9593679627139217,3
1649.510513719372,0.14133307194206285,0.18609602958313196,0.8527751153521638,3
810.446384562165,0.12314612923546525,0.1510932593369944,0.6985339886914966,6
1342.2147035508567,0.13257188684674476,0.16844743797519188,0.7470249640236207,5
1961.014689403076,0.14894075837783027,0.20112822831797528,0.9080214385948001,3
400.3245456289694,0.11823345900238566,0.1453309178612472,0.8123989401818967,5
1413.0051816907985,0.14432551030213292,0.19806461905063774,1.0164266344160415,3
949.8512106239898,0.12777001455388018,0.16148280882189284,0.7909139100283138,5
1098.0773563810953,0.13643436198890413,0.18257866340209145,0.9786272954498388,3
5849.42865164967,0.18556574588928926,0.2539539275741845,0.7953344764135398,3
-1746.0053661346233,0.08178380287617984,0.07642573503208044,0.578089339383292,9
1889.261601057449,0.14992959847013484,0.20489367519876397,0.9488021272917354,3
607.0794542550863,0.11794694349014208,0.1396913594786383,0.5818461504665476,7
1434.0429306584924,0.1366001813647927,0.17731125632890335,0.817875039521518,3
2158.2295920668507,0.1552950666843572,0.2140411424301419,0.9729630619941874,3
1683.2700239474475,0.14754097842924244,0.2015360286288342,0.9792259309169767,3
-1263.5237584600318,0.08798467969136259,0.08785927838589488,0.6291091334199693,8
1118.1595792727342,0.1314541571404334,0.16870783354825114,0.8176056369575981,3
1405.6059293257345,0.1412339680724472,0.18982927699034918,0.9482895894066171,3
3574.3880006662284,0.17099056750939784,0.23665035850644933,0.9013404240180418,3
233.04268600531418,0.11498878586498906,0.1397580630102312,0.8247579265567495,5
4953.530066271926,0.18380000952947745,0.25446477714212956,0.8770986083716197,3
1443.7862889276066,0.13735390225447194,0.1789766408230207,0.8346167599093229,3
334.2270468528146,0.11553408924364708,0.13789058030270104,0.6834086550348786,6
647.675979509231,0.1274291870957313,0.16788001506283762,0.9826733319642929,3
1320.639056530814,0.13412036987456308,0.17250490749775055,0.8004309610354362,3
1210.3245190243113,0.13528795924758022,0.17733137370232732,0.8850146463838123,3
3694.6331632298,0.17494884666120925,0.24434348248869353,0.9394220805343224,3
1000.3221450011943,0.12749585539850164,0.1598105115548606,0.7539259444775785,6
8825.2859162794,0.2301193604260334,0.3319921396243444,1.0220331530580837,1
3017.542318333324,0.17148326381884543,0.24298484327155165,1.0220331530580837,2
-141.38812629221422,0.1066790383656553,0.1249608027392242,0.8489191123421862,5
2228.155980260783,0.15224639844864216,0.20586598554873492,0.893140312491264,3
2235.5465725325253,0.15912159471481574,0.22240490204712837,1.0220331530580837,3
5703.065507049264,0.2029848413895706,0.2908633442828432,1.0220331530580837,2
1089.4929046164589,0.12640954196285753,0.15607460615192398,0.6685491100718991,6
1363.9637558391546,0.13555208201223654,0.1755133977538208,0.8210437946503093,3
4243.354431431018,0.17661210203314115,0.24404529106395784,0.8736222976849426,3
-126.97420433225832,0.10796487950947267,0.12406833346849455,0.6442354356144919,7
1882.5947936968194,0.1407250508265861,0.18229667206614977,0.7592338105684469,3
889.174159691159,0.12397189377134057,0.1522240836033234,0.6838234579705,6
2879.772449358899,0.16945132159917192,0.23970121443198877,1.0220331530580837,2
1288.3405777014027,0.14175956273647905,0.19350282145023812,1.010393461929263,3
3667.1462578899864,0.1650896690870468,0.2227671057442422,0.8035247575887137,3
42.43103042071966,,,0.826639460503671,5
-1026.6862478704736,0.08792880332948702,0.08773454095544367,0.7354230006875487,8
1562.4887944089935,0.14711336008076614,0.2023855635776272,1.0185162044837441,3
1486.0353403462348,0.13644031507164986,0.17618153322509902,0.7938502897887765,3
3009.576784129268,0.1550079393025044,0.20535197544959372,0.7627275735927279,3
5851.667879450047,0.18354439145714424,0.2501801988673833,0.7684184491625565,3
8467.744617635688,0.21781556944306432,0.3077289960998314,0.9273543463470624,2
3823.1693626361857,0.16787389515902762,0.22812589784480228,0.8146775622177098,3
1798.1818956796783,0.1494077726439173,0.2044221695185115,0.976515401831131,3
-569.5496211203281,,,0.8776295494100562,6
3240.20003397825,0.17431003170440812,0.24750156446825716,1.0137479845390733,2
1392.3813096949686,0.14188729089119081,0.19154947933275254,0.9741952366964982,3
1435.5442319986341,0.1400595630876524,0.18612984909232191,0.9060851224555773,3
2108.6816260672986,0.15306646932940574,0.2098167900312546,0.9383562501203175,3
5248.288335371873,0.19529831504160028,0.27804824752201973,0.9742123826059662,2
4797.187349723193,0.19388043273247607,0.27774781826265105,1.0220331530580837,2
1398.6975769544224,0.13032731526855057,0.1622083441356154,0.6657039947517339,6
2220.5324613877124,0.15483452944563394,0.21261863218569485,0.9396216947390816,3
1433.9512589323656,0.13729397543811506,0.1790161836499465,0.8364806177503632,3
1072.3714058960027,0.1371496071930778,0.1852319381116104,1.0001690388397992,3
992.5197795408537,0.12652987950723402,0.15736514967284168,0.7243883554977075,6
2407.341130433025,0.1529062268699818,0.20569474309559155,0.8557651993873633,3
6843.780170740107,0.2058722474151182,0.2907202479698755,0.9321940170408322,2
3606.383531988285,0.17308149593809502,0.24061027089410347,0.9310549328713582,3
3355.089731825759,0.15957884814151843,0.21269976202038382,0.7756343027124728,3
1909.8241085227564,0.15354743212801625,0.21326780910458182,1.0220331530580837,3
1820.8717728167321,0.15017784045594457,0.20615795880330556,0.9831734922718203,3
545.8254006179336,0.12244529881872951,0.15488282243022694,0.8907557565616814,4
841.2561357031861,0.12851379428875587,0.1656824559093366,0.892194431333172,3
4381.704550092994,0.1581133505224443,0.20471946527104595,0.6168678718648751,4
-60.15601953444077,,,0.8983594046580196,5
4174.220842116559,0.16767294713881714,0.22552882755080653,0.7626252451390345,3
-709.3164803289122,0.09699422945168412,0.10476031901907847,0.6797781695420184,7
2900.7501355669924,0.15584369366733883,0.2079435372659646,0.7975245020744273,3
2971.271166879587,0.16696142266873723,0.23261745265808717,0.9626912808628733,3
2567.3398834659856,0.1645501058985247,0.2314499168569455,1.0220331530580837,3
1033.427743114835,0.12903950625295696,0.1633378659025766,0.7892157179215423,5
167.50006688964208,0.1128804848003711,0.13342709121607185,0.6958227779229628,6
2753.8401331965006,0.15497890162132538,0.2073323702901689,0.8115643621895667,3
533.7670436272839,0.1195310959637027,0.1458608502205607,0.7370942654251522,6
-1697.4856699733994,0.08035936065057288,0.07352735538206619,0.609431126854713,9
668.5597739825504,0.12261640579799861,0.15214080231926347,0.7791208198949647,5
1866.803880433145,0.15297086679474892,0.21284517678650444,1.0219697086236152,3
4775.259054854912,0.18179439166306113,0.2516866555499292,0.8697884512789489,3
711.6557934783228,0.12214076270311128,0.14984662959286654,0.7231150966979786,6
2584.1731417411675,0.15821833996960777,0.2162165408226428,0.9070773254262728,3
771.501927281441,0.12285621816386087,0.15106083625287292,0.7095278483702976,6
4069.513697639715,0.17545406805820674,0.242676300250605,0.8842764106733657,3
2838.924050412409,0.15779605982834258,0.21337731508065183,0.8359676288545528,3
2812.72290946442,0.16222303411786926,0.22330036880266563,0.9201183245826556,3
3872.358403560981,0.17088185363145386,0.23361577556061097,0.8566791337722228,3
2118.6132334419126,0.14858571192071407,0.19863188234812695,0.8503566841816619,3
5343.279810905552,0.20026862332279052,0.2883637087743409,1.0220331530580837,2
3796.0649162060627,0.17578867182901378,0.2455675235207309,0.931896345068769,3
331.1741239249618,,,0.9703477629246134,3
188.35156740431333,,,0.9136039892822577,4
5471.067643035549,0.19744561063807853,0.28069559172108716,0.9791858465464988,2
4466.93468764868,0.17030605036156887,0.2293966837853077,0.7603231688945808,3
3838.1346895851257,0.16372078328276987,0.2187380670624407,0.7590916632960877,3
539.8718834939041,0.12085711981108035,0.1497893708350603,0.8099377138230398,5
5988.8037762920885,0.20633355847130588,0.2968311473374343,1.0220331530580837,2
395.15811778369016,0.11915236660197481,0.14884428886653045,0.8881471143748904,5
2050.630080684032,0.15608429297735715,0.21766496821437614,1.0220331530580837,3
4614.337112701421,0.18241230418516352,0.25442762254861007,0.8942806068521859,2
604.6524153257521,0.12188277405412012,0.15135787374092619,0.8001182797202993,5
1342.576321685198,0.1330255259789738,0.16933953092811863,0.7624248334905913,5
1557.561360167932,0.13875852487599338,0.18137439305264708,0.8199146591389848,3
1324.907253466862,0.13189201685745502,0.16701169245152414,0.7345165376195376,5
5955.488105821557,0.19095818364558004,0.26468753419139823,0.8447431660306164,3
1926.801144306473,0.1481846243828841,0.1995750540187146,0.9051466437654229,3
921.8533156557917,0.12688134232630552,0.1595656902409246,0.7751728668215491,5
148.55220515642736,0.11293596675095618,0.1349363136709144,0.7716197491582935,6
1979.8511876146267,0.15096196101630993,0.2059003887556173,0.94273249464181,3
740.800892638559,0.12506454992808358,0.15782771971043985,0.8307600574254338,5
1910.8133011456741,0.14832193847178138,0.20015944915721773,0.9128781423663301,3
1594.5719213566986,0.1477762851356602,0.2036740061950696,1.02086305238735,3
1434.8466220376679,0.13681218280798926,0.1777838736088597,0.8236812486488779,3
3165.204826186055,0.173474202403122,0.24589545664603066,1.0220331530580837,2
-643.1380412098666,,,0.8328871478181818,6
2901.1033644417903,0.1697528642185716,0.24015317279954615,1.0220331530580837,2
2445.242949089839,0.15976387006448933,0.22157765567244503,0.9688908082769395,3
1770.9750610459905,0.14677029028243854,0.19800206701183923,0.9308539233798012,3
2729.788362841588,0.1503828623006484,0.1971572307724273,0.7403751831399226,4
3075.936119048281,0.16708711218652755,0.23167071343304999,0.943966462214976,3
3508.441151766262,0.17814625835226253,0.25354549924995806,1.0183046985787227,2
2002.5203827879784,0.14579030123013587,0.19285073103419567,0.8324642003293841,3
1058.9306026435363,0.13301148635955543,0.17373033503463375,0.9030472089971509,3
3269.645832174171,0.15937227552894914,0.2130829747344251,0.7842438861990682,3
3422.487291999225,0.17638215809829488,0.25029548893035103,1.0093498833012968,2
1787.3036508836335,0.14353410075800638,0.1900770861451747,0.8505464168501059,3
-1044.2839688277904,0.09262589815198224,0.09640683970283137,0.6199626152640367,8
2234.1334268513274,0.15302170774348275,0.20767795460196792,0.9058716089874614,3
2922.132560114679,0.15959731578996075,0.21626828060325354,0.853423811634206,3
7822.292833641335,0.2223760345561459,0.3205771937999089,1.0220331530580837,2
4082.180238895079,0.18263871517492594,0.25787105116323805,0.9871437084692577,2
-124.00105878962744,0.10723362560638636,0.1254588985197188,0.8214225313054883,6
2464.3399255133804,0.15718690104249616,0.2152271826460492,0.9174372761769983,3
705.0546950544975,0.12378457606109808,0.15478127224087074,0.8038220511910225,5
1033.9977214824994,0.13016017173013095,0.16639947140974984,0.8254321883153628,3
3747.4146990769136,0.18109744401517675,0.2574745278547197,1.0220331530580837,2
4164.704296008548,0.16674911131885894,0.2228556542297156,0.7599522863827568,3
2048.4260388311545,0.15603456135104352,0.2175519880569482,1.0220331530580837,3
1383.3175875874433,0.1418240575479104,0.19173102840686626,0.9750488737013888,3
157.31425304127927,0.11354462841154603,0.1377946042444819,0.8483307894488153,5
2221.84906232933,0.14234990298500638,0.18312707225159108,0.7034630194728911,4
1792.9633708608108,0.15084643467289433,0.20830592800339215,1.0082195365354172,3
2343.0584142794223,0.1522312313954899,0.20492122560863207,0.858101770699676,3
1115.8877134538316,0.1327246008421753,0.17223386421028403,0.8571009138924752,3
1562.9761930571908,0.13781186723654174,0.17862443067606365,0.7990057425513298,3
-1013.7961429501973,,,0.7422115073213992,8
725.717834573233,0.1270241061469278,0.1641424804081908,0.9270143697201894,3
6853.41226753296,0.18991529843060562,0.2580737451069581,0.7603201815117729,3
-1839.4909330170358,,,0.7271650561909595,9
-758.420201327004,0.0959447271407953,0.10283317363337119,0.6824192771047861,7
4445.935025983228,0.17383315200877408,0.23614967984940458,0.816583577485966,3
5162.269665689211,0.18391688297760989,0.2531972318611224,0.8569309660782592,3
1305.8406794491564,0.1388193687335843,0.18495042298200134,0.9362105110028044,3
2017.7183782200361,0.15559174548907329,0.21705640809122997,1.0220331530580837,3
2665.6959003790184,0.15960057032261837,0.21864050439253335,0.9107896990781317,3
7228.903738298905,0.2021981440358105,0.28105051826205457,0.8623586459580574,2
2004.9758017609074,0.14881801154297147,0.2004524849362498,0.8895604391631553,3
1601.4393864873925,0.13858128724823476,0.17987574119651983,0.8057052741491947,3
4572.242707147758,0.19144239983597805,0.2741930251766461,1.0220331530580837,2
2871.02685952641,0.16166840420592052,0.22139290157319924,0.898633186815006,3
2218.8341953790223,0.14020014949296644,0.17834093074434354,0.6625730384651317,5
2428.258781520825,0.14807961864489708,0.1944991217860661,0.7620519303814367,3
-237.13039105939802,0.10479205722904228,0.12061512267664512,0.8036243323888772,6
302.2332923946565,0.11645939198642741,0.14248324070467788,0.8294003728040106,5
2779.062602477224,0.16197039646631312,0.22319923362265404,0.9220126925983883,3
2761.3128896509447,0.16740680849670753,0.23576780322800925,1.0220331530580837,3
422.14326047634586,0.11879521039518295,0.14658279767591015,0.8217206760455321,5
4308.314366328944,0.18861098583693095,0.2702934876018845,1.0220331530580837,2
3792.219015666739,0.1744871874569071,0.24245012801911797,0.9168797692938233,3
2816.2477795075547,0.15953066722959192,0.21690569037345997,0.876477309436074,3
3451.9580654129704,0.1714252587581541,0.2384092843170947,0.9326268652211078,3
239.4396969934532,0.1137106945028336,0.13393527380394515,0.6463912052551312,7
1053.5357368935952,0.12608831794286748,0.15539246333537451,0.6785719659420828,6
252.47098407480584,0.11481758050795184,0.13803475931927095,0.758092103690258,6
3066.593434297977,0.1706339728870262,0.24046628701980816,0.9971929452362748,2
638.2920714795255,0.12001108449931054,0.14529647623021452,0.6694124477756339,6
6870.288235306523,0.1940177328368009,0.26614267493550864,0.8033117340387219,3
5317.677163425637,0.19782799981321667,0.2828381335522864,0.9995205181731706,2
4268.74588571708,0.17672557125843014,0.24407207004951487,0.8720250601675135,3
1703.0288165795514,0.13839523357755756,0.1783208925098734,0.7660121646099831,3
36.650450880635944,,,0.9231169693251483,4
1473.8422841502381,0.13882521013583762,0.1823355458083825,0.8589613889580361,3
3490.419970775603,0.1655316486109769,0.2250290154916002,0.8380617934772668,3
3364.302943546415,0.17630007112702517,0.2505128974607942,1.0220013768941754,2
-49.779332850272326,0.1087286983968625,0.1299349464030456,0.8922532788939692,5
3893.839193977632,0.18256826043552793,0.2599758379466949,1.0112710564010483,2
2141.3874988451953,0.14497986110727656,0.18971484508456343,0.7757148626365702,3
2027.2069481158353,0.15423499225507842,0.21321813526155892,0.9947846577688291,3
1612.0268858276484,0.1403407185044671,0.18432054600307315,0.840961610277793,3
4133.145062909523,0.18590152391407178,0.26494477163978436,1.0220331530580837,2
3462.7683914229356,0.17766143083372304,0.25271418262491346,1.0220331530580837,2
2388.871653528385,0.1618373879055071,0.22735759449096807,1.0220331530580837,3
1654.895568598581,0.14401840960845222,0.1927968774172769,0.9122727846664156,3
2282.397620142082,0.15100904421951789,0.2024201924718,0.854182698011257,3
3056.776577060084,0.1599680581381108,0.21598220823216255,0.8324163934099077,3
6590.2872487151,0.21179724663033994,0.30476022672664843,1.0220331530580837,2
-1204.926426396477,,,0.8428665473114662,8
2469.86044205389,0.16028198801814147,0.22237337135520652,0.973091994663454,3
2378.784248731072,0.14996457605611796,0.1988057019912958,0.8129044222379035,3
2646.3604612013155,0.15929305260970072,0.2181832744205167,0.9094750965889739,3
702.0810662994697,0.12556877052347773,0.16024101444199915,0.8859981571070534,3
39.89640998155963,,,0.9296926595853675,4
1109.6565807371899,0.1271770004577774,0.15752907075220718,0.6881094093161793,6
6471.9096816325045,0.21039718168703986,0.3021495697743376,1.0220331530580837,2
1658.9068867756955,0.14488191939217365,0.195280743479816,0.9264511216793926,3
2353.034181718183,0.15248276417669332,0.2051640285182657,0.8629310104471561,3
1280.080388381917,0.137277840967181,0.18126944835566974,0.907405106210041,3
2063.1534169529373,0.1538145051472384,0.21162105970834091,0.9749142977400856,3
1731.2173333660235,0.1502847308891433,0.20772741973705705,1.0220331530580837,3
1827.4264656302546,0.14944244999387593,0.20418687269666408,0.9650788259512828,3
4110.849509287994,0.1841345657625425,0.2610969877678145,1.0019590450560112,2
967.7948633042629,0.12535180616587244,0.15481076132782617,0.6924992027670348,6
4574.798826435921,0.16153413160777752,0.21094791990817618,0.6380017968996717,4
4162.905132520332,0.17632799821121806,0.24391239413016597,0.8822799106927239,3
2697.5684276303828,0.16649339787245485,0.2344247954115418,1.0220331530580837,3
4802.2850740886415,0.17584959309642725,0.23917630426331019,0.7900311341508123,3
4962.865933902825,0.19485643874413655,0.2791921207848645,1.0050064502042109,2
3413.0195586069826,0.1722261043992148,0.2410961434095952,0.9460377539607672,3
1433.3962394609612,0.14198085335838187,0.1911059948852199,0.9566498756702975,3
4159.325616337132,0.18082314950179357,0.25415351688934606,0.9396141593576909,2
1474.7248852631844,0.14129667494871684,0.1886459665201983,0.9206310557010827,3
5306.438941437367,0.19951031281052564,0.28657617124154056,1.0220331530580837,2
1652.7922296354632,0.14651651914964534,0.19954396830180487,0.9664991724692311,3
3055.222474971448,0.15540742871298793,0.2060240091583182,0.7594589980296692,3
1735.4784337955807,0.14400937021346183,0.1918280016925564,0.8801536561173513,3
5244.952566092282,0.18581102255748197,0.25762098196246364,0.8607934601706729,3
5302.360323316308,0.19936529788819826,0.2861797712896078,1.0220331530580837,2
6150.492049022588,0.18525048490346305,0.25168571056183275,0.7671703053615198,3
2625.2029203552556,0.16207494334275907,0.22479401069685995,0.9642699768983801,3
114.19059819205745,0.11217376848298954,0.13310763539775505,0.748478838954552,6
1789.6403899216284,0.14383072852215267,0.19068676130846146,0.8573104089962844,3
917.3528196710802,0.13162449929550354,0.17310260214289883,0.9477455033838934,3
1971.9579244542208,0.15468525975502417,0.21527174059556278,1.0220331530580837,3
4073.248911071716,0.15751484710954172,0.20452584832200957,0.6460779071159455,4
3327.862704634573,0.15991415506268825,0.21383009498167665,0.7828521957544995,3
672.5287505018279,0.12264859182623697,0.1522198820102858,0.7763225677056457,5
-602.7664993109552,0.09908621369777396,0.10861012609057072,0.6790961012428155,7
2641.578948212161,0.15584014201376706,0.21044579966364832,0.8489721208075556,3
-728.0226103761469,0.09529892974446741,0.10191789089021769,0.7249208834385203,7
883.856457931742,0.13055979383807426,0.17060635619527603,0.936733727119382,3
2740.35763418575,0.15346571605541623,0.20394053164563958,0.7900826302188222,3
4517.064125496747,0.18583412928701368,0.2621558707498479,0.9568169217745887,2
2463.647890596208,0.15841773994934555,0.218117864181113,0.9400553543809235,3
-15.426305329236644,0.1096358184903693,0.13073358515557632,0.8642122939721999,5
2736.1689717216286,0.16711869344217117,0.23552534384507456,1.0220331530580837,3
3699.7062976799907,0.16783290908679194,0.22859151873853992,0.8365440163177739,3
872.0340031220378,,,0.9151359918312514,3
5604.211652597393,0.20260062804773046,0.2913109975412227,1.0220331530580837,2
-750.6509273386617,,,0.8794755654225175,7
879.3783652619335,0.12999567307188045,0.16908962558482016,0.9193861216432048,3
2179.7657728932913,0.1455332696375081,0.19056776908619216,0.7774360770995672,3
844.62825557858,0.12722740696226537,0.16177963847549118,0.84173969570587,3
4324.319640941329,0.16548301620414355,0.22014798096843152,0.7153360257786312,4
1738.654699360592,0.14109090153351647,0.18453002491551165,0.8145071337253491,3
2534.596620940171,0.15989719146436987,0.22091880663465419,0.9466723818501002,3
526.1977010503865,0.121899666094032,0.1537232134840451,0.8832151600334228,4
3412.4253256867205,0.1701895043320292,0.2361279663808091,0.9197714865164194,3
3324.3399772101175,0.16238238455498505,0.21947656224219825,0.8181799743505309,3
2815.6911685477844,0.15940861883009355,0.21715916154207665,0.8687222284852921,3
1188.0497868022135,0.137313723789066,0.18313609106189693,0.9566110462203025,3
2644.6398266512983,0.15723259602509643,0.21337777625067245,0.8749742556871646,3
1675.994173939761,0.14050041980817699,0.18393923723197075,0.821254653893407,3
3873.8254648394,0.1818740391018764,0.25825539741199466,1.0085788554484676,2
393.15981338021265,0.11842375908981925,0.14622770475507427,0.8379993318539627,5
2904.1130793169477,0.1698073119035143,0.24026307517451648,1.0220331530580837,2
1323.3323674106596,0.13223285801495885,0.16741799857900336,0.7504091129653698,6
361.9776270138492,0.11748375762108484,0.14394068286019326,0.8137011949933979,5
-786.8865280243868,,,0.6973579972626032,7
7629.936432723118,0.22083154303636554,0.3183201483574522,1.0220331530580837,2
481.7816435320375,0.11879943832182108,0.1447827618927477,0.7474857845558435,6
794.313421345262,0.12459800445267322,0.15553827386756897,0.7684606214731589,6
4288.771894053638,0.17894643911558888,0.2487533630672261,0.8986656179652767,3
3995.8689813432393,0.17753153217354345,0.2478538464187295,0.9234610287437732,3
2296.5685641136815,0.15990234761366084,0.223252746351136,1.0197563219726258,3
4528.783744220292,0.19109119956410725,0.27392450956722314,1.0220331530580837,2
2915.370370611083,0.16694001872801895,0.23331980737093544,0.9731822135881318,3
4031.3804325450483,0.18534629184550794,0.2654208951702458,1.0220331530580837,2
4173.5244081686305,0.162563714715725,0.21439127121993812,0.7006422273702894,4
8343.118624072386,0.22662175758769085,0.32705271327213264,1.0220331530580837,1
1882.0197545913484,0.14522139458940733,0.19285077809508952,0.857956297492136,3
-471.2612400762996,0.0988936801876662,0.10964739084884062,0.824188950134361,6
5963.60440108696,0.1897828205303995,0.26197838244261223,0.8332624323003628,3
884.2754636085482,0.12757577131169456,0.16230812717949447,0.8230838874544001,3
745.6498195662376,0.12371886839328003,0.15387386984439216,0.767318895896853,6
4227.364681398233,0.18078042378529063,0.25320090009736296,0.9324612843594233,2
1676.784130433258,0.14247416005564448,0.1888973938644995,0.86535639498962,3
2323.2455167892563,0.15482356230986621,0.2111392111131863,0.9127820573297813,3
-1200.5768139128077,,,0.7300003014055683,8
-1530.9538056545684,,,0.6528956401590128,8
2167.7588347411106,0.15808177638609783,0.22094961248185427,1.0220331530580837,3
4019.8112975338177,0.18504206843081195,0.26464235004677905,1.0220331530580837,2
2473.2911178491977,0.15111240157839356,0.20078544858588435,0.8089362477142685,3
369.98509351155207,0.11692671479549976,0.14171294419720654,0.7541160932690887,6
-1676.4190474619104,,,0.666087941386319,9
1660.9556442774433,0.13888040259953421,0.1800594276908669,0.7900481402512536,3
1481.3611547290338,0.13361142708836266,0.1695166964671444,0.7205315442856451,5
898.7402580524938,0.12432949730618931,0.15290092613322495,0.6943596314328968,6
2633.228470535095,0.14753885249347154,0.19133729413370015,0.7136050383960073,4
1056.496265494646,0.12896688705559425,0.1627852569485186,0.7743593624256346,5
4707.461072122231,0.19307815978709186,0.2768829707507393,1.0220331530580837,2
2905.27534595316,0.1607895668985293,0.2190544527635211,0.8770545486819061,3
3276.8391480133087,0.16332362111816112,0.22200217145127682,0.8399926343209961,3
2015.3555696477229,0.14883106039242203,0.20020223272385917,0.8883553913831136,3
822.2288142729464,0.1278360144226099,0.16411914301788783,0.8807143714583597,3
798.1413449962972,0.1231095153475508,0.1512848106425736,0.7034428248903392,6
3690.4542724144185,0.17722965822940753,0.2494385250807682,0.9739451282124899,2
160.62676918403122,0.11323580282469264,0.1357185444110656,0.7833120900367826,6
2652.9076057393495,0.15522250260528386,0.20872616499327706,0.8380658709277758,3
1733.5749085262157,0.14874938474495142,0.20367393774286036,0.9877731481960272,3
3937.324297809556,0.18360307919047042,0.2619101609030622,1.0185371798909304,2
4346.989186243227,0.18874227856913428,0.2698863814926881,1.0220331530580837,2
528.2155893773038,0.12083518719291539,0.15025250142316515,0.8184544507583638,5
721.6595455241427,0.12591777761508643,0.16082110394545457,0.8838194535192996,3
725.886195779556,0.12837277434609862,0.16834338906628543,0.9643084864593047,3
-64.76560211159403,,,0.9530226313680288,4
1961.1433155685454,0.14500198150553847,0.1917699255904154,0.8245345155648162,3
4694.915528205993,0.18301318688945686,0.2546238112150604,0.8975962445727229,3
2722.6115248883816,0.16419209804553248,0.22942618606357432,0.9680808590465135,3
1698.9672796582515,0.14884446646792646,0.20459960967746163,1.0026122462557212,3
2650.155103170025,0.15912202224253635,0.21773219561036972,0.9057823565998496,3
3750.4837750351726,0.1671252250708676,0.2265424621786224,0.8202416744694896,3
895.3740904698318,0.13030253945489678,0.1697228629522215,0.9174482248183023,3
7604.215963451599,0.22084304271338628,0.318671531997461,1.0220331530580837,2
3103.152999596007,0.16385137388961088,0.22443917399941715,0.8831861762475255,3
-11.534841373675036,0.109773652682361,0.12899385277396513,0.7567416277309758,7
540.5615960832761,0.12196791360620413,0.15343029343202944,0.8711037337191574,4
958.0100643425593,0.1300704459691587,0.16762584397038155,0.8676767468896271,3
842.1473740164369,0.12922136433353448,0.1678495879667026,0.9168942865340691,3
1003.4130332738758,0.13473662687374605,0.17992760148154055,0.9804038993741793,3
3302.862553491602,0.1737322840374873,0.24506010549412172,0.9968538486483033,2
6200.42352300071,0.20845611978893436,0.3001827654959927,1.0220331530580837,2
-1.2281355086338692,0.1099765496363489,0.1291020910828593,0.7425030012138313,7
3667.990151518712,0.16629786489438633,0.22533831275250124,0.8211082442468975,3
1663.9035459492782,0.14225831552003,0.18846016710758706,0.865970092118653,3
2917.1249114716957,0.1587630178350083,0.21446063942312324,0.8405168014302666,3
2487.664633881845,0.1526984846114829,0.2041592827663408,0.835361373890982,3
-482.0770673289506,,,0.911002143304408,6
2809.031881388176,0.1623090127621254,0.22402650887561326,0.9168420912012993,3
925.6723812263238,0.13139893283487258,0.17205192160727165,0.9361612568849135,3
-939.0468226037267,0.094682899301597,0.10012499895074146,0.6163402515413781,8
-269.5857754094316,0.1045132069403735,0.1194552326574922,0.7594315888113865,7
227.78659084507078,0.1151344430214522,0.14075352141953776,0.8556787468170313,5
2192.298365334463,0.14321452631593276,0.18562734370607362,0.723543545311277,4
1460.7261277529583,0.1337785125894698,0.16982344891021056,0.73645061172139,5
4721.644051512388,0.19274661173894864,0.27547726078191775,1.0220331530580837,2
1778.6027073811804,0.14585884157604598,0.19600724786469073,0.9037908645939634,3
3538.605181452296,0.1690909395419112,0.2328747566691163,0.8780327954224654,3
332.89346531977174,0.11679875966556214,0.14249199967289317,0.8041490334143486,5
1478.4214486279618,0.14087305010480125,0.18786828372522002,0.9039350533235504,3
3769.624645710964,0.1721645884888858,0.23744248782822985,0.8881963966296642,3
1288.8609830734729,0.1384266454139834,0.18417410988186023,0.9344773281153014,3
4076.459707359619,0.16585960056063415,0.22179881640004173,0.756382807416652,3
4255.189630756593,0.18754525428712443,0.26783372637873976,1.0220331530580837,2
2431.4468797094737,0.1573576876556217,0.2159210154331959,0.9300405597411064,3
2650.9676375995255,0.1658729857350409,0.23365411642735132,1.0220331530580837,3
6871.703638378677,0.21366599978591688,0.30737375286043966,1.0118625817497757,2
5686.820592598287,0.18789875006550583,0.25958601026250094,0.837979539664882,3
1989.018595090118,0.1458239999452417,0.193204200969194,0.8357561878381978,3
2677.780771529438,0.16028408969259553,0.2204912299457647,0.915294038026764,3
4131.664740147388,0.16577892186878673,0.22128271904330174,0.7484771003541382,3
969.6449548276818,0.12634952709449862,0.15761822979038698,0.7247541729616565,6
3715.617246948599,0.1712902023621609,0.23593446653139838,0.8845600092938658,3
3160.0317292139334,0.16201717976773578,0.21963162728134195,0.8458465243969946,3
3655.296553732752,0.17420681808180236,0.24321597345733606,0.9333261879639719,3
741.820727715467,0.1244763634730589,0.15621687232141995,0.8024216748425248,5
1703.3606184881053,0.14989234147906247,0.20744186451884158,1.0220331530580837,3
-1457.637980819871,,,0.6812856374678299,9
1920.003249049592,0.14055093870174462,0.18135752303242048,0.7468023758376005,4
2806.8315789623975,0.1685069383824157,0.2385091356794874,1.0220331530580837,2
2885.1070885269714,0.1667713780649137,0.2331651192289428,0.9783437749232616,3
5764.146488693329,0.1873043930449058,0.2577296658702835,0.8258587076995766,3
4142.37287467331,0.17866808814478644,0.24903818959028287,0.9185108196834968,3
750.8529152856412,0.12484347539857485,0.1570673593887477,0.8117193018171336,5
3267.871254668096,0.1683276060546632,0.23300787404041337,0.921233947248453,3
803.6294632981081,0.12323949798201286,0.1514043476659936,0.707632494714073,6
2704.339643973036,0.15796581553604488,0.21438001957521918,0.8750102064672064,3
908.9352263973446,0.12271248595616277,0.1486004402201616,0.624231199309274,6
1960.3925726179727,0.14378625748377089,0.18839617152043503,0.805146290474699,3
2175.419156112141,0.15823215102282126,0.2212507379572344,1.0220331530580837,3
1441.0937495530704,0.1305078285060972,0.1623778434282941,0.654118814245877,6
1451.8877392403908,0.13431991901416046,0.17146052510906884,0.7511335579657159,5
1595.2819084674961,0.13961818601001147,0.18269102105441565,0.83062452888863,3
8647.313266146706,0.20718598087778448,0.28650299053551864,0.8002065212651165,2
3586.9778887470984,0.1793614781227916,0.25548111388525285,1.0220331530580837,2
5557.089441842118,0.20182703503605806,0.28963857771086626,1.0220331530580837,2
2035.6438896829045,0.14867106863475793,0.19937054887232078,0.8811637604467816,3
1910.6141259444457,0.13944304802453195,0.179161806954653,0.7222495254634804,4
1197.821263217114,0.13310015091965394,0.17163903461096192,0.828816924466795,3
2367.2959236595702,0.14324808940341432,0.18391816928196933,0.6896019314446967,5
403.20286071147495,0.11718059390095735,0.14156494977214606,0.7280921502172083,6
3983.064288779627,0.1736004581713132,0.23911470353195907,0.8735045258577454,3
1388.456677462084,0.13301411565080343,0.16887336562540442,0.7422399404816116,5
1485.0944291356332,0.13298700710083725,0.1675952444780706,0.707852101568395,6
4206.873092639389,0.17676226298399345,0.24415682960716373,0.8859176546881851,3
2372.3188890628307,0.1547179597274408,0.20986722900597668,0.9026429836343346,3
975.2191457809524,0.13014594644300814,0.16752739855219262,0.8589712579893664,3
3563.730282960596,0.1790757837941783,0.25507646162732267,1.0220331530580837,2
2398.008299126723,0.15209678671089938,0.20399447817217156,0.8423015315216058,3
2968.1659943990294,0.15637970509978916,0.20871674540776436,0.7919808499530121,3
-460.1993651191481,,,0.8513425973779967,6
1232.9654305484626,0.1338600379050149,0.17300174057563708,0.8347598769267469,3
1013.2924786283987,0.131500034515193,0.17050278314509343,0.88137679302392,3
204.28909839113985,0.1159014595495137,0.14631683118932415,0.9622963855305525,3
4131.984551144924,0.16188244665468127,0.21344034280882626,0.6941133413755267,4
3119.14028075056,0.16621044057601467,0.22913759308248702,0.9223221522484605,3
1476.4369057608212,0.14282796057559607,0.1928361365775345,0.9551671464778164,3
-1190.5001567411423,,,0.7243545198355419,8
-1524.8970533197119,,,0.7638568971424647,9
2119.5269811717585,0.14817587718880537,0.1975492593555828,0.8431705999650588,3
6860.524735868456,0.19305324226488665,0.26492608522057703,0.7865739707118884,3
4807.489445644758,0.19424981849242617,0.2787691706987971,1.0220331530580837,2
2466.0060483093,0.15531769126700973,0.21059060052575662,0.8860060173420379,3
3116.4071812520115,0.15423807189590663,0.20303981071956514,0.7307919100696678,4
-100.6544271905276,,,0.9220261059332053,4
2907.840016373465,0.1689480776019991,0.23815257222158837,1.0074374348628132,2
2643.0404126061944,0.1566178010019939,0.2118231129554261,0.8664409649823208,3
1317.024413988354,0.13633962470621555,0.17821963658479945,0.8636007337212394,3
1240.5873776096346,0.13274991603339004,0.16992502517914543,0.8001013729472035,3
1977.5664945545304,0.1548837511787497,0.21586727249850815,1.0220331530580837,3
4009.303132416389,0.18466800699725358,0.26359067857629276,1.0220331530580837,2
1306.8015942656334,0.13289422213219954,0.1697573673845909,0.7700273702230963,4
3228.7139245434546,0.1742378251499759,0.2470694756913872,1.0194474115049446,2
6428.531668284315,0.20404202034387714,0.2888420712624793,0.9541273760112599,2
1696.4795189730748,0.1497073588269814,0.2069660673485487,1.0220331530580837,3
677.3721229571004,0.12233015580322901,0.15102313038732978,0.7591434470378473,6
4574.583143902306,0.17680858979028932,0.24210737024877751,0.8340982310292473,3
1183.4616372391363,0.13323179893486664,0.17229984346759014,0.8387991566766241,3
4861.101550881143,0.18009396706238479,0.2474169572702522,0.8395909576143769,3
3187.8857768260814,0.17415591730868984,0.24775259971866037,1.0220331530580837,2
4922.255529421206,0.1942519523117881,0.2779343206562771,1.0055820108847466,2
1949.9345504437674,0.15011756599506043,0.20440876604116054,0.9332193968726824,3
3213.062437621597,0.17100139347585352,0.239693715278554,0.9728428105127358,3
4064.2304635344185,0.17721592923862778,0.24649751605538772,0.9099686485296494,3
2204.9509863132976,0.14937398846159344,0.19915783389951686,0.8463479567371697,3
124.7787816084478,0.11242866846669133,0.1338528061742182,0.7608963646898633,6
3967.9368118033194,0.18443263241351815,0.26376343280717274,1.0220331530580837,2
816.1641698818647,0.12761016848444343,0.16353661750708853,0.8771126943568012,3
603.5707881765358,0.12183810049345997,0.15163257529093244,0.7929676408024529,5
5268.805166522793,0.19697801713973606,0.28116763382422505,0.9970193456127127,2
999.902544357092,0.131824881974444,0.17172129510145168,0.900000319324475,3
3712.246211455373,0.1668040613030825,0.2261993315754808,0.820637300092711,3
-896.0092614368959,,,0.8419161748783467,7
305.3196412880512,0.11618898463602823,0.14129997800846467,0.7971244728510749,5
139.3980573804952,0.11322205274564115,0.1374105924400283,0.8644909090448397,5
707.9615673767464,0.12638330453855814,0.16269180350573154,0.9151237347379808,3
3556.2206762376936,0.17922408441363588,0.2558084363419766,1.0220331530580837,2
2326.615172054402,0.15120800002196125,0.2024428675067611,0.846233166289363,3
1976.6881140942603,0.1471327886493782,0.19671478649543134,0.8638527628835114,3
2090.565025075254,0.15609625299994156,0.21729845931004096,1.006661826618622,3
2833.1737413697824,0.15547867419127212,0.20743998170873967,0.8074738852477419,3
123.27396692351752,0.11228086024857478,0.13300071893845594,0.7335452153098972,6
2540.409776763392,0.16055440728414402,0.22202981684749828,0.9608435142250501,3
2359.415914723458,0.15832528238370291,0.21885756428018793,0.9699718301571558,3
2519.9329595981885,0.16118345845134172,0.22399906437058237,0.9749433120015606,3
4022.6472503199298,0.1846266962003938,0.26311895497201476,1.0220331530580837,2
1439.2254336389578,0.13069885667591735,0.16271112003287275,0.6616727468726876,6
6687.459538557505,0.2041437739824687,0.2874411529483042,0.9328481966682849,2
2652.5695040488217,0.16409477791303292,0.2296645287948195,0.987900628886752,3
1640.2266707337392,0.14861754673474942,0.20501993057478102,1.021933960185738,3
2504.3961126011727,0.15829381985877272,0.21756593342979616,0.9249262227079822,3
802.4660008698509,0.12961562419577613,0.16990459079534045,0.9565365819070446,3
223.56007001182357,0.11398918030354255,0.13593632589017945,0.7162779454874819,6
1083.9602182986164,0.13747633201210194,0.1861084890973871,1.0029542350797136,3
2701.6293176076856,0.166933922568569,0.23602940812343154,1.0220331530580837,2
3320.721782470794,0.16164771387057045,0.21760096258221895,0.810903256849322,3
1784.362426696346,0.14519527444299463,0.19410359298653934,0.8892758139295707,3
1211.6572510671997,0.1358802632812513,0.1786533911836159,0.9038024492142048,3
1362.0817346422016,0.1351332647416712,0.17452048270060916,0.810012318292278,3
2646.552621380502,0.1562455322185997,0.21091661016180296,0.8594209947449434,3
1935.967459837752,0.14726340300949237,0.19731261552260548,0.8817891707144875,3
3224.856020323751,0.1742483907529277,0.24698672317390447,1.0220331530580837,2
2733.7092571577564,0.16718493888320157,0.23588352921033223,1.0220331530580837,2
3280.629860355671,0.1712945286977629,0.23945230289355096,0.9662846921678139,3
2034.4336363753819,0.15583317004038694,0.21754106704174775,1.0196448114112104,3
2030.8902332008809,0.1471096977538764,0.19631323713692836,0.843626379281519,3
2899.708429590112,0.16962989911207843,0.23972147172244151,1.0220331530580837,2
1901.5373161031243,0.149361659314036,0.20330553642015736,0.9326229034809147,3
1140.8070383970046,0.1343691300248793,0.17590958512955696,0.8975142610344449,3
357.2998438207733,0.11823159802033847,0.14702264663374087,0.8809054235597809,5
6025.364396980052,0.19014417077196416,0.26269555748658613,0.8284392699909491,3
4286.275100813851,0.17968653975813148,0.24961067536351042,0.9170061298298532,3
2231.4772452434668,0.1559837211643753,0.21494823008906683,0.9618393206425723,3
2153.303739858801,0.14309541997099584,0.18524498040551407,0.7359567171200097,4
-268.4264862565971,,,0.8883863739813683,6
85.73417386119907,0.11154927034585856,0.13145298009221731,0.7181800318413346,7
1341.5895468813314,0.13873497744079943,0.1840589563846152,0.9168247528004776,3
2323.8776762250736,0.1530634721075331,0.20712884848471733,0.8780260673503538,3
4711.725263817768,0.18281910126561346,0.2540706475218031,0.8932112887669925,3
6682.228586609796,0.19714793015828036,0.2737591846114811,0.8481249101021965,2
747.1489584234589,0.1275485431575362,0.16523440685814428,0.9290636742379429,3
439.205785125468,0.11975308015444174,0.14930815120696944,0.8643170292275497,5
1728.6375572393304,0.13640989850182458,0.17378016752099945,0.707038108455519,5
4166.06676803391,0.1666551459217317,0.2228584796837822,0.7563916361199423,3
-973.7865863148818,0.0883130098617585,0.08849448760029192,0.7556627371010709,8
3864.706748911894,0.18299752233670002,0.2612629099334299,1.0220331530580837,2
7838.993698908314,0.22239181781287698,0.3204237537698646,1.0220331530580837,2
495.3033665816117,0.12068184128911527,0.15061425053700084,0.8497255377826866,5
-650.9353564083744,,,0.7864233182105435,7
1732.2629626382547,0.14685762211011028,0.19925387862385835,0.9420680455357842,3
2323.5662521898107,0.15770052091056644,0.21805329932649334,0.9659000980797465,3
2524.687872999591,0.14681099150702723,0.19069739745373226,0.7207270609891978,4
2865.2557455679207,0.15545439261504732,0.20756565165793286,0.7958222019068553,3
-304.9473471542636,0.10381177848262269,0.11810954250377109,0.7554249166916434,7
4597.104755527378,0.18493550822604451,0.25977820964471904,0.9318776581430902,2
1399.6364006868134,0.14094005596698483,0.18926742853000184,0.9421847795980041,3
3871.940818388011,0.16455475579114143,0.2201927861658987,0.7670514243043223,3
878.8058159258549,0.12968681906131685,0.1681624357403052,0.908850078323274,3
1718.4083891776477,0.14705599939334207,0.1997588188765803,0.9542431506960192,3
4522.13589476468,0.18882798020922567,0.2687282238759508,0.9955009033085446,2
4826.748935715233,0.18794023489854228,0.26455872626102067,0.9410345445237487,2
3895.3574692196103,0.1655639852162495,0.22244064629339846,0.7750184477337776,3
726.4211543248404,0.12935379590817322,0.17146771373190856,0.9869664115388253,3
2593.4575362964442,0.1522780290692026,0.2023902197361167,0.8021785261134863,3
1706.0377043849667,0.14765730462513604,0.2019296677819512,0.9673391482334601,3
1073.4444838570876,0.13326493625272637,0.1741724201514444,0.9022039336886245,3
1187.2055318700834,0.13511900855746725,0.17712695023510608,0.8941494319950604,3
2671.9347959995557,0.1591909823217066,0.2175113533459808,0.9035241253971812,3
2366.755740490582,0.15576597968256464,0.21343456870454247,0.9119602448854933,3
1364.7459511193713,0.13980178634192272,0.18662276941340677,0.9322568441203698,3
2404.9147682912585,0.15787532948761512,0.21723477918239958,0.9489898035656402,3
888.7471955085682,0.12506782909863434,0.15507237603651453,0.7282396861501234,6
2609.1520948509237,0.15659548632602313,0.21218898882834766,0.8729616497012356,3
4904.068218239627,0.184564486502859,0.2565018162036722,0.8916122055004202,3
1618.6426957274055,0.14548373622401423,0.197258381354186,0.9587687516551237,3
2150.92744558392,0.15278806340966192,0.20794118716257798,0.9275165748313347,3
4041.984079072359,0.18043356231391958,0.253738144106319,0.9583015501689838,2
1638.4302345693964,0.13843551793888775,0.1792628183056877,0.7870173907800594,3
1990.4838957865882,0.15255231934443142,0.20952459177569832,0.9735044558125618,3
3608.241580232153,0.17966202622428684,0.2559941609117231,1.0220331530580837,2
2729.4113628029113,0.15817516301221984,0.2149844367442711,0.868906395745737,3
4576.52973290808,0.18291225105867856,0.25530506574832545,0.9109729877943263,2
359.0598331028642,0.11917088769305337,0.15058161556298733,0.9313716723923882,3
-884.570523312527,,,0.7710711661568902,8
5996.014089055726,0.20598314504331938,0.2956100241164677,1.0220331530580837,2
4132.249195405626,0.16242399222765022,0.21443153083419023,0.7025554712373289,4
895.3326998568544,0.12590581210652096,0.15728510165045,0.7557749474770346,6
2499.2423304474455,0.15991210724978375,0.2213311008687015,0.9565432326427483,3
2090.007192100144,0.15221249446603913,0.20746559891413194,0.933096222443144,3
1418.2713013583348,0.13637988691416467,0.17715564128338887,0.8163019771949747,3
928.2623320147726,0.12799832174114273,0.16243197720905306,0.8132416446071197,4
1544.1618117127257,0.14400165798469974,0.19438152390321192,0.9573240935428861,3
5003.821423511172,0.19666801485673208,0.2829156808140398,1.0220331530580837,2
2913.564510957683,0.1469674348109038,0.1885034449740488,0.6516330187805326,5
-194.66407784764027,0.10602590832722855,0.12233186905596087,0.7662750380571584,7
4439.5539777387385,0.17720867766292941,0.24378884154684785,0.8570010174676223,3
5080.273629867045,0.1837921654811908,0.25435874853828866,0.8547337311755691,3
2154.610366945918,0.14647776461051767,0.19294374420805982,0.8030477252061351,3
1702.1204527326179,0.13953043591973258,0.18129278643227736,0.789697270210728,3
4255.948837828849,0.18808640092320278,0.26967054729175294,1.0220331530580837,2
3505.034936810972,0.17110799392748963,0.2370553387110704,0.9201351918522852,3
-137.36722392218002,,,0.9026060646878511,5
2940.707960948911,0.1626316699111158,0.2232363307270134,0.8960528377971706,3
224.53383019391595,0.11451810423614009,0.13813503749188383,0.7864171507287109,5
3840.86525582583,0.18271969728921247,0.2608777080142317,1.0220331530580837,2
3759.3661976840112,0.18194454740423682,0.26019039273305683,1.0220331530580837,2
4934.682080670277,0.19063498780087684,0.2694164884502243,0.9637605146076031,2
355.18867103807196,0.11788376469248762,0.14573211361239377,0.8573019687160007,5
3548.7261596835096,0.16217280654282154,0.21729083172849645,0.7796935391351212,3
2962.78757851241,0.15031525506619808,0.1953784550600176,0.6971588227833623,4
1665.8239331535306,0.1442664248151232,0.19343402644517482,0.9118615029898044,3
3778.7983602648296,0.1645587368308043,0.22083365886919643,0.7798730908864834,3
4698.879541842252,0.17517382474925397,0.2383908816893382,0.7931209902682398,3
1599.494356423212,0.13887855892662632,0.18075472384007302,0.8120523825836018,3
655.6938143172155,0.12452065910711102,0.15840193678086512,0.8790113951607891,3
1351.1952631910224,0.1392925178239239,0.1854187169345096,0.9264249152744567,3
2660.1307321986224,0.16595153395883244,0.23409937230753713,1.016941056426361,3
1142.339215291752,0.138740651117314,0.18836548845938528,1.0056682626237898,3
1518.970707896586,0.138587639011621,0.18113898372139378,0.8344785798366477,3
244.66522997673465,0.115736308932992,0.14246924510680403,0.8827285021502321,5
43.42602897520388,0.11112609673391494,0.13493454033086894,0.9063035917629778,5
2425.0534023280416,0.1499925529909888,0.19882233972857652,0.7981729650291606,3
3145.529829622694,0.16542852564298305,0.22749353426806918,0.9009655424417212,3
347.56513553163205,0.11946717472028467,0.15239522939446037,0.9553663229788645,3
2734.1043872104087,0.1603284177924252,0.21942563164157033,0.9093301771980334,3
1722.9992710381111,0.13939443449553443,0.18062686144148757,0.7809493938962455,3
1242.246336375801,0.14039956754613742,0.19069964563641406,1.00189163761908,3
1272.2870884103324,0.13522798013391366,0.1762774996037479,0.8507342289132861,3
3779.7917089115326,0.17231069398949325,0.23820673435475337,0.8828524925257196,3
1632.1379865481674,0.14639697666252685,0.19938061626708073,0.9744877171342654,3
6828.2498308012455,0.20387305780832324,0.2865384633616486,0.9127553080687906,2
4191.690491623286,0.1871589520298586,0.26795007253094805,1.0220331530580837,2
3658.8284209586636,0.1691230942185029,0.2316160090478661,0.8626843822839733,3
2688.244823269107,0.16653850455822977,0.23495228382198555,1.0220331530580837,3
2313.359532394707,0.14596524939888703,0.19029228519339086,0.7538981802179232,3
5171.369755942588,0.18686793877295715,0.2598014496154064,0.8873812140133451,3
5222.914705435417,0.19331464307379065,0.27425594580563495,0.949041418216605,2
1042.0044554437895,0.12786660190681687,0.16015129399766015,0.7446544042766781,6
1836.2121834215525,0.15180920792327016,0.2100829261955368,1.012175615599329,3
2746.846921308007,0.16452828205074183,0.2295238616796269,0.9726984696943823,3
3006.4203908746786,0.17135110009912746,0.24283761260558095,1.0220331530580837,2
3417.0551976868487,0.15723287901882943,0.20741301980069687,0.7292872207375279,4
-413.092360417507,0.10276135963631532,0.1151958502683556,0.6739779075630101,7
2144.543796325237,0.15784290980827792,0.220957897302651,1.0220331530580837,3
4600.2797296255,0.18883963438947826,0.2683393652361702,0.9820150867130691,2
1715.7908068129752,0.14323527060641938,0.19036142202276102,0.8675079086601567,3
4498.5516801454205,0.18411027893653226,0.2580792564545845,0.9416142682076118,2
490.2583542465753,0.12107506443016974,0.15210216197410775,0.879877444941471,4
500.4169721431584,,,0.8905704759893004,4
1617.7573862829688,0.13981885915627576,0.18287540703586275,0.8274438660629064,3
214.23453910930718,,,0.9538022518620654,3
1253.9717290272276,0.1349641860557313,0.175830687754933,0.8527156838719802,3
2307.816248732152,0.1604906110907905,0.2250958020304097,1.0220331530580837,3
3845.896606875135,0.1759520156013423,0.24533333344988936,0.9280249684171108,3
4261.322635268224,0.1879288582349546,0.2690140866478032,1.0220331530580837,2
1619.1264280912294,0.1441761756175765,0.19398732360241414,0.9270757492279604,3
524.4823196916761,0.1230331149722588,0.15756455955051935,0.9365479249996842,3
2322.269465482482,0.14683995656469057,0.19225297748271258,0.767621996449486,3
5588.372153443399,0.19109446277361714,0.26700225906970443,0.8833265401854221,2
504.2122751643658,0.12104786181189414,0.15153105866811534,0.8611322362823522,5
-388.9076280500285,,,0.8641121146851969,6
3342.6955220731497,0.1761270445178525,0.25049422603333377,1.0220331530580837,2
3235.660228940875,0.1746619481798007,0.24820987393504768,1.0220331530580837,2
3320.1248132723867,0.16860143907715613,0.2331016471674957,0.9159972829656535,3
2831.8690159795465,0.15817030422449538,0.2143846170591132,0.8425223006221448,3
3058.4920704140586,0.16460663998987005,0.22644645248255985,0.9053120191152048,3
1661.4811902034016,0.1474810138616704,0.20154541747324403,0.9886761107154285,3
3297.045962441229,0.16824445081447267,0.23329686714605485,0.9060027727900051,3
2454.129018776173,0.15683970402606065,0.21422231378710424,0.9170761437907693,3
153.19727368924168,0.11309929029066554,0.13549789666503792,0.7855138384815984,6
534.2133125503782,0.12048946779495967,0.14897861918780114,0.7916946165874421,5
4004.586709039185,0.17906564181057552,0.25088794226649036,0.9465999490726171,2
881.2423253391925,0.1290076465670609,0.1661595868014047,0.8821727736724047,3
1328.1439010001345,0.13587342076098138,0.17707619032826183,0.8428007988102183,3
2734.7716002481757,0.15557236510439912,0.2088488322257035,0.8254661973585027,3
4251.821400354707,0.16294600135515797,0.214904996885889,0.6950854565641524,4
-486.66305407077533,,,0.861614591615803,6
-813.3743196499634,0.09273608250014151,0.09712418912167779,0.7438015439235031,8
1195.6130887843744,0.13979783605227575,0.18996669840125835,1.0056891952230997,3
4829.720080356978,0.18944524002436086,0.26798489507891654,0.9578324482565956,2
3517.361649950123,0.17836386302769827,0.25376090148893127,1.0220331530580837,2
3005.520960190268,0.160775501885837,0.21800478196928455,0.8576667443598799,3
-340.98420556347287,0.10245158034886119,0.11616480447246434,0.8001067658865554,6
877.8495323464592,0.1328495372252292,0.17770432030520172,0.9926895518091666,3
1188.7615274131165,0.13378585589380237,0.1736228912170191,0.8532379270690631,3
-1.9639883368724895,0.10995805053153164,0.1302390080325495,0.8049732774789556,5
2914.8529666191725,0.15702266205253182,0.21068476647760687,0.81141956758671,3
4405.060930639301,0.18915996882933545,0.2700274745981006,1.0220331530580837,2
3460.4106215577413,0.16135179824559603,0.21569194442890882,0.7861611002431921,3
2172.597371821204,0.15073564877420723,0.20333244434186784,0.874888019250026,3
3128.6088157910913,0.15905678384224303,0.21322689206390352,0.8064591643806884,3
2103.723007886932,0.15025660624278322,0.20244657412258674,0.8916009210309319,3
-387.47732543464815,0.10088177139846269,0.11355833806992449,0.8305210695212397,6
-1620.2736245650046,,,0.7480975258957778,9
3956.1691187809024,0.17547165997293634,0.24359961040572667,0.9014112739880262,3
3315.1010527954822,0.16342578962348858,0.2212612158513366,0.8418685254939071,3
-259.7565240112907,0.10495084985195721,0.11992902174479245,0.7354120191806245,7
731.5785115618555,0.1263609322753837,0.16204354106557733,0.8925216337671923,3
3153.7049738498145,0.17366897176470958,0.24697158842609496,1.0220331530580837,2
3168.695756184694,0.15888071366334777,0.21249900546135905,0.7969185616238581,3
3055.308401098867,0.15246549229832462,0.1993232163978973,0.7165984660803237,4
695.5079849948303,0.12206360564123317,0.14994468782824702,0.7314060942637419,6
526.1263911368648,0.12034458390335205,0.1486907259077271,0.7925853859851818,5
2000.9333964187294,0.15516972191435346,0.21601226985767427,1.0220331530580837,3
2612.1821785365814,0.16168238140280666,0.22430605169029147,0.9575855952546731,3
745.6493290141337,0.12800641449020986,0.16655854865748554,0.9457840727022849,3
905.1239940735196,0.12917047706814633,0.16619434657477544,0.8705428259429439,3
2733.747722537605,0.14729552636117663,0.1900053392277187,0.6916233067392926,4
8118.747424397504,0.22406279085498682,0.32231427811493635,1.01909917928351,2
1986.4999795149638,0.13639563914457548,0.17143280336367756,0.6400141192242212,6
1754.9360405665725,0.14631636387821348,0.19733311424970457,0.9241962535077636,3
5269.191759080481,0.19526199888514384,0.27747073482532864,0.9753191138338854,2
2164.321478621117,0.1455031639191475,0.19086176005876043,0.7782671689730083,3
1843.5597096221163,0.14046551301853472,0.18168959908507534,0.7696962314857259,3
4085.358338927804,0.1689960046614033,0.2281444503989406,0.7998354046069736,3
3891.972894214669,0.17995989489418207,0.254013303911779,0.9756679322347532,2
3299.389161450177,0.16171144839008778,0.21780614667113696,0.8165715934566529,3
2097.60997529242,0.15624683458427174,0.21708089840212774,1.0124178034908122,3
3435.4592297795325,0.1741825557755874,0.24458707937264987,0.9794713141702341,3
-30.00160589227203,0.10926260796322826,0.13050105678885307,0.8815232740052383,5
3226.9074624509994,0.1718435823349864,0.24153834072385513,0.9825914652258619,3
1935.6749788323768,0.1413836458246806,0.18349184758590134,0.7559791338708618,3
1215.324015706337,0.13759398760248587,0.18332566802928346,0.9498860065305139,3
5402.150593978922,0.1903134661831246,0.26563702467829,0.903487613396968,2
6246.229862587728,0.20556661381806407,0.29307155488531855,0.9909125529703791,2
4462.728477475246,0.16965287633056508,0.2275791511539865,0.7575830408068478,3
4388.837577722292,0.18463869186180093,0.2603225979251874,0.9616555267235378,2
3981.6254996226166,0.16443459406109467,0.21964087146698147,0.7465905995715213,3
1651.4492320614293,0.1372198978610868,0.17614670761104212,0.7543092485309718,4
3869.5721697784306,0.17670470860266502,0.24701729851185514,0.9324637371006068,3
386.49024494123626,0.11874719016768726,0.147683423055787,0.8723973848258819,5
2278.8341706512815,0.15544085348556108,0.21319693087061753,0.93609576709973,3
2320.4289030455902,0.14917974265690648,0.19765051889044116,0.8115917562262959,3
197.65178541734596,,,0.8979422994825746,5
1464.190364096989,0.14144630432983835,0.18922782814261158,0.928755783063712,3
2492.163458881498,0.15481982276032796,0.2091847522442549,0.8703830890290182,3
7696.342284786225,0.22083381089905746,0.31750989939719165,1.0220331530580837,2
1765.313341958768,0.14461380786915476,0.19271512128943868,0.8853803122665044,3
2812.4088327061245,0.15491609539130877,0.20657955380302154,0.7998729111472259,3
525.7679400514289,0.12145340405995741,0.1521887389200856,0.859259452519647,5
952.7857807133719,0.12707583815536058,0.15936595906568984,0.7667544529947351,6
3660.0606727105182,0.1732890338917059,0.24073064820404397,0.923545679714223,3
1427.926943493634,0.14119966509724693,0.1895802063005249,0.9342081102545616,3
2972.153182277332,0.17089111541590685,0.24218751628795873,1.0220331530580837,2
1889.5766899086157,0.1486394092116826,0.2011831597541459,0.9272310842269578,3
-1677.9020625864005,0.0763015588473536,0.06499516689827944,0.6652570865793798,9
2565.4324658510686,0.1541250029734329,0.20665541451107855,0.8428781958684973,3
2748.2748678380804,0.16292161007713735,0.2252024921428529,0.9508664295131857,3
2005.03562248334,0.1547052984217772,0.21502058997466525,1.0085393763772985,3
2099.2336362722604,0.15707744894580175,0.21971694051753726,1.0220331530580837,3
4099.033865293318,0.18311158403457742,0.2594257254037074,0.9840272891254199,2
2715.7147956332083,0.15302857403485182,0.2031697117283329,0.7876953777088516,3
2774.3436098666525,0.16207950631087448,0.22302298255344793,0.9299985044759124,3
4157.7810645752015,0.18529510278876843,0.26406252817541825,1.0017888937242378,2
1476.6385197305988,0.14399880048822528,0.1956975039174722,0.9864811916727382,3
-353.54024656094595,,,0.7998876000105976,6
2207.453763606392,0.15153210827756997,0.20433233317780838,0.8860517525499687,3
2649.6079930166356,0.16199722028450203,0.22437227745576827,0.9564295648916948,3
4163.030468557464,0.17870421728321165,0.24907151209008593,0.9146787415918626,3
667.3800745557644,0.11985761932332938,0.1441345984186228,0.6432766575162726,6
1141.514663124579,0.12925216182029547,0.16250610323295409,0.7385223011472593,6
-868.1540643945369,0.09255403745501102,0.09665578438889501,0.7132207527522921,8
1977.5878797905445,0.15485088020504917,0.21572566764152729,1.0220331530580837,3
3283.2609233276544,0.1671630363376608,0.23075197299767758,0.894757604559767,3
2661.869592414183,0.16241446508392993,0.22538342814186768,0.9587870573637157,3
802.8698882227166,0.12575199017910565,0.15852889294528721,0.8118055997996247,5
1879.4755867247559,0.1404401019919988,0.18155476618376273,0.7552324380373056,3
3356.4952863946887,0.16397247281774988,0.22270328729500763,0.8368952053752065,3
3492.3150424739024,0.17572939772853713,0.2477527925078903,0.9898410114866556,2
2090.27019694039,0.15358468938202355,0.21074682078506154,0.960967315168986,3
758.4179197422751,0.12475539065899283,0.15658068433349398,0.8031316181463304,5
1416.3136333094951,0.13532034688450956,0.17430565196627873,0.792021300126892,3
3854.5264991853846,0.17135311651582014,0.23542998020238887,0.8589109054265943,3
409.73625747316964,0.11907388333647762,0.1479662848043518,0.8602540917110785,5
1380.8455412243316,0.1376348156018139,0.1805252407053558,0.8699027073771286,3
6665.680771454487,0.1961165314646678,0.2712390652071917,0.8436392815562213,3
462.8016327143062,0.11915291539617104,0.1465260602244598,0.7924774041866682,5
-958.7712610464528,,,0.8020535135687857,8
404.8209437461469,0.11915710956018304,0.14849218658528124,0.8731405758566768,5
2163.988572833881,0.15087788522760096,0.20360118629814683,0.8820647343141723,3
3655.751873618803,0.1710915084830049,0.2364034221885959,0.8868007230343415,3
2215.1865157284933,0.15666976048032671,0.21707341231522154,0.9771545423056198,3
6208.695627888742,0.20448539563776652,0.29128482933119815,0.9788931266198077,2
-1352.9746655475178,,,0.7929306374186466,9
3068.0949681826073,0.16882503512133554,0.2362503138308966,0.9679691083414581,3
3458.7366989562215,0.16140844574210858,0.216345337896928,0.7816818280841714,3
567.4815486280951,0.1227654733362215,0.15533628696030066,0.8823479764715324,3
1139.56548720233,0.13061632054050276,0.16613710885176264,0.7810625166950484,4
-994.9260783599636,,,0.8012910964205575,8
-199.9818215595222,0.10581303043727533,0.12219070735573044,0.7785150633886085,7
1176.3193769647173,0.13635490677779674,0.18062737395066514,0.9364440119234415,3
5172.076508471565,0.18198837226445902,0.24960444999160247,0.8272877730418666,3
5690.252792719206,0.1837103168626527,0.250856819346518,0.7900484014677267,3
2119.7261960089418,0.15738330183057767,0.22010440626181654,1.0220331530580837,3
3698.6400287134593,0.15726521567758028,0.20576981589019855,0.6903242723656119,4
538.4501015158589,0.1179952754893748,0.1410925372694692,0.6378895207272867,6
6548.195308677101,0.18838042859078996,0.25633904578098743,0.7672235112063926,3
393.72928442806204,0.11769854020490135,0.14357279927862693,0.7825636203754617,5
1474.0884720459246,0.1367488467819385,0.17707024800802182,0.8067165167178844,3
1393.5680066103298,0.13963612031948286,0.18547462377900956,0.9166073562604136,3
6874.505500289965,0.2027806239875645,0.2846769323419722,0.889644868893001,2
3189.317174888752,0.15710271975895018,0.20851174693307256,0.7653871960823049,3
1971.2294025442195,0.1537866783526624,0.2130206243266002,1.003901248235515,3
6093.232208719604,0.2070809784554512,0.2980121158150723,1.016274630923899,2
2655.0257316683205,0.16025463180576477,0.22012812315188057,0.926139263813699,3
2776.0601523494397,0.15422889273540935,0.20503012182525704,0.7991295600036235,3
3513.0353666600804,0.17568700501242349,0.24709080917891701,0.9889359745461971,2
2171.3356445814948,0.15197138569064925,0.20586507622174396,0.9041151939140634,3
2182.128456344488,0.15163810347976328,0.20541229892332924,0.8892097210355848,3
3374.511132105404,0.17550304621108812,0.24842098750050357,1.0093483698083114,2
3342.5854693987576,0.1758646374971249,0.24952423936847484,1.0220331530580837,2
4203.239730189054,0.18634008726721743,0.26579130725876904,1.011419719128784,2
-917.3595844224507,,,0.826241649707878,7
3486.174114111138,0.1641848543222295,0.22215969984299594,0.8183895487758368,3
855.6472550226589,0.12683622478443798,0.16056554064380177,0.8174483432264709,5
-163.91518353369477,0.10642772950918701,0.12370001063409293,0.8043692215301433,6
1651.313026641021,0.14587786067477287,0.19758329743053768,0.9563211770403516,3
4281.059459335244,0.18560730556519053,0.2638145809753042,0.9854356299392212,2
2876.0662216442242,0.15769665124389579,0.21243160884223475,0.8312165986791277,3
3101.890947202537,0.1652739531522457,0.22797749318779104,0.9023870586761202,3
-160.13052579787202,0.1067079042968544,0.12371348201104414,0.771554663361089,7
-679.0992970888922,,,0.8295618258853489,6
1583.3679660237951,0.13551455024526154,0.17310517316509505,0.7319144613143118,5
1163.1895964806529,0.1361063177891993,0.18036101471952862,0.9350253230588158,3
1630.546495754494,0.13697143404288,0.17585270319759733,0.7544158451821859,4
-1158.6826539099839,0.08859403379997277,0.08900843395331325,0.6588816342635527,8
2911.14088995254,0.16030123888731398,0.21774248611654917,0.8694619492365264,3
2521.4166516968357,0.15209110110872645,0.20243687054062323,0.8168827690504074,3
-528.652058293575,,,0.9165215805056393,6
-711.7668617959321,0.09422236686477847,0.10014851426331008,0.7729625626542611,7
1274.1454344449303,0.13157426858751933,0.1667398999867146,0.7479457032249676,5
3623.112741468464,0.17401442332111403,0.24282604341569825,0.9388183176633135,3
2246.1978680232655,0.14803281582389904,0.19585768726556124,0.8070101049793668,3
1188.229952665788,0.133401737823533,0.17260424891792353,0.8422967159142087,3
1845.1148810163752,0.14334759470111752,0.188767841810477,0.829388422777169,3
5350.914499305113,0.1803027975951409,0.24574524688287053,0.7818913295309114,3
1191.63452348324,0.13256628067765636,0.17044358479215588,0.8146451328008053,3
308.2194461155622,0.11728036531330874,0.14556684677863813,0.8932413610301358,5
-370.82910964987445,,,0.7795657548015086,7
1542.2966082315397,0.13545425161664754,0.17299173264873388,0.749749145014942,5
4125.465993775068,0.18059995420162522,0.2534956006733409,0.9467033110224597,2
417.32742091288833,0.119463011854441,0.14908121690095877,0.876249096796523,5
-289.9794771792216,,,0.9390830129116122,5
345.9248227680962,0.11709057260559352,0.14308866644751106,0.8072995614314696,5
-40.561864014364204,0.10922814588120677,0.12768728251412537,0.7381610820358908,7
1244.1278901708547,0.1366381393670963,0.1801606788118078,0.9081593525898499,3
2088.5923549383288,0.14864986243446773,0.19916004410370078,0.8598151873341066,3
4769.271848775018,0.18455600331326424,0.25782168521254795,0.9034546659121239,2
2036.2641995117199,0.15091651165057562,0.2049677729504765,0.9243991890650131,3
4913.598590143635,0.18127018131126538,0.24958228852647157,0.8480117990279792,3
614.3259442598315,,,0.959211890475595,3
1554.4766904849082,0.14225976062371049,0.19029381393265798,0.9053642065351518,3
3578.912011045163,0.17729087938969318,0.2506992293656368,0.9942967066357887,2
-457.9646408163494,0.09956585906766124,0.11075625187622795,0.8066806038091773,6
2502.5521099399207,0.15365269544417975,0.20636974419867327,0.847173227782211,3
2988.0816833958684,0.16501801085887563,0.22767795945801483,0.9305463048357513,3
1212.7830219389218,0.13479688250135957,0.1758217785751185,0.8714927146865529,3
5524.516317881955,0.19228399781350164,0.2699631909144955,0.9035216441240815,2
739.4300528264924,0.12309472614078917,0.15204989997801027,0.7463936977149195,6
4825.150657714166,0.18679440797577637,0.26161976935800346,0.9318205506722417,2
2408.6069722393563,0.14982606948606195,0.19837190005528102,0.8015058209883419,3
1518.707742836935,0.14416730915354498,0.19578980134683657,0.9669313979335014,3
1772.5284572111677,0.14015980754220442,0.18198042068470388,0.781648502145236,3
-1182.1153279370174,,,0.7576153066514972,8
-6.367189846408301,0.10987613924758083,0.12908097736435598,0.7526254162422834,7
2628.519330621991,0.14776540346933875,0.19235149724463552,0.7129819931471523,4
4941.7172950731,0.18127493854372004,0.24978351166573703,0.8408861109288732,3
700.5781524288225,0.12225800211654132,0.1504158288757026,0.7366301920538929,6
3523.761651509872,0.15597459533510122,0.20386850713130122,0.6978563899082748,4
3522.9219051478685,0.1783551111631823,0.2535746221888985,1.0220331530580837,2
4608.49439742357,0.18623846198988764,0.26200063638061677,0.9532258553515903,2
4819.549212009608,0.19405034418232392,0.27786624652071623,1.0220331530580837,2
2665.0594234292107,0.15032257379725708,0.1972542132920353,0.7550910608248725,3
1165.1209327259492,0.13914665198626613,0.18879687157241287,1.0042238791690892,3
2944.7807201648807,0.17028242120932194,0.24074478782786174,1.0220331530580837,2
2267.956148130499,0.15993989271901232,0.2245120741583378,1.0215062218420023,3
2645.442139494779,0.16575462018472537,0.23338008315986375,1.0220331530580837,3
977.9868466862824,0.1297968105222026,0.16665348623864706,0.8432777701001234,3
4039.561522120255,0.18472795668894834,0.26328027668569115,1.01967017909091,2
7161.737125801088,0.21696337308039804,0.3126663101666055,1.0220331530580837,2
2268.651162666564,0.15222070151603478,0.20537885179237492,0.8811790097912862,3
2797.1192705224753,0.15936026107883666,0.21704855658717856,0.873932241549667,3
2766.3582307678644,0.16778468368984256,0.23709392322489295,1.0220331530580837,2
2877.742863945644,0.16599522396463728,0.2313541067953338,0.9680819028577818,3
2491.6509250356285,0.15559917743812549,0.2109246854190133,0.8852304043989481,3
3583.2055869237684,0.17209674771029315,0.23859017209651934,0.920902150635701,3
3898.0773185284456,0.17607988645395384,0.24554847899307788,0.9173840368523232,3
3109.4522658763676,0.1550202379496114,0.20491026940471788,0.7427045736374855,3
1501.6454190639702,0.13106474936553242,0.16316042814123655,0.6486428511765409,6
2195.7807173654164,0.1530971957479778,0.20858387208463683,0.9153077228291336,3
725.8463658115171,,,0.9875967037326753,3
1531.5259769654338,0.14161923475385274,0.18850237490914878,0.9052762661753146,3
4433.094675728974,0.1771381871064478,0.2440854937238328,0.8525207042073405,3
5401.0793977601725,0.18846081601313924,0.26161450465224334,0.8825871399356617,3
328.66136865573367,0.11671652876639205,0.14234914986809605,0.8042432500635661,5
5035.486905724103,0.16571964721124466,0.21752579204712674,0.642734181235468,4
3725.7206908631824,0.18135038638156403,0.25894930783179004,1.0220331530580837,2
5336.497026062356,0.1935602520248722,0.27385294809464544,0.9404793416227524,2
532.2207747641233,0.11899564549175923,0.14424479025819903,0.7060164129101506,6
2914.2691965147646,0.16498284314420747,0.2286876222889987,0.9424519232802872,3
2319.5586257934237,0.14774873153937731,0.19443184353222026,0.7843610513489907,3
-930.2750221829223,0.08744943765996145,0.08674385519370847,0.8019709876186119,8
832.6574937928435,0.1244704093296605,0.15454012822774532,0.7367402220883233,6
-2602.470186197373,,,0.6568354459693665,12
278.64962296856066,0.11603889100097152,0.14189107572346984,0.8361168288988916,5
3874.6067790017414,0.18352821033531658,0.262873143159959,1.0220331530580837,2
4887.05969454784,0.1909049843176945,0.27097289060984625,0.966281823559131,2
-367.18250325016845,0.10398928349959533,0.11697756635076079,0.645065026813107,7
1841.0935329043698,0.15252500190827054,0.21214534804930738,1.0220331530580837,3
6202.404598893736,0.19033124323523226,0.26193909294233897,0.8171687403864949,3
2620.412034617989,0.16568001159503187,0.2340029742164916,1.0220331530580837,2
6872.844268016637,0.21400128926870823,0.30754883635599967,1.0220331530580837,2
2256.8431477719623,0.14659572941236548,0.19271592751028943,0.7737333540364147,3
3041.963195583528,0.16231283591159812,0.22145361080365547,0.8716291100827461,3
2411.2237572475383,0.15654999933385624,0.21398625949877897,0.9234349746988296,3
2656.3692867688496,0.1635666562706319,0.22799880186139487,0.981820374119958,3
891.040071806058,0.13315343792073686,0.17826398057659396,0.9933750571387688,3
3290.2050654803334,0.16038270833587379,0.21523922034139104,0.7949837750707136,3
3892.7887690988523,0.17538542265419899,0.24379264747185514,0.9114522089699706,3
2061.5222277327784,0.15645812028742512,0.21877236949840154,1.0220331530580837,3
1775.184954411099,0.14431872703135015,0.192130220308718,0.8723337140268722,3
265.443428450474,0.11550262838991333,0.14031461018566915,0.8075652103150104,5
3374.546624945987,0.16844344330747849,0.2324939277586964,0.9009888175880427,3
3792.514356661134,0.17046621180807053,0.233415341163709,0.8619174963033801,3
1638.586904031113,0.1421600744691205,0.1887069010903361,0.8713648501322895,3
1321.4691697489761,0.1404414630523206,0.18939974281784092,0.9671463254768032,3
3672.552282245262,0.1698997771432914,0.23341793215113285,0.869399013566321,3
4267.058710728268,0.17039200429662743,0.23036078596669543,0.7903438938529591,3
1520.5422515051387,0.13553059462756217,0.1735431405606505,0.7578976995633786,5
1172.044577975465,0.1311964276605977,0.16707840143790234,0.7842253555885378,4
6102.012159152978,0.202614162341888,0.288407876385827,0.9628640748023488,2
1598.553378152457,0.13852751227113913,0.1801161309786039,0.8013748159037692,3
-846.3859638656553,0.08895814431671174,0.08983210451115159,0.8166859103769281,7
3563.775157590042,0.1753739441857761,0.24659560742948083,0.9675409607923526,2
3560.699784952042,0.17277537799263884,0.24030053707210755,0.9348651675463431,3
-240.60682133658557,0.10478042396325693,0.1204832820014417,0.796511442665676,7
1673.4163633678043,0.13623287073178292,0.17368987973441108,0.7224378448587504,5
2904.2129387466957,0.16960011942410347,0.23944498182281682,1.0220331530580837,2
741.1205762119691,0.12204984377467554,0.14917725729355885,0.6963065135559441,6
4727.965335366402,0.1714829756956533,0.2305115969060353,0.7442791567722715,3
2297.7801762339645,0.15149860948213248,0.2040435041257297,0.8519449736096966,3
3265.305861487902,0.16757562742523083,0.23170254567121445,0.9060539548386619,3
1684.7122361948361,0.14092075749767907,0.18473610776054555,0.8294292775892415,3
1069.741496964992,0.1349970214307178,0.17910354916893995,0.9582202717450643,3
4837.792608380753,0.1850691344967345,0.2587447739319032,0.8980949813569915,2
7447.024945392259,0.21891288351416732,0.31485847357471347,1.0220331530580837,2
4205.12933245051,0.18693286215939228,0.2668621939417789,1.0220331530580837,2
2863.498416449227,0.1451340808151145,0.18471076390051172,0.6319912827552141,5
2292.216307316805,0.15182037732729442,0.20408477091441454,0.8683266764595314,3
2802.7490477022243,0.1577561503854668,0.2128455210797256,0.8514000114660881,3
5135.722600957511,0.1859993807457613,0.258279384670459,0.8798057292081751,3
4760.747564508115,0.19041848467568342,0.27027178614807784,0.9836664760854118,2
2579.4815443627845,0.15864956243831327,0.21738802601321372,0.9145089231288175,3
4004.144013618134,0.1730777562905132,0.23766318523776137,0.8649157580452513,3
2731.123500738733,0.16011710673610652,0.21951356905738065,0.9004799407241254,3
1368.4249981517312,0.14146042729962582,0.19100743548697208,0.9733141638045723,3
1473.7693947296043,0.13721512090851326,0.17820286813766875,0.8191523603710834,3
3418.85292374683,0.16548514938622255,0.2251369568890368,0.8532285710261988,3
2360.80427532937,0.15079475074144288,0.20120930127850448,0.8291420087716451,3
1335.5425119146041,0.13405060879758823,0.17199742109914956,0.7936894438777471,3
3075.4087135782092,0.16434547490434856,0.22574644395135696,0.8971937868015359,3
1264.028196681545,0.13661055571601544,0.17977061322053492,0.896988320581985,3
1879.5910751110507,0.13849249163959038,0.177114487030849,0.7118414265492176,5
3506.672076121871,0.17657420423847728,0.2495355617204041,0.9998053990040875,2
1638.7997425371184,0.14864704826432,0.20524250102571387,1.0220331530580837,3
5813.650080701421,0.18676360649151322,0.2567659307103895,0.8104771201818458,3
1424.4583513706277,0.1418713380681766,0.19109359833273634,0.9567169149882048,3
88.44926577868632,,,0.9591359201966998,4
1703.2006707930257,0.13889765039039054,0.1798248608298309,0.7739174447789489,3
1308.192532364277,0.1374495532092624,0.18159745096709234,0.8939645342524066,3
2932.001816636731,0.17010783232108223,0.2404943630321214,1.0220331530580837,2
779.1075613131532,0.12205680168326583,0.1488061758351251,0.6681455727948452,6
2928.2425777405765,0.16989126669759574,0.23976305014693938,1.0220331530580837,2
4041.1432879026347,0.17494235000285702,0.24128284828984764,0.8867237624089646,3
4196.7706682109265,0.1867365482913556,0.2663713125428331,1.0220331530580837,2
2635.537574187731,0.15525238745385653,0.20886726936478225,0.8434548529351857,3
2066.582751729219,0.15298502790346905,0.2094332014272368,0.9582931639735652,3
4337.738227127947,0.17015663628626498,0.22917529255737462,0.7810975575348578,3
405.26116583197563,0.11923929384411168,0.14878599487601615,0.8781633497526221,5
80.18721690710069,0.11146789513049954,0.13141152420430444,0.7251028020551804,7
1006.0423958808537,0.1329136170184029,0.17478704853620008,0.930347784657512,3
2614.3494065124337,0.16539927604517296,0.23311242864001544,1.0220331530580837,3
3815.6545304105716,0.17024761287320878,0.23348925659011005,0.8473774969015856,3
5754.602458022453,0.19425771457508745,0.2722787979706482,0.9075571842178476,2
4028.936696687699,0.18500938916786258,0.26431224912557816,1.0220331530580837,2
3838.762150187818,0.18219930415525598,0.25966424837461083,1.0155156260587153,2
2692.887943768224,0.16359226073927857,0.22781417769656404,0.9712627919193172,3
4860.772210275129,0.16925071939185726,0.2251109889997679,0.7046102796524168,4
569.2594358597268,0.1211267688170665,0.1499521923829889,0.7934226993255029,5
3418.572514142438,0.16995384040847064,0.2351139677797619,0.9197311992216967,3
3858.234265227124,0.1685783809994973,0.22932991753259557,0.8201414026267605,3
1068.955509196238,0.13707568673526113,0.18510069891563036,1.0000372350862732,3
3735.1041964162014,0.176005680756316,0.24631979975238213,0.9481240853059879,3
3003.196551750162,0.1589659559115717,0.21405613367787732,0.82820373157041,3
263.5441682502862,0.11590972771628008,0.14214461420342558,0.855979003232024,5
4681.9368975568495,0.18684856724339632,0.26336132328142414,0.9447387084141785,2
4257.492243314464,0.1770880498250336,0.2447233663842781,0.8807392999025715,3
2303.118668438099,0.15023912430615388,0.20029850991832066,0.8355275645242422,3
1121.0856603491638,0.13342669986195688,0.17394030245341136,0.8771767068611432,3
808.8661984568295,0.12504359848053356,0.1565364267982659,0.7765476267242605,5
1334.4649445110517,0.13570669078353606,0.17636504030870126,0.8378006919430864,3
2801.2639520068906,0.1556197873153906,0.2080956314435753,0.8155191170776117,3
308.04960992670215,0.11514866214520228,0.13716973810542185,0.6891788796488381,6
2326.9840240715407,0.1475080062657071,0.19362302235313106,0.7801979294409308,3
-1532.7977245348854,,,0.6865399019814759,9
2058.5856696162773,0.15324765937257329,0.21052647463875473,0.9624350092957316,3
3238.416140221196,0.1745620413292272,0.24775663205291493,1.0220331530580837,2
8938.045551779378,0.21851271515224654,0.3079255969412771,0.893403065781714,2
1719.4615380276753,0.14489684298096112,0.19440617787549852,0.9041380152145504,3
6000.932438529454,0.1793413187555416,0.24054310756509956,0.7141410904334199,3
3336.6310565065546,0.1759755858985045,0.2501119116208429,1.0220331530580837,2
3663.5682543904504,0.1708140473374442,0.23534477160537787,0.8857560590117806,3
1426.9725031923786,0.1369419750864836,0.17842602018281473,0.8277187465117841,3
3593.8530637545355,0.16871821482936875,0.2315624184906483,0.8638370739835872,3
1166.5095595983641,0.13485352452080407,0.1767990626376559,0.8973201231751516,3
4658.964525775845,0.17788386649262977,0.24425168752350146,0.8331377097686133,3
3778.042812267934,0.16278845089027535,0.21725503445850336,0.7531955295385605,3
3366.7761453476137,0.1551615272936033,0.20328981651291544,0.7065501362241173,4
1052.5005482505062,0.13200959319747196,0.1713385440476486,0.8720140365652003,3
2723.293410126403,0.16450942004003083,0.22937907964187618,0.9820251659878438,3
-208.0122193410446,0.10618764616883711,0.12183351365620188,0.7066699722000906,7
2795.4323106168276,0.16793765474203617,0.23698837892043237,1.0186843414266114,2
6306.786200224367,0.17882023241372735,0.23854645880983305,0.6817871359610916,4
2134.690607930609,0.14231143860570228,0.18355628286262807,0.7257601430137923,4
1387.6025738012904,0.1318852455368415,0.1661786479608054,0.7111495171189584,6
144.99693261112128,0.11299071880534943,0.13554045048003904,0.7958763304082818,5
2019.5130177337378,0.15545220611511473,0.21636361460114126,1.0220331530580837,3
2073.2999334859724,0.1561323317439929,0.21763514094855058,1.013206614216289,3
1285.016925441885,0.13498224162722183,0.1753351281198775,0.8391875143264094,3
875.9999613522427,0.13114879593949808,0.17263334741728611,0.958512337828289,3
7299.177776086795,0.20770115126415478,0.29197321086248845,0.9155616597694822,2
7681.276363321516,0.2004898168860564,0.2763049298400801,0.8040049167219588,2
1498.7699861679334,0.1407292643898473,0.1867279184509244,0.8971247523536033,3
6678.2292181008315,0.2126618279451577,0.3061645940339076,1.0220331530580837,2
2152.520391684465,0.14489616720702547,0.1891799243507194,0.7738718643599787,3
2264.5496182814727,0.14862236818125896,0.19690718624297013,0.8151010891208692,3
2593.8607920736613,0.1583104064930922,0.2162565541515505,0.9071047751665359,3
1321.4808548124815,0.13395312508837376,0.17225801886470432,0.7929984476185458,3
3023.0805642265636,0.1618381091805532,0.2208520545715146,0.8644486812110147,3
1675.3716871281108,0.13634530079816615,0.17372475758784275,0.7270592422486103,5
-310.59376802281827,,,0.8568306796156636,6
-1874.3782690605772,,,0.7278162820159837,9
5528.479507912097,0.20218862217752764,0.29128595813308494,1.0220331530580837,2
1135.8056370679956,0.13179016124468035,0.16911296793077776,0.821480225972888,3
1698.4576273410862,0.1455579818788465,0.1964340019505471,0.9262083240657579,3
2706.234902352085,0.16487613054860054,0.23086826092985574,0.9879831749201389,3
2828.502013978642,0.15181164988007367,0.1996138423917728,0.7448690630852606,3
636.061622890107,0.12193734853608479,0.1508363227039809,0.7735004790487408,6
1844.1612022945988,0.1525186194126945,0.2119628188251227,1.0220331530580837,3
4088.1748127473243,0.1687555518774389,0.22796425032356638,0.792529033853312,3
4640.695208253371,0.17517525087705504,0.2381677105524432,0.8061080602465555,3
4290.30262745652,0.1839186017742577,0.259266802084312,0.9693527112258907,2
6224.1964389280465,0.2050101285749406,0.29219486735164546,0.984703994072225,2
6620.97572903927,0.2119196605762227,0.3046966980495199,1.0220331530580837,2
5387.608690697856,0.19178212599344996,0.26924744725256466,0.9184183404929915,2
3367.720798264251,0.16819193481433095,0.23202372284868034,0.8980688943851148,3
1994.7822782590406,0.14330524331035122,0.1870643660149654,0.7835375452444484,3
3203.164318388808,0.16264572411673728,0.2210378652234795,0.843605761948575,3
1842.5264571624061,0.15212514849336006,0.2108200084789132,1.0161595629391695,3
4326.557611258994,0.17563626027113058,0.24155944236517826,0.8472163765531224,3
1135.8921502536627,0.13466763563010317,0.17694716036494362,0.907746258465383,3
1961.1695638405404,0.15349763334634195,0.21271084549371155,0.9985200169892194,3
6084.241646753247,0.20727781471723572,0.2982942720602295,1.0220331530580837,2
4721.145002296627,0.17600472548256227,0.23984600376952586,0.8026558669697231,3
5772.5880053825795,0.18740649842357018,0.25819722955893665,0.8229561584743292,3
1560.2867278180256,0.13824943966374126,0.179764643688759,0.8103375310283821,3
1283.160919815257,0.13986376985749305,0.1886979598235485,0.9700549801814372,3
1648.1810995955661,0.14168385135762956,0.18750160922536457,0.855295778695001,3
2315.826133422355,0.16049797774285257,0.22479222632246093,1.0220331530580837,3
3169.402285557628,0.17251472339303292,0.2436372380503599,1.0057814931717757,2
4866.9548820387035,0.18302136640259056,0.2539010168507957,0.8719011189999515,3
340.60677596806147,0.11742137004584949,0.14457628515338003,0.8444361322964552,5
3194.0830531250317,0.1740663809678154,0.2472375539233326,1.0220331530580837,2
1925.6971036553398,0.15367394140557739,0.21361106327822196,1.0158233956030618,3
2636.3038605124616,0.15996457251239915,0.21998708015562443,0.9220076556714114,3
1448.4344231738812,0.1346821351583458,0.1720576716017604,0.7660181831053321,4
1492.8341359156545,0.1441351462190142,0.1958361378594418,0.9816481209845296,3
1287.609023153238,0.135686429348516,0.17702103445262768,0.8589562507203871,3
1805.2166654076411,0.14354402689878037,0.18973783630990515,0.8464435898835504,3
2818.2215565328524,0.16181547552441775,0.2227386738428322,0.9071931528698963,3
4397.246361419871,0.17600079822423143,0.24176619441968797,0.8437664383276814,3
2484.2751922149782,0.16326472544787982,0.22942324866162386,1.0220331530580837,3
2723.669214547487,0.16336450335784325,0.22689386726342492,0.9602644714360392,3
-2442.281614512961,,,0.7033256673740045,12
-858.3752848929951,0.09292680020621448,0.09733693705939006,0.7096212972085234,8
-15.504346172591056,0.10968367331843187,0.1291976556702139,0.7785160638817886,6
93.96340324690982,0.1118010995839541,0.1324958477351174,0.7509534179992197,6
3856.0204574202603,0.18274006531537454,0.26057063473708686,1.0220331530580837,2
2267.5257751204326,0.15859385541098164,0.22082994584488919,1.0004607808875934,3
6679.067898190062,0.20318962610708696,0.2862072545129195,0.9150262464936644,2
-29.76940581922517,0.1095451213230263,0.12659077649104808,0.6246607235997136,7
2231.345976338602,0.1534737391891213,0.20879005596798383,0.915280235080482,3
3501.8729592386057,0.16219768592609404,0.217491866160708,0.7892727310559516,3
2253.751494004926,0.14929561088702037,0.19856561305132353,0.8308310341532816,3
4608.097769915928,0.17719087958494129,0.24283850022038675,0.8334229407433187,3
-835.2177479040201,,,0.8477875190133013,7
981.3765744540981,0.13520231497186613,0.18199400263692952,0.9978551720116793,3
3123.5289001959886,0.17270941944480003,0.24427602816649596,1.0220331530580837,2
1266.2889694906714,0.13093225676993833,0.1652733273047488,0.7321171794142635,6
3084.1749814736263,0.16812490751181033,0.23432638101076012,0.9549970198288253,3
2314.3984435309035,0.1604888787106575,0.22481351745518627,1.0220331530580837,3
1698.5652505451212,0.1409790158360011,0.1848770946224249,0.8239286916139794,3
2148.8727963496312,0.14756942343283302,0.19553839317450178,0.8261431078187176,3
3082.1242187232665,0.15737012685704035,0.21002266990835777,0.7867366806317846,3
1048.8680948810909,0.12814846057872278,0.16088127903476562,0.7493441307083424,6
5570.050587095332,0.2000385616287531,0.28586683060639184,0.9963081741271198,2
2939.61772768692,0.16840259208966019,0.23659751666309609,0.9901891334146704,3
1308.6515822710035,0.13808640378820203,0.18283376747676813,0.916000570396339,3
1661.8715596071975,0.13858439638233908,0.1794943610497285,0.7808389386354413,3
3725.601433522611,0.18167746272674776,0.26010290719095785,1.0220331530580837,2
1512.156170555537,0.1395994436970796,0.18392641130230916,0.8604449530780415,3
3661.615099087496,0.16254949714953004,0.217276575923097,0.7688542920500009,3
178.0908646621446,0.11352207518229991,0.13607089102570175,0.7733089360003487,6
326.7119324267689,0.11655745249463513,0.14181989701282874,0.7932987684951516,5
-348.74010580956616,0.10288896393976757,0.11640317172350478,0.7548948416513722,7
5409.346774702243,0.20057320239484394,0.28817791883629984,1.0220331530580837,2
531.8051117972099,0.11891391841822953,0.14415702051464907,0.6989036641875097,6
1252.6352267156444,0.13437748438973357,0.17433679938822022,0.8364291647284283,3
-885.3478449923165,0.09167864299292888,0.09501984990693021,0.7267244278091523,8
2000.7372398444327,0.1554299916619129,0.21714814505030516,1.0220331530580837,3
5890.666182726895,0.2054046307785029,0.29547359130519907,1.0220331530580837,2
4080.7149623336454,0.16017927814764335,0.2097692825580452,0.6821882552888551,4
2222.8213887440734,0.15769362378450752,0.21920384778495644,0.9973597991434149,3
1747.321932384972,0.14578072325530234,0.19611000413206053,0.9149938797454367,3
1471.044559446471,0.13706684124363167,0.17809226177450913,0.8136700014148269,3
-929.6022618294095,,,0.7861867796656511,8
1740.423742031951,0.1384561746141117,0.17825878441217358,0.7532673780623479,4
1350.5634030218198,0.13638633449727425,0.1778673435732344,0.8490554245762932,3
1482.7452750057453,0.14530894086947227,0.19909928690321974,1.0118667576527731,3
-905.410236810115,,,0.7935130303963671,8
797.1362173134924,0.12515308682882276,0.15690623369973772,0.7917460384784528,5
3567.264790305541,0.17892685209972115,0.25443956371564125,1.0220331530580837,2
3362.171780876503,0.15598823582377008,0.20519474457541947,0.7182248287311944,4
3058.9083218031074,0.1718368840189214,0.2429999513871735,1.0220331530580837,2
-65.20309674797471,0.10870732278181094,0.12714925273976407,0.7579218959416286,7
3269.504129074626,0.1707856881397674,0.23870662158660705,0.957354666624095,3
626.4684366805201,0.12214978442352732,0.15164042771302777,0.7936378131246217,5
2802.3076153840593,0.1558034836853949,0.20874712922213806,0.8156385807169039,3
2418.970257905481,0.15457649497911918,0.20970500646835719,0.880593125470472,3
300.5558092653898,0.11636002396971892,0.14221417309236128,0.8224160415516684,5
1944.5639895024738,0.14752491778954216,0.19764586986239013,0.8866952430212968,3
2417.3281215854417,0.14977073747968467,0.1986642816611493,0.7927004551992192,3
917.170791993654,0.12336124382809432,0.15020539334364008,0.645135571515599,6
3244.91078372278,0.17477935608994818,0.24837133772271042,1.0220331530580837,2
2672.9448990398255,0.1663021594549719,0.23456691462270107,1.0220331530580837,3
3669.1740836195418,0.17394675898967768,0.2423935893821181,0.9285209345511138,3
1114.8494470460741,0.13521019328636613,0.17874411835673532,0.9374488119710439,3
4929.064612849218,0.18757350278920065,0.2630323694873369,0.9235806017193962,2
5445.012204767089,0.19851047311667572,0.2829993243867649,0.9973482265487231,2
4159.577917139531,0.16795934963138287,0.2255664560600053,0.7753059658700702,3
1309.9586245906357,0.1421648038884087,0.19407743977717473,1.0101966024971665,3
481.14658207190814,0.11996205066661789,0.14865785856163727,0.8224519117728685,5
3849.0283869663053,0.16681870167085439,0.22522467238777613,0.8011220786848603,3
610.7623718482835,0.12274340778440096,0.1539008043091599,0.8380630219255168,5
320.226263480639,0.11672463033492028,0.1428515356947173,0.8182750043058122,5
612.604445888725,0.12140574154427672,0.14976987063673738,0.7670109778677773,6
2124.1303612392894,0.14954967808453154,0.20071867375882002,0.8694835287752958,3
1613.756678195332,0.1437570546839197,0.19298910431407423,0.9195717345368078,3
1325.278155246185,0.1348906149626601,0.1745007200130203,0.8183635441665722,3
1379.3684763309716,0.13527202522664092,0.17471426505799173,0.8054066108459196,3
-611.7332221372973,,,0.773436201889872,7
2398.5538505988534,0.16199417596162674,0.22761368534702348,1.0220331530580837,3
7360.542641729652,0.20673939328571578,0.289830845063989,0.898829123736716,2
4222.777543137039,0.18688822234798871,0.2667535281096206,1.0169366367643689,2
3923.8577128014404,0.16854859561162813,0.22884385144352565,0.8098616690050946,3
1586.4527651349852,0.13783642612443148,0.17838559648826052,0.7912858225625998,3
4435.984833823258,0.1816511704738332,0.2538735702422855,0.9103383150169664,2
1387.4430473138195,0.14165956413944514,0.19109067645731556,0.9701939959017094,3
-1594.4524362068576,,,0.7804997187238697,9
-547.5408536388846,,,0.8655701790731304,6
-278.2646102120295,0.10476678184795676,0.11933001369070556,0.7174427812768539,7
-218.85737573558924,0.10615916606566318,0.12148483937780842,0.6834715984699139,7
-374.58490107327333,0.10223956601739703,0.11528518916293252,0.7615067093453314,7
3891.2173796975508,0.17101002319595865,0.23447057692646925,0.8479540881172023,3
-20.278519938870247,0.1096570967816206,0.12739768067403928,0.6784549263411576,7
5819.903907097097,0.18981702013652468,0.2628448464249231,0.8469974543186372,3
2462.8928649637746,0.1583584219253681,0.21819580135306751,0.9368148598047004,3
1518.8265467974688,0.1437642523579598,0.19420031582449163,0.9628967518130501,3
3352.3588112172947,0.17260311332429412,0.24224430058638977,0.9667005211232795,3
3783.361403830145,0.17194272453516535,0.2373935233925295,0.876809976493095,3
3871.017414115564,0.1688031782997314,0.22975822159751264,0.8210355222255232,3
1962.5081154050397,0.1545511168439589,0.2151360579777247,1.0220331530580837,3
3861.2641166743388,0.17648435386417993,0.24640463762007134,0.9328534920775087,3
1966.3343725116165,0.14628875295320545,0.1947411467826896,0.8503086386304537,3
660.9571970450695,0.1229497730349067,0.15338754402018828,0.8005434840867908,5
908.0438747640908,0.12946514538780324,0.16696910833215955,0.8792134624165279,3
-1166.6203731936776,,,0.8205632098543865,8
2728.57750401286,0.1670791581200319,0.23564666173115262,1.0220331530580837,3
3154.6271278249314,0.17176563957009416,0.24222096134217283,0.995304452807538,2
1131.3888060250677,0.1337933855922529,0.1746790798024449,0.883524645807493,3
1354.6777525504917,0.13517197070023032,0.17461263269924532,0.8155978264083578,3
1661.8385609053194,0.14131507398451507,0.18586907870776492,0.8481148550499041,3
2489.128823820443,0.1615438171564165,0.22551598147765617,0.9865696675684341,3
4938.9442720836,0.18597125686146684,0.2592276601306368,0.9055271034467814,2
3117.0090308461336,0.1527502790825566,0.19971019023105324,0.7089189200406193,4
167.63566787366554,0.11355192938335677,0.1370160150281663,0.8117580901480077,5
5800.528128198696,0.19430375397123503,0.27273848095610465,0.8961906379131401,2
1558.3155412593283,0.14656578764952433,0.20097936043202938,1.0113240343704748,3
3531.2472678106897,0.17460939357279132,0.2446272633864282,0.9680371708728149,3
952.0869201218413,0.1302138807996926,0.16824648819019786,0.8752205214236469,3
2144.9271415203184,0.14846830223686996,0.1978778460212198,0.8428305554821194,3
-511.8014068420148,0.09818707107642698,0.10813006884873176,0.8093404425293105,6
1649.0341763269018,0.14037198946571156,0.18379957361012206,0.829713572606663,3
104.20849425165386,0.11265186638729577,0.1376764480839484,0.9054441836123474,5
4139.973033946902,0.18072971744140892,0.2541272433270934,0.9410094816873212,2
4728.370294079976,0.16412610585985024,0.2151651317344658,0.6577468206814746,4
2281.28238810553,0.1561532089369394,0.21503734281504877,0.9470046040274007,3
4285.445285164005,0.1879070040426997,0.26839516904583427,1.0220331530580837,2
2459.3386098951396,0.1630843947517861,0.22966350744864034,1.0220331530580837,3
1862.4509454553267,0.14790952268158442,0.19980319100686758,0.9204337018349147,3
1497.7584738185208,0.13563647030132417,0.17413919958125923,0.7680084954791961,3
2874.2695384940025,0.16529730450038194,0.23045228074042828,0.9495908487622141,3
3746.773890800943,0.15926944279653987,0.20965045918455869,0.7123337089315711,4
2317.3382804449684,0.15263047417747663,0.20570961909761537,0.8769219099146794,3
2787.947384591922,0.15165111087017072,0.19955582574857544,0.7499903955066107,3
3045.4435878558475,0.16873860319956296,0.23605245657054189,0.9740664141746918,3
4094.296558679483,0.18198384527831876,0.25670373858047246,0.9719543824375346,2
2422.6951678502937,0.1535307173686306,0.20684388528898126,0.8649330726984532,3
1291.2382494258588,0.13422519825626297,0.17299237207080298,0.8188008374087201,3
2831.3661641806643,0.1610846659323215,0.22038278103937048,0.8982536987921126,3
9.270535236649117,0.1102099093832294,0.1313533194957927,0.8408837034045425,5
1438.802360632967,0.13618653978983278,0.17608867334674871,0.8067473098051354,3
2164.833308138198,0.15812396178916965,0.22125693243651773,1.0220331530580837,3
4446.657183547997,0.18238778201903189,0.25537066553260945,0.9188563258875687,2
5673.8743783556065,0.19610462477776308,0.2763240004383988,0.9420082983912355,2
5933.535528164292,0.19818340036345033,0.2794334517046082,0.9356258202578812,2
1464.7530552966402,0.13758325065064125,0.17961860164014065,0.8275219626031359,3
2858.0241344293213,0.16417480683030594,0.2275416905220482,0.9401778418091613,3
1784.7162043794879,0.1512987036066989,0.20952929692030012,1.0220331530580837,3
4139.080290759755,0.17809053681003206,0.24830032916215722,0.9055216088699249,3
3621.479010339453,0.1795571224916785,0.2557255240135419,1.0167996484949815,2
4892.649742569226,0.17813624776927098,0.24257046954317046,0.8172230367781252,3
2701.1740140153015,0.15253321695772684,0.2021533117025684,0.7825837543050422,3
3445.600348881084,0.17720132754457163,0.25150172677276716,1.0220331530580837,2
4011.9308432784055,0.18110287184754265,0.2551235630398877,0.976320603443132,2
-487.1440507891841,0.09830024577004226,0.10857591914900695,0.8337439213953597,6
340.38706536530606,,,0.9695905495154813,3
1504.0781015185253,0.1362490846892797,0.17524215932407972,0.7851117049800704,3
1414.5438416166437,0.13388963494235212,0.17066295407730647,0.7563424236140411,5
1110.7581663028195,0.13376215691896504,0.17477937161202137,0.8961257226119536,3
1899.2540711822899,0.15129156769562546,0.20795089156454197,0.9762768009494922,3
2825.465971570054,0.16834470691392195,0.23721782692882698,1.0220331530580837,3
7304.1221283505265,0.19553883295766356,0.26781034886189437,0.7816718228094004,3
776.1615703391553,0.12182768638112978,0.14808861526171316,0.6618529178563756,6
2894.3715502593445,0.1485289659483897,0.1918525611776204,0.6813031505123338,4
762.2164139893149,0.1271429650166283,0.16354747678160497,0.9002700935534335,3
1558.1067556883427,0.14705042515524838,0.20246645492588874,1.0193800420836028,3
-1315.0775570220544,,,0.7790935574765298,9
4403.373099787845,0.18003225817119534,0.25075735980171887,0.8917271128379614,3
3754.3182637327654,0.167323469531857,0.22723370716921643,0.8193080057011454,3
-246.37408787704334,0.10421867515078703,0.12012811069926102,0.8396736389984706,6
506.4515666241727,0.12115071038278985,0.15178310931078162,0.8646960386888066,5
-861.6704838380064,0.09099325998035969,0.0937978350112644,0.7585483927253249,8
1030.8565279062013,0.12801552575110686,0.16077651108353164,0.7546129736529336,6
3278.828346826245,0.16982521142981571,0.23626297490482107,0.9425366510872762,3
825.318495225594,0.13095856143427226,0.1733782282433822,0.9758265256719302,3
4599.141385791651,0.19212004048031303,0.27590277796844026,1.0220331530580837,2
1632.9163998130134,0.14409356455462335,0.19357918040659572,0.9195285749835199,3
1695.2256810575998,0.14965858065615975,0.2069090730052267,1.0209246875168303,3
-700.7138731428435,,,0.825515141787598,6
1448.6978225599698,0.1409504632296376,0.18860465609323,0.9182042869618098,3
4194.622657047671,0.17855367774618572,0.2488255409840349,0.9043699748159193,3
-1931.858240517194,,,0.7534496984742317,11
2037.870380920641,0.14609353912019296,0.19316006745011688,0.8286375736805107,3
1255.7427713065304,0.13630199080907915,0.17926698489718543,0.890457288604244,3
3041.9221940774723,0.15090510816316965,0.19627949661517052,0.6918014103517609,4
305.7938870197518,0.11612157716081131,0.14099521637490398,0.7900195417243713,5
3408.5111639669503,0.1706989376567435,0.2372748257643253,0.9285451898326698,3
2005.5845644107715,0.15028673014821836,0.20370778791293562,0.9227644366519395,3
4899.34111967859,0.17610874496504042,0.238976144762637,0.7844833691983943,3
428.0682112982594,0.11935079477425463,0.14837272496624798,0.8515005380850277,5
1807.8966299206538,0.15168056693873955,0.21004072120158526,1.0220331530580837,3
-783.6682018442976,,,0.772891543067186,8
6517.9078187382065,0.18544048407302402,0.25093274361352086,0.7346439953276475,3
-820.8426646615975,0.092586398793992,0.09683971453923731,0.742486054201971,8
-327.16470614658994,0.10394453460139633,0.11771875288777667,0.705857707401386,7
759.1622423678583,0.12142306821560855,0.14715065185500864,0.6557048681933253,6
476.22850363013254,0.11783996408021269,0.1419525433651871,0.6875979312538707,6
2364.275124171188,0.15103058141476147,0.20148674195079372,0.8352289512289437,3
4377.51533098351,0.17982346608041555,0.2496365830986179,0.9019674494637473,3
3318.536120935626,0.1758713950270248,0.2502494782787835,1.0220331530580837,2
-19.511194168254534,0.10953103267738704,0.1307560629447835,0.8746965545759954,5
1503.2037115231058,0.137455543071701,0.17833841212195695,0.8146181546546449,3
3077.0489122101512,0.16282032312128653,0.22246898770063128,0.8707031669221709,3
1236.9998664387385,0.14069915580594172,0.19166483535227602,1.0083912037209304,3
-122.58242675385577,,,0.8916686457093007,5
4238.227877888321,0.17092351121273175,0.231734431494624,0.8003523297974903,3
3704.1532035893383,0.18045864212044763,0.2572639040434296,1.0113351167770408,2
2719.6004326841667,0.15715270258169767,0.2125442254364316,0.8559412627190311,3
2952.9152720975726,0.15795442132712195,0.21193390909520532,0.8246596449850583,3
773.9826953517297,0.12371310682519837,0.15313799199011552,0.7491079211033921,6
3475.9772467502466,0.15520083834562687,0.20290432459878505,0.6892704881964102,4
7671.087462322889,0.21218162762215798,0.300252627089867,0.923613947469144,2
2227.086048843663,0.15025124342218996,0.20129529982114042,0.8537791009625707,3
-90.85540050279664,,,0.850044622906662,5
2270.452638620478,0.14785115715940272,0.19498382287747518,0.799899463773272,3
1039.3667704367135,0.12984261386518486,0.16539813801828135,0.8125375250480438,3
362.9560965073306,0.11635889934805169,0.13983997668510714,0.7175895522614972,6
2151.6843223149044,0.15801780411547955,0.221383095526835,1.0220331530580837,3
6970.117378908724,0.1976019555329913,0.27362807219469687,0.8262319777709564,2
1903.3319734978636,0.14379065334114785,0.18937896603038096,0.8182443337668623,3
1360.5340195604826,0.13873803823498748,0.1839679737011465,0.9053581600371357,3
5110.406329848358,0.19755179969906753,0.2837989081184787,1.0220331530580837,2
2166.6095942866204,0.15093888984538362,0.20362544618001271,0.8835412547148247,3
1971.144421394674,0.15196123588139027,0.20836037528279128,0.9676563719303838,3
3903.4143240621306,0.15948966520300023,0.20946202177710804,0.6926222608293002,4
-583.3749148363086,,,0.8311894423648012,6
4245.129063065836,0.18433126529816948,0.2607870817635557,0.9792298600751531,2
5142.4438958407645,0.19789327913331362,0.28431677172047787,1.0220331530580837,2
3193.5623149221506,0.15988256075834217,0.21465074931948033,0.8065065784262522,3
2237.312178280298,0.14738318897880165,0.19462616038726988,0.7946785097997748,3
1902.5300042306267,0.14801617393313793,0.20006059546794863,0.9028959221965941,3
289.77643806758635,0.11595914223416913,0.14103242498149487,0.8050335570289071,5
464.49439721926706,0.12117340311015143,0.15338320426599245,0.9179794713392739,3
576.8266715880518,0.12055865936604278,0.14801745060249238,0.7544495354992459,6
3734.2742231699135,0.16294241002515267,0.2177843374229269,0.7623628723700724,3
547.3091782858763,0.12496410600397215,0.16342858697025808,0.9786347043397919,3
4064.707851991966,0.18511025898860684,0.26380314849375275,1.0220331530580837,2
-910.3683983651651,0.09367691013267182,0.09850354353711739,0.6591947989195723,8
1967.7246479515748,0.1422446556142859,0.18487338759659905,0.7688462701917766,3
762.2272696856035,0.13016587556394377,0.1728468066296045,0.9875694989380078,3
5172.0372532418005,0.19814209255691823,0.28458042938000294,1.0220331530580837,2
3975.06905480778,0.17213379360473482,0.23631413747643823,0.8509134679482383,3
3283.6880043736182,0.17514309729676827,0.24857503458042635,1.0220331530580837,2
346.92294928992544,0.11843144957074403,0.14827255146847174,0.9112405789447383,4
2886.01224315799,0.16093906218284243,0.2197302671644138,0.8818461576375209,3
1364.3850861322803,0.13800156178931505,0.18171193040616346,0.8871906562421166,3
206.54148232454122,0.1138942642161965,0.13621321378413995,0.7482096132631606,6
1217.5699183240988,0.12850450636678942,0.16000237447842663,0.6775834078026656,6
1554.8264811163042,0.1434636225059876,0.19315790048312917,0.936778657048832,3
3479.5181783068642,0.17808395223783013,0.2537843083475309,1.0220331530580837,2
3173.049371016798,0.16120479562441695,0.21782876782672253,0.8296136148338621,3
1293.9354039056507,0.13014754678079044,0.16307133762657033,0.6971435291804297,6
6753.041322607953,0.20463919890571558,0.28861458023857267,0.9269027499379326,2
2959.8781737739264,0.15535152460925022,0.20644494410225886,0.7777057855020035,3
-80.91504449490786,,,0.929840737415916,4
2648.898985703559,0.15717166989561515,0.21315195530914935,0.8734234923446013,3
3086.6026695746946,0.172429361839204,0.24438951388983696,1.0220331530580837,2
-596.922352411061,,,0.8528339045749262,6
1833.116025958494,0.14608475052946238,0.19577061239215254,0.8904279829163533,3
5311.994847303891,0.18151924670228256,0.24806539123310362,0.8045324682531245,3
-1025.2156675672932,0.09034025405389912,0.09234284864560324,0.6829829559574987,8
3892.1249150228355,0.1762556276611577,0.245605812067879,0.9250463910386287,3
1096.382546025838,0.1376663325141636,0.18612569286669903,1.0011359175363805,3
1761.980168248721,0.1454534845544913,0.1951950629725616,0.901169238719776,3
3103.757033749758,0.16098432346097985,0.21781108083650907,0.8400774269360132,3
161.86930927104416,,,0.8516132718009806,5
2366.345479050801,0.15446598556318353,0.2097202227527305,0.8955497031882579,3
-922.7428981044453,0.0914276331023757,0.09448660056568775,0.7113171826198282,8
5908.011441747853,0.19191706267829434,0.2669996713622822,0.8594808070612915,2
3917.9995168022956,0.17416503727317834,0.24104306064655243,0.8889757941081816,3
2158.514727151241,0.155607209164009,0.21499551564520517,0.9767955699891356,3
2861.0723801715153,0.16904083360323058,0.23873544290800056,1.0220331530580837,2
216.04393803411114,0.11472363133925685,0.13952162888344902,0.8365665364259203,5
2974.024068795006,0.1597640365201187,0.21611898779665353,0.84644059661659,3
3111.7695623355717,0.17225748726377785,0.24348804280598416,1.016077398326017,2
2203.976512508841,0.15144221442542408,0.20450152983685257,0.8814873578830275,3
1341.95589922897,0.13790979776131287,0.18195855379581188,0.8938497806799991,3
2222.996196537238,0.15553914666443244,0.21396235780557615,0.9560675821888958,3
3744.1103720220603,0.17829559671345124,0.2514441406565311,0.9789318513547849,2
1211.166917149212,0.13331396367248086,0.17205267362787707,0.8277300675396349,3
2748.523497270833,0.16051547997894883,0.22017620007973165,0.9041652732005775,3
3852.1409319439394,0.1779995579547176,0.2502309188526851,0.9515932000551327,2
3581.872538016795,0.17684823048693948,0.24955966388588424,0.9883457771620248,2
501.7264785825057,0.12152398357311545,0.15322925437394594,0.8921162409074929,4
6272.844423184057,0.18659287700656937,0.25402296307111105,0.7696769105929899,3
-127.65438679310084,0.10700324760164226,0.12554065350668678,0.8510483303758736,5
3814.5179361785495,0.1741557848385128,0.24180220734087923,0.9055981031587133,3
3076.8804868055486,0.16054533960359557,0.2169865055686387,0.8389992985081411,3
922.0083373556646,0.12547414060736634,0.15568949258777143,0.7237055622899603,6
3828.0345508991313,0.16794749133787262,0.2279867015251512,0.817900396792479,3
2690.673383238629,0.15594557498534417,0.20979069825953045,0.8446905881077565,3
3387.504543153106,0.16169322895220828,0.2171358941192011,0.8011149134038058,3
4225.129235323523,0.17830779203159186,0.24815147947665536,0.8956237947872736,3
2317.746723136752,0.15148254472906053,0.20316681520162092,0.8537419952851962,3
1911.0155919002643,0.14968250443589573,0.2037994106067345,0.9380959999622484,3
4969.147276913301,0.19577885173857795,0.28066164721531095,1.0220331530580837,2
3678.2524372660196,0.16803541593671978,0.22989505023724632,0.8349747713710245,3
2530.7471776329303,0.15331303822022163,0.20531665737180446,0.8345255151264609,3
1405.3683626728323,0.13971596518676963,0.18562479776519464,0.9120349794141158,3
2116.023474855183,0.1437105512744893,0.1869656457183738,0.7577727815351327,3
5198.492114622133,0.1943623496773398,0.27633368737078867,0.9691534851181833,2
2893.2186287856675,0.16932719382566572,0.2387425100994733,1.0220331530580837,2
4248.398231092276,0.183171377034887,0.2579273201983596,0.9658366767408495,2
1403.324926394476,0.14409086723007936,0.1975326142026461,1.0149158811850698,3
1152.0252168687791,0.13256610385615208,0.17100323992071936,0.8355360041397126,3
1780.2172346665134,0.14922576239532648,0.20476473514136162,0.9732971503064086,3
172.06677414443396,0.11334160493906895,0.13549126248726684,0.7632167316019547,6
2300.803487741709,0.1466463626425139,0.19231638458586525,0.765452144231529,3
3615.623940887739,0.17781967089667888,0.25138130086888855,0.9971437108510187,2
2266.4508945787766,0.15744677383854652,0.21788208309553736,0.9809617722461998,3
-1432.0164174747613,,,0.790591024844943,9
818.0750411939397,0.12487535828959154,0.1558654805259721,0.7637350687671555,6
5265.169098657951,0.19860589423069544,0.28437826681438316,1.0220331530580837,2
1567.5531651780864,0.1396775492944471,0.1832303485240118,0.842155442288319,3
1666.0739514571064,0.14914692174334054,0.20604594391115827,1.0220331530580837,3
524.8273738137732,0.12299615612710119,0.15749035616136098,0.9354810992057689,3
5605.9702547925735,0.17945356679965696,0.24235113957347493,0.7516618661083905,3
-1198.3083902880476,0.09185903477236934,0.09486619529970997,0.5748049185375886,8
4008.8484305657494,0.1765709002785116,0.24584403144253886,0.9058138909665957,3
7843.5702733789285,0.2218365534166879,0.3187142249451426,1.0220331530580837,2
3872.0398911469615,0.17688746592957622,0.24678273915560567,0.941324037029919,3
130.52182707264686,0.11304087358530526,0.13719778731174304,0.8679627278523094,5
1239.7513115602007,0.13850576318600366,0.18533253973873792,0.9622095970997531,3
3646.4599344859157,0.178020353455122,0.25128226127126263,0.9971227128048724,2
2847.9102742630866,0.1634721881753649,0.22609444945701404,0.9299748387816809,3
1556.0386665624628,0.1390230498241181,0.1819000799132482,0.8288321920666729,3
1255.3722384899295,0.13652952761040074,0.17987559646644513,0.897053749142383,3
6671.516248437443,0.20970454014659484,0.2997351985337446,0.9911074178186593,2
2424.98130782204,0.15905775387600446,0.22008424774576268,0.9621855194727257,3
6220.433952094099,0.20063819100696498,0.2835122475218668,0.9282849341378752,2
4287.631340428598,0.1869977748991915,0.26649086486104356,1.0075916177954045,2
6574.012885891612,0.2068756168275286,0.29442051528094465,0.9671937422318153,2
1410.347419650356,0.13547973165914307,0.17463130500909757,0.8005423934254897,3
2826.7614581110856,0.16146834310529812,0.2213920825353853,0.9047362496501449,3
3262.9610859751747,0.17531671258602732,0.24981779053559877,1.0220331530580837,2
365.66075304554624,0.11689643983618228,0.14169616497420068,0.7589270898157073,6
972.9638281139431,0.12910663940683662,0.16454855909250912,0.8263825112689346,3
2882.4612608021444,0.16943657640058524,0.23955339874919448,1.0220331530580837,2
1434.774240034376,0.14061736704297806,0.18746732887593687,0.9220058704858743,3
515.5570692867302,0.12336361009083704,0.1590745084009541,0.9528710054806551,3
-1246.329782796903,,,0.7922721732584854,9
274.89478220633225,0.11682078593312327,0.14548014794672787,0.9123581567697576,4
-284.7865701729301,0.10274735204147875,0.1179446460428153,0.8702919467888708,6
2270.3531675444915,0.15329007711206943,0.20801729778359002,0.8995420033032147,3
6580.971533183874,0.21155253521874326,0.3041391904218472,1.0220331530580837,2
1301.6065359734885,0.130997219578785,0.16499787597131216,0.7195622681957354,6
-530.9545193687843,0.0979576880486093,0.10757915811554994,0.7984499788483796,7
2759.5358469190223,0.16455940061223379,0.2292239046691975,0.9726577118853669,3
1650.4994300905732,0.14141936298865415,0.18643796846718036,0.8528109222639759,3
5925.203622564697,0.1832415219433642,0.24866228531718662,0.7643471125021448,3
311.00538819186045,0.1170762365916744,0.14457933649973717,0.8692187224509702,5
808.2785994470569,0.12327158640791827,0.15152231966512775,0.7044750698272101,6
6779.562038223873,0.1722020587424595,0.22413362083370886,0.5822497107200904,4
4018.608282443483,0.1754228284931742,0.24297321324120275,0.8916338558695414,3
2645.628214034567,0.16168605080665657,0.22383117573699568,0.9504662881678069,3
3271.0571485785645,0.17391121236796608,0.24579905474020053,1.0061795612945563,2
2058.3060919927775,0.15606268279761942,0.21717929082333284,1.0220331530580837,3
2907.06755679798,0.1519874885603713,0.19922276692541346,0.7355792047852858,4
378.4251713577448,0.1192187880801612,0.1498205632946338,0.9149588033677597,4
1872.6643592823518,0.1411936404293556,0.1832690378552798,0.7749889143262706,3
579.0873803365497,0.12064996503386285,0.14849242342279473,0.7534745380155969,6
4256.593127721949,0.18740951119871171,0.26758720146935955,1.019160330627932,2
3295.959820684779,0.17361161738326703,0.2447059392005031,0.9979593231020559,2
835.3837152576466,0.12323324333965502,0.1509845858128756,0.686181634002811,6
2641.0176973501752,0.1577442268038794,0.21459081420507575,0.884663768988898,3
2206.650126909155,0.1556502870127588,0.2146433460169646,0.9608696742008003,3
1294.7009286896891,0.14157826867358392,0.19283720450330294,1.0055451677449474,3
2750.7226414242423,0.1598917444021027,0.21868003108684203,0.8935500413848286,3
209.60550948183788,0.11367558645433748,0.13501017805228915,0.7093104570434915,6
1842.6704975398764,0.141684548977446,0.18465065556993066,0.7958710795434851,3
-33.94991923881768,,,0.8540175990116444,5
4168.604633330931,0.16280838313077772,0.21521439075531823,0.7013489820145615,4
-50.25300945655631,0.1090717565324667,0.12718494621731224,0.7205321287236719,7
1561.386241224994,0.13938085170548223,0.18268055465814548,0.8359939868540864,3
-103.85596138739245,0.10850978553107779,0.12425930944573339,0.5939183058984021,7
4792.243432702373,0.18511957953232927,0.25894669946392246,0.9069050615420879,2
1499.9135166337278,0.1349948422662237,0.17252281198416317,0.7512019623663622,5
2302.9884271677283,0.15505340288455044,0.21165403051709292,0.9255776735274874,3
2606.4601623359936,0.15079269583375213,0.19906768556647875,0.7720117334687536,3
696.1072217914799,0.1259242732350686,0.16149868632965086,0.9070274692607402,3
2220.650058395769,0.1482569057044202,0.19633262390780143,0.8212330789541425,3
3273.402202239942,0.14889997487021,0.19063990742015452,0.6268952757860612,5
2152.467002346777,0.1445277774668285,0.18832388763639757,0.7667334955879,3
2683.8624189622988,0.15465285079362734,0.20733094377465025,0.819456056180143,3
5034.950685584171,0.19306111792775482,0.27442214170878293,0.9763849461643015,2
3056.2068012860736,0.16125051964572779,0.21882331024207813,0.8532448151435342,3
501.37301687484546,0.12356683329580849,0.16038998409712807,0.9691502390727171,3
-930.136652306076,,,0.7737291222238992,8
2338.400540192099,0.14768130094817034,0.19429400245044237,0.7764526486540055,3
991.4482863402483,0.1316448267316446,0.17147489481430966,0.8983389906543912,3
3969.7864500789447,0.1602575839810925,0.21076385949363607,0.6940222716024067,4
1254.58393862401,0.12991008796543613,0.16280970785483084,0.7078223046714138,6
877.694500446305,0.1283475188678495,0.16452744247726514,0.8578660822559881,3
413.84513684815784,0.11845874197906597,0.1456779093739897,0.8093463711984797,5
-621.3485669115598,,,0.8881798420007946,6
2362.03355517402,0.155033698385796,0.21083799238949724,0.9100538773370969,3
2313.3378698223814,0.16051212603906612,0.22525630463496787,1.0187377192480949,3
2639.4942019583414,0.16064881084448648,0.22121656618655833,0.9367024805231149,3
4942.386640048255,0.18464622383307866,0.2563401169689315,0.8889250918232455,3
6456.73627457349,0.21078997544645978,0.30359040770563306,1.0220331530580837,2
1923.140376033661,0.1435061197587857,0.188323440192471,0.8080666746939672,3
-1414.8291349864096,,,0.7592268189345396,9
3256.7369342364873,0.1652471571516799,0.226094361752621,0.8770000178178683,3
4121.932385107879,0.1860571230319693,0.2657587605506707,1.0220331530580837,2
2620.8870700966377,0.15888965202448163,0.21759960983108612,0.9076124922144477,3
5778.711504523167,0.20396674287003408,0.29274243495201524,1.0220331530580837,2
1637.8639682049584,0.14566688896047714,0.19751239782308408,0.954077776025002,3
3798.5261467968985,0.16011062491352285,0.21132493933728255,0.7148891156881193,4
3014.5182391296157,0.17134681087300122,0.24256056797566994,1.0220331530580837,2
3810.628424719175,0.17919482227962366,0.25270289423169745,0.9820962160960203,2
-1650.734580138646,,,0.7744588337649335,9
1138.1262201563447,0.13671738625353105,0.182650226318583,0.9664873272289076,3
7155.608142202561,0.21264301136870928,0.3033987892937148,0.9768945898908973,2
2372.6491642386222,0.14181641215363924,0.18096763582689165,0.6590910350737185,5
4011.4401841303184,0.17054251284298516,0.23196965246643234,0.8308292469364583,3
3242.9903270523473,0.15797629778417108,0.2101319294564746,0.7686196104077957,3
2953.8196557488386,0.15777327194082316,0.2119103851637192,0.8174132404906982,3
5093.740792916254,0.18379806359271242,0.2540027363702393,0.8564199871211167,3
1335.1060250004864,0.13193278459789332,0.1668066317726698,0.7339456961315638,6
-784.6160441836773,0.09575549546711956,0.10241990400882059,0.6709200673266529,8
2043.213959580769,0.15586581810766809,0.217056681543545,1.0220331530580837,3
2346.042388545615,0.1532704814193494,0.20698595292924438,0.8803706039485012,3
3393.5977744416878,0.16715629185200667,0.22916726583171113,0.8813425365055623,3
1708.2180109583899,0.14587508172899116,0.19703403740277284,0.9302909091257641,3
703.7702530366371,0.12293355724132202,0.15245766826428736,0.7636045432990025,6
1149.6027471548623,0.13283313645470118,0.17173919308133917,0.8450824987506174,3
535.358909946879,0.11842768835135759,0.14237574524486268,0.6690322925072048,6
-762.6893529796278,0.09367070717707976,0.09897555935567656,0.7509666418737092,8
-193.47365074384655,0.10634568492168912,0.12233748928092611,0.7236734020815734,7
2627.6182834262495,0.1654861964287193,0.2329629275711341,1.0220331530580837,3
3799.166746468158,0.17935796777674112,0.2536870705225737,0.9806842665264577,2
4185.669546708885,0.18313791337022856,0.2588667563926719,0.9694368476642867,2
665.4322915904402,0.12153081246087825,0.1490609557422431,0.7278987053308728,6
3631.2530075253594,0.17883329078231325,0.25408372426463754,1.0030525805421033,2
4043.5703881216077,0.1836848463794013,0.26137424197913783,0.9989546065139743,2
1198.6895987778355,0.13983795590102094,0.18990399564281696,1.0051719961269605,3
-2563.3649137986095,,,0.5958415161227936,9
130.8908701516482,,,0.8936471381070675,5
1390.3196090982367,0.13567605774251207,0.17544347612165437,0.8133928535073921,3
1363.3634392719912,0.14321939628953256,0.1957971318654017,1.0115268434332803,3
2034.4365120480147,0.14304131779813362,0.1861689801899047,0.7659388634392719,3
4366.815855035833,0.18910474482236173,0.2706861343584024,1.0220331530580837,2
1094.6129147482666,0.13704504368042766,0.18438197221694283,0.9906629558311802,3
2344.4980173447907,0.15807743440363997,0.2183671798014984,0.9704800788661896,3
1999.5351914143291,0.14659472952434957,0.1948266241259262,0.8495922380243396,3
2671.0814185170984,0.16382814732414777,0.22878896400216037,0.9789005496589058,3
3523.563545416632,0.15680054265085352,0.20580743448808791,0.7077131071263472,4
157.74425607598323,0.11336641988991691,0.1366927576789749,0.8164349836906266,5
1301.1693226023083,0.1398525909788987,0.18795666860278296,0.9648214028594727,3
1670.969637558071,0.13772773488562964,0.1769901677025701,0.7618366320090527,3
4076.9652990577238,0.17877556266339523,0.25016826613209564,0.9256149891956491,2
-750.7265159135859,,,0.8919207842746185,6
2074.5498497293393,0.1438553183472323,0.18758019305678317,0.772772223172348,3
4081.774808466838,0.1857045927283253,0.2654773076341371,1.0220331530580837,2
1941.546993589479,0.14293666064722851,0.18680105698040286,0.7903881393671722,3
2358.9708926550643,0.15841100986272072,0.21940945576061496,0.9679997228762102,3
3271.19268070865,0.17158706320697092,0.24062873516450056,0.9682047198000822,3
1356.98891612358,0.12981470946247103,0.1614219299672186,0.6659798127618052,6
1072.6146227026215,0.13462867994130645,0.17812818119782609,0.9436622516435073,3
-1706.5900588257389,,,0.7521453598276245,9
2931.8512539145718,0.1590594547930778,0.21499371066383904,0.8424415371556152,3
2073.4282938081506,0.14691865890845304,0.19514847960417683,0.8302939429709657,3
5861.95937790243,0.1956530399827898,0.27506586591007376,0.9073011701654573,2
1819.599013523522,0.14706211603051997,0.19856805365780023,0.9139525908390721,3
-430.89378599107,0.10190854683387444,0.11402358652303524,0.7073178603547726,7
1752.8810087763272,0.13927734260196312,0.1799957334984356,0.769033183470216,3
877.2364512048368,0.13050354169763526,0.17062084581666567,0.9395056794377935,3
4404.46903201257,0.18885812409771469,0.26970554321633233,1.014165300894067,2
2273.479507775343,0.15599333369955282,0.21434404940991952,0.9507250009912265,3
784.3856193232456,0.1242363662661774,0.1544700375952744,0.7635580796199278,6
713.0148653372411,0.12260733250222987,0.1512339054173936,0.7427664647259719,6
5346.192690220009,0.18195475652091778,0.2483695199422073,0.8105446470902806,3
1509.387932434147,0.1461525365774833,0.20096817380799623,1.018148759761204,3
1645.8202803382899,0.13855976858321817,0.17940733970808653,0.7882926928569312,3
3040.461848723702,0.15312616725645967,0.20081575405456534,0.7298927323048973,4
3378.6483281345527,0.16551503867794964,0.2260492924348,0.8549992685221898,3
-1392.4337887085726,0.08318685107014975,0.07863561150552417,0.6639627855301549,8
2470.8586252110745,0.16339966087598445,0.23048585184296824,1.0220331530580837,3
2729.1196309267802,0.15364938090888247,0.2044050514214177,0.795941329873709,3
3293.598599757609,0.1746252527820616,0.24739947505731832,1.010529287890287,2
1096.172300368189,0.1290890985193073,0.16271299217405616,0.7553661983727318,6
2166.963891514071,0.1467866980719919,0.19370149757014588,0.8039989876191188,3
849.9968030037039,0.12330020896388308,0.15091051889139637,0.6807592473034577,6
1587.2235825758403,0.13899524727748944,0.1814011008853413,0.8168368060431619,3
1396.6960987297812,0.1401001802443716,0.1866614811966429,0.9270053828861528,3
4053.275383509945,0.1790270389759826,0.2504084688203876,0.9383737835360061,3
2005.4128393750993,0.14968787299649197,0.2025497499627818,0.9072548061245362,3
1819.8971658870396,0.14813719922167373,0.20090837370844386,0.9409593082645105,3
2008.1930575105048,0.14063330186609171,0.18067058701035427,0.7254580684427498,5
8882.11872289031,0.201021328040315,0.27311654766835997,0.7327533644030241,3
1175.8355733574683,0.13943450178403513,0.18952064305631214,1.0064813945539022,3
1702.4961639543596,0.1429615408326754,0.18939428985067938,0.8713363867120794,3
1105.5782258996298,0.13278620475102804,0.17230072984348224,0.8683976374737379,3
4025.225995350037,0.18195793751647218,0.25771197457506795,0.9772865152187152,2
1963.289805020035,0.14485303009096245,0.19112514685075443,0.8238953594703333,3
1357.5447767623693,0.13155433786669163,0.16566375977490683,0.7139974654231742,6
5037.8782945890125,0.17639558600185418,0.23880260277874188,0.7732058181308195,3
2911.8697058875778,0.15166649033685647,0.1988534709733358,0.7254621901203452,4
3527.868090276344,0.17486544514904379,0.24559077342055396,0.9687281527920939,2
-418.65999802081785,0.099363737666954,0.11108691058489059,0.8578155773255575,6
5297.444074101959,0.19561058087783745,0.2781184430699795,0.9751479517779684,2
1653.5489425362969,0.14122497036378265,0.18591796308646738,0.8471504619648484,3
2228.359750432561,0.149355166323403,0.19915343780594408,0.8365408908759104,3
-265.3841381585135,0.10453496513910068,0.11959585346940006,0.7658767140299928,7
-207.58882955394623,0.10604217596801394,0.12179854313380933,0.7288804087979585,7
1167.3690346787766,0.13153548335185408,0.16812770704673313,0.7954768346386534,3
3091.131362229117,0.17043536263008718,0.23978652588557453,0.9881379471267256,3
4736.62928289393,0.1936303015860176,0.2781288300509914,1.0220331530580837,2
4841.243147387528,0.17816052879288688,0.24376852414679887,0.8145173469666019,3
-1066.9612056196422,0.08815075735624307,0.08817086080525774,0.7100430305172171,8
2033.8562020537495,0.14858888350854618,0.199280595619166,0.8790742741603064,3
3757.2028555354195,0.18170250452803888,0.2593931087460076,1.0220331530580837,2
422.0321164126803,0.11652652581769873,0.13885302914932257,0.6542782344096592,6
351.59273505926603,0.11733546431478321,0.1438234657427529,0.8180159971086892,5
5267.0406224220515,0.18573387426604315,0.25752228491110146,0.8552883961963335,3
-367.37566769638846,,,0.9360009188018055,6
627.3323791357357,0.12379560835124727,0.15674516574053998,0.8740418506922342,3
-184.11734069580427,0.10603049718774858,0.12288863590238183,0.7957099596091544,6
1859.1657385924218,0.14284853456447308,0.18720573259051893,0.8164581281071142,3
2713.297427134899,0.16350082227818347,0.22747449704911563,0.9635098661832155,3
3445.129421983225,0.16835409295963466,0.23203954233249535,0.8830551616837501,3
1341.7272578242776,0.14022807400797319,0.1881482959099231,0.9549313643303926,3
-319.3990898236892,0.1042405764017076,0.11805910112252607,0.6939611007866613,7
212.375039125468,0.11417954026214834,0.13723000806967325,0.772874107263368,6
5210.6936578449495,0.19190497917879845,0.27046798155279245,0.9427540305167689,2
2741.6411940294734,0.16705388298851176,0.23506050435826184,1.0220331530580837,3
1073.1355793779298,0.13139947586232667,0.16914658946334385,0.8426101691854164,3
647.7398828235862,,,0.9384206523079235,3
344.67803955122855,,,0.9192129396089158,4
3545.9469613008728,0.1787388048787762,0.2543397070588982,1.0220331530580837,2
747.3005691613797,0.12949277392945086,0.17117728623161388,0.979645716054939,3
3637.236356453,0.16853722705891416,0.2306300909423954,0.8563033621924232,3
2533.3919597020213,0.15761727703011275,0.21531971816075385,0.9093786030779668,3
3367.978921847989,0.1491277716495461,0.19060753528301577,0.6176281119687834,5
116.99206065173641,0.11246498363825597,0.1348162326930833,0.8060961669541734,5
2812.742900354191,0.1686478976673243,0.23885182009544223,1.0220331530580837,2
8517.494452559406,0.22698899505794545,0.3261880865899002,1.0220331530580837,2
2409.5127999892125,0.15126511843936902,0.20157674000092812,0.8285312338150077,3
1658.5618850508358,0.14490522967789735,0.19543398086279923,0.9260793508741152,3
1758.482432441463,0.1375173508888111,0.17580293232713304,0.7270476632007625,5
1591.3949139333056,0.13998433652068354,0.18354253658944802,0.8421326912776993,3
4090.05764911808,0.18547180709538225,0.2644672595099109,1.0220331530580837,2
1912.5562056120814,0.15318843053701137,0.21259542453371977,1.010416530828773,3
2113.5708346267293,0.15403801879920143,0.21151352943415985,0.962888881839656,3
509.223015924682,0.12051833803561748,0.14963309887116338,0.8234586685943128,5
4691.764102645014,0.19211320831254852,0.27456801627231464,1.0151420881266333,2
4492.373123033783,0.17811872129414044,0.24579202377135517,0.8574853262489158,3
3144.9796051323983,0.1738854857014303,0.24802676300969329,1.0220331530580837,2
452.3156013738709,0.12020899522012772,0.15049348890534026,0.8752701408807743,5
3556.0962323153994,0.16573859861982787,0.2248462314879362,0.8318023828360488,3
2018.6362123008228,0.1403040933861121,0.17999865500842138,0.7139315471264402,5
402.7006936676731,0.11873283507984528,0.14698552413610744,0.8464219299942957,5
2837.338122283249,0.16617675505221996,0.2320596121280687,0.9821474199115852,3
-437.1228168390261,0.10172513470765808,0.1137380297539494,0.7107905615961682,7
1151.021812827631,0.13467345642538933,0.17673483976777787,0.8987846437373842,3
692.5494321602035,0.12327541498098074,0.15385649505151375,0.7861119263813107,5
5115.955913105431,0.19244216031956965,0.27283698938954337,0.9545155533221643,2
476.5807561350265,0.12056956165715749,0.15094486763955503,0.8649654581991306,5
3086.4060985752885,0.1696392103862308,0.23766764450701885,0.9800229998683422,3
1040.4771594704184,0.13068633730608784,0.16784135780962978,0.8373834887013046,3
2527.8592656148066,0.15040538494031355,0.19880257499989962,0.7827885406409303,3
4218.056366124454,0.181239372553955,0.25438924061054424,0.9388638071453934,2
4789.926528951242,0.18814309883637184,0.26545352988578097,0.9462810694594285,2
2231.9948953680887,0.14909567641407198,0.1982626032684493,0.8333418809009862,3
1184.585725738203,0.1381910345765391,0.1856745329299883,0.9819108648787237,3
1621.9748963454213,0.14825424601967824,0.2043448418742628,1.0208450677017977,3
3350.554008261463,0.16397826099128004,0.22314119937618673,0.8337645357206309,3
145.0539384879204,0.11348670010556818,0.1384902592062645,0.8892451758367035,5
2450.283159733312,0.15553878354239714,0.21145419406093424,0.8919756594569663,3
1910.4995724660885,0.14367278454174093,0.18894604847373564,0.8143975779487527,3
5890.2936439594205,0.18570899874657704,0.2535318131042004,0.7986265825081135,3
485.96175932048675,0.12125837442845297,0.15291297260791908,0.8959985499586725,4
2897.264084871157,0.1695825194608915,0.23961906368786012,1.0220331530580837,2
1096.5354756035968,0.13561084070679508,0.18047156393222397,0.9579548833576833,3
2539.1301203412418,0.151872241199817,0.20194759370424442,0.8071452014534544,3
1936.9974008726467,0.1463759273541655,0.19544801215743063,0.8594581709548295,3
268.8299853652125,0.1169061427273846,0.1462105885297206,0.9247052569733553,4
3477.632127083014,0.17476212831779775,0.24573100857378455,0.9777095456318609,2
3167.7844914400175,0.15925098020179573,0.2132605114929902,0.8034406646707638,3
1432.1463436342244,0.13996825535423352,0.18608027484369816,0.9036389297216314,3
1778.5971246772874,0.14058197629265132,0.18298804001224206,0.7884099382349378,3
4123.173678194624,0.16789006154758687,0.2260701920173233,0.7745572053684991,3
2047.9867514335021,0.15069788853461435,0.20438279721602162,0.9152489409111101,3
1050.9563103572568,0.12876216812528585,0.1625927731420234,0.76697014936842,5
-655.4300221316325,0.09308344853470772,0.09836095825376107,0.8417401170216767,7
5881.416526352024,0.19025003876267882,0.2636129553851788,0.8437973646899033,3
2845.7958749957347,0.16890395410118803,0.23872584888522402,1.0220331530580837,2
1914.5004886241984,0.15282829841944484,0.2115344102992822,1.0035786206119253,3
2436.699468305692,0.16102862115840258,0.2245468062388682,0.9959885292933738,3
998.9513047507027,0.13226895712086845,0.17292937400525266,0.9159943448753598,3
3176.5875212191877,0.16342681855912816,0.22287289507730745,0.8621156175263447,3
1916.8933253007535,0.14595794391261735,0.19466406761639518,0.8571933316070278,3
465.699003437805,0.11994679597592042,0.14904673224664297,0.8416750027510203,5
3242.0002497731925,0.17083090011092283,0.2390233077643643,0.9641923159423306,3
-115.35991383041213,0.10754368782072563,0.12559587262931016,0.7952111802175462,6
-727.4045250925657,0.0966402775480674,0.10409791041292919,0.6800036376930824,7
4640.038856692158,0.18421173874312444,0.2575652846280719,0.9204512271005982,2
4532.44096518667,0.18627451119609767,0.26292579667060634,0.9613245501569344,2
934.917254653464,0.13242090235698922,0.17486922014577433,0.9610025838216695,3
542.3897954650664,0.12190426194683823,0.1531541623806334,0.8656087651058496,4
2002.7844894141667,0.15140119758088988,0.20678002800559625,0.9429425565604503,3
2218.324429834881,0.15908688311646987,0.2230017578229308,1.0220331530580837,3
4407.1132128140825,0.18954682474286533,0.27130920551207977,1.0220331530580837,2
1313.7041781764517,0.1326056172566496,0.16890938423312035,0.7594328542369009,5
1200.074151861078,0.12990790691137594,0.1633969208713097,0.7321221445529729,6
389.1227470759261,0.11659832112186451,0.1399750980572208,0.7002335956786546,6
294.87025912044555,0.11651008326280139,0.1430669232806395,0.8487086070472546,5
3287.5669785569407,0.17428611338391417,0.24669076976206272,1.006390353671107,2
6388.066627393512,0.201546589307327,0.28366872549304395,0.9314297681458484,2
1395.874965297114,0.14386013894254576,0.19685692335442584,1.0124919495711462,3
3598.6404930369445,0.179468158551208,0.2555528180379043,1.0220331530580837,2
2319.5027393201344,0.15104079626698882,0.20209556597146736,0.8452747735712471,3
1930.8933846347593,0.14373186252842066,0.18861617977308925,0.8123545744442555,3
1781.552759577332,0.13519314628420034,0.17032412331573146,0.6659577512722424,6
6016.1841433207355,0.19512510712320363,0.2730279658659129,0.8862788502303054,2
3780.194319457345,0.18175564599241623,0.25899514760239983,1.0220331530580837,2
802.5559153671429,0.12771523963529036,0.1642285485082539,0.891109560581872,3
1832.1403456074886,0.14697529284376296,0.19786307938229586,0.9113644003611809,3
1527.0632705570051,0.14293675587869073,0.19202861484955067,0.9383949957271804,3
442.93388273947136,0.11940259204848194,0.148007355880327,0.8348679681358278,5
2447.056800623717,0.16294019297574783,0.22955426004009497,1.0220331530580837,3
1839.8271135109633,0.14480787525244532,0.19259509741750663,0.8601420320915991,3
2102.325319368247,0.14558107749380728,0.1913447388551504,0.7996544306043298,3
496.00610667493186,0.11861655030734258,0.1439533500217295,0.7181189630114937,6
1814.082070437997,0.14355139166573286,0.1900604013470002,0.8387778659612414,3
792.3501871727921,0.12424150868046129,0.15442435650365957,0.7569987988626709,6
1317.2307790074076,0.13895779620033863,0.18529073077825164,0.9321968226072428,3
5653.473117587338,0.19444422625610966,0.2738395595199108,0.914154110391742,2
2242.2003761960777,0.1436344473560894,0.18569499815293966,0.7253831108409632,4
6520.295859463637,0.21132120069687516,0.3043035017501099,1.0220331530580837,2
4724.637678455828,0.18532351931517044,0.259067005594261,0.9268930364436428,2
27.33158854389525,0.11052562341928937,0.13019864270954717,0.74800977559031,6
3347.89475248704,0.16802030666685827,0.2315201343488298,0.9023064161577575,3
1612.8679819885924,0.1433729700019285,0.19195612365692802,0.9117654858176774,3
1042.9177750956612,0.1329700177081577,0.1741426566139126,0.9091817563055271,3
1117.8085583391862,0.1328429549169414,0.1723637814764515,0.8617776418726576,3
-803.97893010532,,,0.7524592120762277,8
-353.5975348096395,0.10258199469349168,0.1160235310560893,0.769704070720226,7
1427.0046990023206,0.13879395957656018,0.1832269321615968,0.874624381575448,3
204.1984832029969,0.11388579797476271,0.13638028539426167,0.7517953382702505,6
4349.514487991919,0.17497051041282252,0.24000840887310915,0.8350966903185053,3
-340.6242056942985,0.10276696049768363,0.11647884461581275,0.7767524530065062,7
8631.769401983136,0.22815560869285031,0.32917025635651964,1.0116826929585945,1
38.32681726484195,0.11065553407420341,0.12932591379922093,0.6867711674347741,7
3096.8110142276014,0.16147997790412777,0.21895522554623315,0.8494326892292607,3
856.753224767819,0.13235860499962657,0.1767809611104895,0.991531385758219,3
3538.445475167406,0.15615554799928766,0.20453808661441145,0.6944115008659948,4
2948.153102034073,0.16112787452657362,0.2192621061589307,0.8754086793498972,3
2032.238117873767,0.15094475542873623,0.20511829281640528,0.9259013396939296,3
1634.7297341911606,0.14569091805678913,0.1978228285741352,0.9535521901899576,3
2514.5266422484083,0.15266215726915108,0.2042412349455844,0.8237509739944935,3
1792.4431944411579,0.15027674647371897,0.20720510208884665,0.9920494734323589,3
6309.545677640552,0.20258919549933124,0.2864174027239642,0.9497183192502615,2
4897.172198387688,0.1887186461881357,0.26532118406357774,0.9465288627138391,2
1048.1806872573677,0.13311440871711966,0.17426352455149752,0.9126140974305161,3
137.18207411283254,0.11357272535615268,0.1398470785839891,0.9168744612987166,4
936.8759466847547,0.1272259241385654,0.16033834118352397,0.7774385078705139,5
3035.1808738362015,0.1605551917437879,0.21770131712182772,0.8434071401007699,3
4640.274877196239,0.17741316532192292,0.24339882725016648,0.8291270384791132,3
2093.395191028838,0.14574740858115548,0.19192551702526545,0.8042532602673451,3
882.9637012360529,0.12918504976805703,0.16662190181887127,0.8875205958083432,3
3410.0629724217524,0.17590568756058927,0.24877652030700123,1.0105417335370195,2
1930.6179155095676,0.1376503439275439,0.17471466543211134,0.6803955924968703,5
-192.04487705900289,0.10604141279718535,0.12254443941455978,0.7693482117635687,7
166.84876376078617,0.11289518185735688,0.13362379170539498,0.6989664527312773,6
1402.3509621528801,0.13372892374572987,0.17032466965883947,0.7579088675191111,5
1736.727915828301,0.14645922799290928,0.19793832062459843,0.9343494636595404,3
48.5859600414525,,,0.9552326589905972,4
3205.7953143972168,0.17418793258075313,0.24733900291394095,1.0220331530580837,2
2661.9543073999193,0.15320990383906977,0.20409334984797167,0.8013400936306768,3
2430.2969972770484,0.15516358469249097,0.2109382420403563,0.8885964882659761,3
898.1491721473552,0.13065813623479697,0.1705639950447221,0.9290638906752161,3
2137.361748558663,0.1574386723279531,0.2195394579503045,1.0220331530580837,3
2448.354071398793,0.15475765587216303,0.20971381542985912,0.8776398771498635,3
3092.052909446977,0.1726731044069311,0.24537502237835734,1.0192756702748302,2
1776.4192078732706,0.1487569650472324,0.2031995169967559,0.9695306526097998,3
984.3665173783115,0.12795672094043764,0.16137911617643114,0.7777335277859359,5
3073.1025838632017,0.1714638678051415,0.24207748508379157,1.011792109524294,2
233.0109604848386,,,0.9530205061327179,3
3392.7261258514663,0.1656327473767306,0.22626273341993514,0.8535612337628702,3
179.4754457393992,0.11355497375525375,0.13608851435001268,0.7753137894153312,6
3265.9198488910047,0.16876172462671096,0.23414040076131648,0.9268366673434176,3
2654.8167204344372,0.147807614651174,0.1918342999731977,0.713361548900194,4
2236.53634353395,0.1593119493189079,0.22316774300379624,1.0220331530580837,3
23.15606606490799,,,0.956889586414035,4
4159.526174344551,0.18718921231829883,0.2687814731347317,1.0220331530580837,2
5437.111402909344,0.20052571158903454,0.287533833852649,1.0220331530580837,2
2716.088659403296,0.15596463584615783,0.20994237099257584,0.8357100098003625,3
2165.287092714655,0.15715301551881566,0.21871156782181062,1.0045440485531507,3
2732.8986662432735,0.1670245368623909,0.23526555061580443,1.0220331530580837,3
5418.459027604561,0.18491793797893485,0.254836636798791,0.8306653386339942,3
1747.0643873709491,0.13981565774538474,0.18155333405302376,0.780586558533829,3
1660.8574946215442,0.137479866294143,0.17676606852128318,0.7561791766384723,4
-964.6258147363363,0.08768126291197408,0.08722764095964525,0.7749966484380634,8
4117.124475304941,0.18439710106431456,0.26238247455112296,0.9961850316181989,2
2712.3583182059633,0.15621084382537448,0.2103477938726428,0.842813580018311,3
4303.003344581377,0.17280969916382674,0.23529795128361003,0.8171613032464793,3
1099.2707211902994,0.13488144153325266,0.17819346840151415,0.9362496716410423,3
2381.6581763482836,0.15261482858722958,0.20535265317994342,0.8560538090921755,3
5849.89476862102,0.20520926490225977,0.2955155341485807,1.0220331530580837,2
4795.075109099822,0.18881781693680755,0.26668791014271853,0.9564825589311171,2
1192.7382193973306,0.13312798656934316,0.1718362591607729,0.8315972981655337,3
1674.728186043816,0.13567479399039262,0.17231924277020877,0.709345389548632,5
3332.8504847598433,0.15754912665233856,0.20876712005701847,0.7456057564756929,3
235.41539090128572,0.11482275400203437,0.13887355292208675,0.7986144933557416,5
1504.847671312381,0.1397295556464996,0.18438843266158075,0.8663080180569636,3
2923.294127916826,0.16159709370695058,0.22082724652827893,0.885303745713338,3
3604.3514139053937,0.1795898754655355,0.25583849841314077,1.0220331530580837,2
2842.2410436715936,0.16656714634409583,0.23318457142158877,0.9847319228100548,3
1490.3515505503956,0.143980184348402,0.19534976812064997,0.9802407545926133,3
2033.6727669031197,0.14524550089945487,0.191573621963471,0.8082991503851841,3
3281.211624739926,0.15872877010288,0.21205474097951088,0.7674749509988505,3
575.3612141438518,0.12119450399386553,0.15006593357211387,0.7901938152004925,5
1089.3491027142022,0.1286262932931095,0.16170958845978023,0.7423532651638306,6
3846.758799507238,0.17228299781563688,0.2380456604772917,0.867211136569466,3
2979.5429545181505,0.16956514557714406,0.23837292056050502,1.0052673000866752,3
1229.9208630088729,0.13549170423129916,0.1774247728913907,0.8821738410580037,3
1482.7645574132116,0.14342496146473427,0.1940730358757719,0.9695923471201403,3
-761.3642619082491,0.09210070537283173,0.09611985390474728,0.7989498125427557,8
1595.978452131364,0.14345063281243714,0.19233642446033633,0.9211941027625389,3
140.18456665132095,0.11336400897725982,0.13821719222014517,0.8881964590703357,5
1286.7848354387354,0.13333734756215565,0.1708612673826792,0.7949596969014115,3
3050.425911934456,0.1686783921282768,0.23588120169260948,0.9718016601980405,3
1708.5550625318367,0.13852597429349772,0.17872452522206006,0.7654330926274645,3
2709.829172250501,0.16683656003224312,0.2353576981633523,1.0220331530580837,3
578.7137017192173,0.12213732027448716,0.15282389237891042,0.839227137823895,5
3584.3052102490724,0.16996257948276253,0.23405008085210285,0.8872478687395798,3
2133.6533680928596,0.14517787295553725,0.19036842518289634,0.7802159015975393,3
1913.217727119181,0.15365616204053373,0.21358618000886048,1.0220331530580837,3
3385.301589786666,0.17649279557244885,0.25061549398851646,1.0220331530580837,2
3650.4110876203977,0.16388037514316245,0.22028141148184663,0.7887049651796365,3
3257.09393127754,0.1684923132782388,0.23352987864454916,0.9253089017652754,3
979.4656283691885,0.1311125912317948,0.17029370567634033,0.8872358332172623,3
2239.214058908194,0.1560380190967408,0.21495974129065873,0.9607972536178695,3
833.6045550879271,0.1253189462421233,0.1568432204463534,0.770935780735916,5
4725.129180648101,0.17896127751346289,0.24599850615268226,0.8400893542979971,3
4926.610457104795,0.18159723044491327,0.25051951445420867,0.8470041188199744,3
3639.7351612406874,0.1797865349459244,0.25559579573964586,1.0220331530580837,2
1582.9054363506236,0.13875159439730855,0.18051472616971298,0.8166313363749016,3
3712.968472814537,0.18013051561765683,0.2562918267161877,1.0065745777175017,2
3476.8914143640172,0.17367269091228082,0.24334653975383846,0.9606363732758071,3
2689.1058832336266,0.16657318227807993,0.2350587397351774,1.0220331530580837,2
2367.332367790684,0.1544170025259519,0.2094966191190906,0.8954392108155169,3
3407.8291463701426,0.1588549348465677,0.2109379776971764,0.7547392107789517,3
1222.38718300819,0.1342312268548085,0.1743009942034405,0.8486622034297623,3
2999.857936572037,0.16548755684952995,0.2289962683626072,0.9319260413025381,3
2181.3752685909285,0.1500365879674064,0.20123694547146448,0.8627440326285998,3
961.8563963146225,0.12998706108874106,0.16721961989642298,0.8634125112587573,3
1163.6626688487274,0.13388828093002306,0.1744302555405739,0.8679628498669889,3
1918.0026770681666,0.1456638510728226,0.19360373916970272,0.8545471756919878,3
4338.411353583688,0.18789615217492617,0.26793980379043203,1.013330530074032,2
4160.284646635959,0.17472136508513358,0.24026221116146196,0.8630590901779126,3
1010.9985359979322,0.13583443270445061,0.18302392548575885,0.9983396102815719,3
2483.849770178018,0.15107490518284986,0.2003843538641377,0.8082013512960013,3
4133.351555361121,0.18678742315423738,0.2680061578324967,1.0220331530580837,2
2045.2206233919321,0.14214008020717306,0.18413332840864316,0.7428802297786565,4
4936.536648452703,0.1952747300067131,0.27962591279174376,1.0220331530580837,2
-358.16555136732444,0.10351012049718522,0.1167936165827996,0.6929646846899105,7
4560.59851454403,0.19153005719044816,0.2747304327400344,1.0220331530580837,2
1816.3541472242453,0.15198920495495263,0.21100934762835097,1.0220331530580837,3
1923.1932239895782,0.14514136856441845,0.19244230071344648,0.840108075180129,3
-222.12272531588212,0.10513224571968753,0.12125596028035945,0.803340317676795,6
5242.099015352358,0.189511908028544,0.2649784748693491,0.9114825863191082,2
2982.2618226840636,0.1552730211868948,0.20602902170503518,0.7731195412456293,3
1097.8707977513454,0.13626343657288092,0.18206142282215293,0.9755234250327757,3
2159.6371142086246,0.15315996113840813,0.20924272422416834,0.9264456685068995,3
551.9485271659297,0.12300089864857003,0.1565097283064461,0.9138710165516326,3
1223.6835666242043,0.13755138961441843,0.18299755054649725,0.9446117060135385,3
1671.2845185248054,0.1491841588360331,0.20592095359970702,1.0220331530580837,3
-411.20091358311964,,,0.8652707369192726,6
3276.2678474867826,0.16653271071154457,0.22905962196964536,0.8902475154601264,3
1562.702459314787,0.13588260829528737,0.17379678474044347,0.7532920060609481,5
1134.2523889469894,0.13851548877873943,0.1877846491101082,1.0037015790427959,3
2603.361092311698,0.16139322895860464,0.22342100378882607,0.9580649327586429,3
2945.5517192785114,0.15264342454665897,0.20029493442234525,0.7401921082342352,4
5724.6347629284965,0.18853583869858997,0.26077719348540984,0.8407867740334518,3
2452.9353704434743,0.15121891153585243,0.201603015613182,0.8111762653676663,3
2328.1365371741354,0.14973321642619342,0.19865733018777976,0.8221458583261733,3
737.4521606295117,0.12478139908034791,0.15703328459203478,0.821635198546987,5
798.6003918200473,0.12253013605136404,0.14964595300170913,0.6788848533773294,6
1131.8616357147512,0.13317891980823332,0.17298533157390922,0.8648731404044212,3
2545.9343076294053,0.16390961615325078,0.2308325411053375,1.0092740495298316,3
2266.376988116544,0.1479198704496412,0.19528427102359275,0.8010848581584546,3
709.7590034875207,0.12718513815088955,0.1651099231286935,0.9438334361324352,3
3072.9484856677236,0.16379175270612906,0.22445148356055147,0.8896158199009849,3
1205.2592142139465,0.13333087650207745,0.17213894457108836,0.8317843309047277,3
46.01472286958256,0.11129254768839023,0.13647452044897368,0.9351385444556487,4
4684.684725365061,0.18626428842017057,0.2617071318287344,0.9409027572962142,2
-1446.9808387571902,,,0.7935346232552399,9
1412.0832136253591,0.1411859739690954,0.18942506514395066,0.9459680793948331,3
3260.889584137895,0.1579329645988764,0.20996274146982613,0.7644255108974356,3
1843.4021217329514,0.15165038873947195,0.20959397892802367,1.0057216208233495,3
979.6172154712649,0.1346371150895721,0.18025705715153886,0.9873149429286383,3
-564.6587626003372,0.10001718581206662,0.11018602183503393,0.6708534505657586,7
3586.958376621666,0.17919386976445828,0.25487405889070935,1.0220331530580837,2
38.4041962838356,0.11092240617772409,0.1334726377295738,0.8793111737551,5
2541.359980132225,0.1442938065544695,0.18475673450575408,0.6759984554093288,5
2296.5790741574697,0.15266723259937864,0.20635051351309813,0.8795420132496805,3
1683.1128022033186,0.1364811933539386,0.17416048803115702,0.7254924285825858,5
447.9432434951435,0.11895356914428706,0.14618717710764034,0.7995523821664791,5
825.9175424108589,0.12782515307135323,0.16404957876329726,0.8769121300743535,3
3093.179106608624,0.16408437719701396,0.22474314510800467,0.8921987007011093,3
3164.7517285448093,0.1735020895390335,0.2460151701478026,1.0220331530580837,2
838.8747615013219,0.12910550820733993,0.16750900068400373,0.9160529440505707,3
808.1255200531583,0.12671771646046184,0.16111598452043835,0.8480061931306576,3
475.39296019703386,0.12024248918023661,0.14973167838616072,0.8480721565513558,5
2381.9411240723916,0.13982123149994552,0.1765456200086192,0.6202845372433581,5
-253.38072529747527,0.10402876657344678,0.11977130262275754,0.8422394873151444,6
3045.8651916792596,0.15802483067682266,0.21189538098315097,0.8020558027145706,3
716.2086526425137,0.12267095485995017,0.15129195502995577,0.7441954384042162,6
480.10140135664693,0.11975998615789649,0.147921911827325,0.8121851620014563,5
997.7254885952073,0.1313502011678793,0.17033114221630968,0.8866456405356413,3
2360.3913101494977,0.1538155379466844,0.2081708873211028,0.8860423591416776,3
1490.1645199387906,0.14162144213705688,0.18939526386857325,0.9201071745320867,3
2524.2748620447405,0.1525641230232396,0.20362092690811556,0.8232080683896488,3
2375.9932265328994,0.15481137956358004,0.21062316420429855,0.8971682648861712,3
-1622.760208500558,,,0.787655244120213,9
2059.914788422215,0.15548595582622513,0.21584343610229556,1.0089553354789063,3
-116.71700875673062,0.10722960007278744,0.12611617693582958,0.8582022082090113,5
1084.0537497206367,0.1273153372699198,0.15817683160166787,0.704937470677808,6
1364.7503176644182,0.13876038900880308,0.18395324378398073,0.9040148790926317,3
-351.75895105610016,0.10383294266903251,0.11718572857425899,0.6768016877615156,7
7038.130447107773,0.2013480357774825,0.2813336817172968,0.8561833329148056,2
1759.7818011133363,0.1445386719657109,0.1928434143486811,0.8829862925011052,3
3127.0137613438274,0.16275061535770882,0.22170518609564172,0.8618419830041102,3
389.63816347309177,0.11940082056680697,0.15000302974422092,0.9122932048544751,4
1911.3142840676126,0.15365457956449974,0.21367199611922844,1.0220331530580837,3
2410.3436152148915,0.1483328606323085,0.19489942962827628,0.7744662246315872,3
-1893.6492545642818,,,0.6444638216662916,9
3949.371058307799,0.169570458466842,0.23098018617456553,0.8190445123395671,3
-173.39749892778175,0.10616472367646568,0.12333475485975218,0.8120919683085489,6
4705.742326437592,0.1834192441869164,0.2556662780738407,0.8987109921707308,3
674.0307940553921,0.12200725839857116,0.15024415825755572,0.7449432611621821,6
1794.5065553271818,0.14492088126662567,0.19319432180018337,0.8808581091538212,3
14.269589347818094,0.11032481569936867,0.13165729182546787,0.8438609383682172,5
3602.3570689355047,0.1794683049034575,0.25545326720566663,1.0220331530580837,2
1976.11070564243,0.15089626129447437,0.20572017132653855,0.9434151141303733,3
271.84964533035793,0.11585820915306616,0.14146743414530655,0.8321136990998461,5
3104.4919036171523,0.1568306861248857,0.208918006391832,0.7715402850451628,3
2846.7597872529172,0.15353528155337703,0.203389364564282,0.768551032342143,3
3407.302695775434,0.1769449320761851,0.25165285937509907,1.0220331530580837,2
2675.3581333199927,0.16653742479593348,0.2354054113318853,1.0220331530580837,2
3402.3045272952927,0.16242393832599195,0.21883481029344692,0.8072386388560436,3
2678.706076600789,0.16348524626318983,0.2277572506824072,0.9725793870825584,3
1517.1002811193462,0.13606626109831269,0.17486794309315884,0.7729045530459985,3
3468.0758200222704,0.17772044440134777,0.2527815324148832,1.0220331530580837,2
6371.443660714656,0.19776779773073944,0.2760810575582583,0.8881813294030119,2
476.5828368912253,0.120787672219376,0.15157052699087226,0.8802374355601372,4
2468.882589887313,0.15163990975352135,0.20206891515554165,0.8190401748748786,3
597.3201169333239,0.1259880376043839,0.16492205240392652,0.9748693316959917,3
3942.775311782557,0.18387673738798188,0.26243106396141225,1.0220331530580837,2
3036.8761971655745,0.16117096668967862,0.21885599813285808,0.8552726809556768,3
396.0381208113357,0.11817042610464343,0.14523254727701002,0.8137866994247734,5
3045.055802607979,0.15544630409076493,0.2062796242358672,0.7607880736419741,3
3181.016017776601,0.1673911099317593,0.2319269572013582,0.9211250112269799,3
1131.728940182556,0.13065515532380234,0.166377918964281,0.7858792070801663,4
1641.9543427482636,0.13981411756176387,0.18257661189472857,0.8184319073208229,3
-13.735458392692891,0.10974421905684723,0.12845035083373663,0.727971441647983,7
1884.479534457354,0.1465772554668547,0.19639542592194628,0.8828478169787096,3
3246.9602082045167,0.1745215026518963,0.2473425999705796,1.0220331530580837,2
357.49170879268166,0.11827357295069307,0.14714087939300957,0.8843658938823098,5
147.80269685240933,0.11341915433549732,0.1378210826196664,0.8652473545034532,5
-352.40975857833223,,,0.8147255726524827,6
3882.4444253924144,0.18365908805817532,0.26313729018147564,1.0220331530580837,2
2173.121534224808,0.15254197030626526,0.20716848792017123,0.9151470876393717,3
3090.171462465655,0.15690478742399144,0.20913827570766444,0.7757761637380337,3
3436.724966744197,0.16827776607688066,0.23144727889775826,0.8888873332075142,3
2299.4727015711874,0.15449892421811465,0.21054479353733765,0.9143389482996582,3
1785.2972856362203,0.13541145511271682,0.17071823166952532,0.6708280428186716,6
3553.2153250337424,0.17881718936096141,0.25481414957066595,1.0175968692284447,2
1741.6550375203642,0.13767382665178052,0.17621911532405649,0.7371245474667506,5
547.919654317742,0.12017768419473215,0.14764222445191993,0.759320205667157,6
4570.92277868141,0.1821450860124969,0.2534752384941385,0.9040836003938407,3
1821.4350232257793,0.1455378851792375,0.19479368962001903,0.8800715466979971,3
1472.4932002686623,0.13969045655567242,0.18462675478585883,0.8805112920259544,3
1258.5268117084674,0.13494292810628394,0.1753669033858387,0.8539954312190158,3
1153.9693065580184,0.1364850615633259,0.18146054809949422,0.9520659616542152,3
1285.3409166190854,0.13836786441897858,0.18445563830973705,0.9301438778079464,3
3763.500377644284,0.174616251432417,0.24322325206630924,0.9206960537350625,3
1426.9145586492357,0.14035980283333632,0.18713295559209658,0.9165899502790317,3
971.9149086378691,0.13171893177423044,0.17192999408653126,0.9149820083520763,3
4252.584746574293,0.18767273511366514,0.26833315974035943,1.0220331530580837,2
4058.936305387129,0.17357502626819044,0.23830600808032618,0.8641338341904664,3
924.2308248650354,0.13158410116357122,0.17267539549702632,0.943167620311264,3
6673.981257835076,0.2130145553385774,0.3073053730964602,1.0220331530580837,2
3771.949598752538,0.1749358847629992,0.24420021249607088,0.9200294421695686,3
794.7316334271682,0.12841406202251165,0.166580111602525,0.9240189468891595,3
2198.339287908003,0.143292836614819,0.184963357187371,0.7327937585126841,4
2690.186245961743,0.16192050201198074,0.22378625292294602,0.9447220185748083,3
1830.4750311680796,0.14163214420768788,0.18471592808491552,0.7978398631910479,3
-379.3672763913727,0.102695027342088,0.11569373599504619,0.7218409684511293,7
3605.1792290087114,0.17509078068596862,0.24551457156558176,0.9565453010891349,3
1890.8882601270702,0.14650692131208418,0.1959139650443831,0.8818730744944312,3
1558.0117273208068,0.13332087755061361,0.16798992381063732,0.6877199332655197,6
1098.7099959606899,0.13204677323328726,0.1704859152818244,0.848391215194608,3
3127.1755533499813,0.16088453059492164,0.2176438641397908,0.8313688439465496,3
3135.4165918309213,0.1668978993438941,0.23079045526101255,0.9274269944100721,3
316.5622903720864,0.11639054037459577,0.14160763520612824,0.795691393085143,5
814.7359694041327,0.1276881169135777,0.16383701552622376,0.8809038615234204,3
3245.9730595080064,0.17451189054008864,0.24733656337702997,1.0220331530580837,2
1163.8888428262997,0.1356412643357544,0.17909728917875326,0.9206970853128698,3
1980.517372660378,0.15478818704596053,0.21531002481096947,1.0220331530580837,3
1347.4704668067625,0.13689040653889606,0.17934619109109917,0.8623703293355671,3
5861.060616128913,0.20259681341913163,0.2892571619297087,0.9960087108602321,2
2348.473503637676,0.15028073768316974,0.20043114459458594,0.8193083793983706,3
3957.4895500061266,0.17328722932034,0.23884601857462254,0.8705556194692079,3
2184.82737790218,0.15820387876747197,0.22068578258658816,1.0220331530580837,3
1031.6660812913747,0.13361474778257618,0.17604702015960358,0.9385666452146724,3
4554.735515842968,0.1741453595447638,0.23653393512267945,0.8031325361505879,3
938.8548305621817,0.12637008920228254,0.15792304092701664,0.7459656136121982,6
6047.225543065834,0.2047755041088749,0.2933605714679289,0.9940002937503962,2
462.47951380110766,0.1227981364710104,0.15934191267806458,0.9741584063828255,3
1577.4889363638438,0.1326625238732959,0.16613017163035695,0.6666469784811221,6
2666.468814709602,0.15743099872834138,0.2132538352812844,0.8772272162252622,3
3544.9882700151798,0.1678169556799731,0.22940829573108207,0.8648818247881284,3
6492.720942220517,0.20647627428625126,0.2939599432189425,0.9715699589693442,2
1382.2850276136933,0.13696467797471995,0.1789137591084,0.8500266464911049,3
-1581.7931571183806,,,0.689030223008754,9
1119.4797693338585,0.13238834758258236,0.1712196435495571,0.8453809821200784,3
2884.2144799134867,0.15326619347670206,0.2027185327890038,0.7546874385995458,3
3307.826669117807,0.1655276004204098,0.22623297248501334,0.8724809237028124,3
3899.865114274282,0.1825457817594725,0.2597448684988193,1.0113192812058123,2
1667.9009292368983,0.14672853607926303,0.19995388727984395,0.9639617963691027,3
3471.38928542428,0.17824091161164693,0.2545682375759497,1.0220331530580837,2
381.91709183353123,0.11834714874539712,0.14637239359799425,0.8497212955247996,5
6693.98159815081,0.18697794309537136,0.2532075621105833,0.7380813867659436,3
10472.447173349228,0.22377213294348622,0.3124757839952508,0.856502295539926,2
868.382468456606,0.12966689215081723,0.16846129813038718,0.9146010729965447,3
3731.3280137103475,0.17813457381416817,0.25123536427054205,0.9784288737428494,2
2270.660786108146,0.1497996790291836,0.19979203083676111,0.8335020060806696,3
626.6784754677099,0.12691639854319872,0.16694229878376068,0.9817164756630576,3
1626.4085956311917,0.14836201989637635,0.20460565288449295,1.0215641651896896,3
163.6210433176188,0.11323514444902685,0.13552925011208578,0.7723020054778936,6
1072.4618090257895,0.13357453764911037,0.17519920890517826,0.9107618422320325,3
4024.218852845753,0.17685890297962037,0.24582992875439236,0.913279636492381,3
3734.2063751453206,0.17232262374336643,0.23799567421410758,0.8970106833575745,3
2626.3768788056823,0.15222729574552435,0.20223778866311481,0.7913786732491815,3
1090.0787468769415,0.13213480809099568,0.17087404510166382,0.8559638599606301,3
3570.616153770533,0.17576318726760287,0.24741055779086307,0.972072054284177,2
2836.5002112456955,0.16540611011141673,0.2304897815880395,0.9671865955461468,3
1517.250931350145,0.14116545408242018,0.18754541577818606,0.9002873978741466,3
2324.3793388179297,0.1507785762553795,0.20138048214248558,0.839736175588513,3
3294.013344452082,0.16568644355356815,0.2264078994852753,0.8803943410175085,3
1340.564144068245,0.13781017607925605,0.1817553328859503,0.8914302148301725,3
-693.3561616584244,,,0.8467665733274309,7
-399.78592873376044,,,0.8637200802576874,6
2718.910887369487,0.16428075350986548,0.2290894341367675,0.9771616913614816,3
2228.613489115492,0.14473682800926332,0.18826997550531818,0.7502536895538696,3
2794.4554124643196,0.1631534212732732,0.22588028791433323,0.9372238303888967,3
3472.3708394560645,0.16686420316455042,0.22814768960561196,0.8603227871355403,3
3352.5099117047007,0.17629112030990654,0.25081484807051313,1.0220331530580837,2
-957.0866612465757,,,0.8543035727726883,7
3360.662724820285,0.17666787841735646,0.2519719987089048,1.0218203910223684,2
3123.734176542309,0.17180553061643877,0.24245243847726672,1.0047173905945856,2
859.3345775772821,0.12212894115364181,0.14787692527606852,0.6240886947096199,6
249.62313510606535,0.11551744165299171,0.14118164513783998,0.845953931569029,5
808.8553812797786,0.12407520988954279,0.15373162055620931,0.7378609740991413,6
3340.993393064301,0.15995414389408327,0.2141947916850768,0.7771675996997518,3
2379.0485374320397,0.14728349865290513,0.19270273844522312,0.7633712860207166,3
3461.6951705405104,0.16995229748408752,0.23573641842485812,0.9007867628766836,3
238.5882920597403,0.11410357243485128,0.13564308502191125,0.6995954561055194,6
-186.65130052678938,0.10611070673685391,0.1226673078501335,0.7781056469864092,7
1256.3074043713075,0.13552633331710248,0.17698570630309407,0.8709735739968814,3
2989.5697302705894,0.16013556770867582,0.21726772239635464,0.8443254144053591,3
3560.7108066162323,0.17020352604067746,0.2349447774489818,0.8929593580212328,3
1705.738473136474,0.14299573074586075,0.1895639030877647,0.8696449665379914,3
2856.010559530085,0.16029560272136226,0.21819799310724194,0.8813921382167484,3
2165.27877548827,0.1479751755252437,0.19624528586773526,0.830463369425502,3
2961.33456388781,0.14937862050583134,0.19297993465042967,0.6866345482334486,4
3706.4012743703847,0.18097249527418174,0.2581052632493084,1.0220331530580837,2
394.76751542368953,0.11726432835112068,0.1420742700482151,0.7465546800901924,6
966.093223846767,0.13185041076685597,0.17256138252232636,0.9223745315653006,3
3660.279217709589,0.16038072664887298,0.213113797231199,0.7333665822223738,3
2901.0129592738967,0.16330296451869797,0.22494606027357808,0.9178930500534358,3
366.5634506671677,0.1177774562501327,0.14505470053154576,0.8268414958831117,5
707.4231270643279,0.12592882591306997,0.16131268237149926,0.8957279365590296,3
4655.939056670113,0.1927825275792202,0.2769448775205091,1.0220331530580837,2
566.4929011401206,0.11920109551929273,0.14411683991902463,0.6867303881732365,6
2760.3630934419525,0.1663898439986952,0.2338777638062311,0.9996288256149178,3
3785.740587526612,0.17122222016469096,0.23583522606932095,0.8658008608064525,3
1291.8332947159802,0.14149714382574538,0.19251552557470858,1.0043651950750794,3
3045.8677849449145,0.17194245903774572,0.2438274091258791,1.0220331530580837,2
4853.635407353939,0.18517334348398437,0.25849773115660357,0.9015271037478446,2
4708.025311487884,0.18776355734444225,0.26526054644054975,0.951928670930897,2
2363.0990613219997,0.1612318774664346,0.22589593879893077,1.0220331530580837,3
4164.427424978468,0.17608514450612348,0.24322775976906996,0.8803848098953987,3
2984.3844569858516,0.1710505288415334,0.24240074183580876,1.0220331530580837,2
3678.0550359410354,0.16964954334525834,0.2331971304589388,0.8607741838039277,3
596.8531149644878,,,0.8917842975628341,3
1093.7040814907145,0.1376543273603602,0.18619567735368042,1.001916313130376,3
2070.775548599566,0.1522734088347534,0.20765665377184633,0.942592366610151,3
3142.596831063911,0.1603281136391161,0.21623027871755762,0.8204238757691171,3
4533.55350172159,0.1906828392865464,0.272907500423753,1.0166772123630141,2
3098.2820112614345,0.15930283836996753,0.21404553035936258,0.8154561277039264,3
2494.534612091987,0.15239716053110897,0.20374682249112092,0.8245381739261664,3
2338.5768820593694,0.16045119771697505,0.22475264534768943,1.0101756742132817,3
2445.3714922312092,0.15444423912967978,0.20857243234786435,0.8775360632923188,3
1513.6906278030056,0.13632824133110266,0.1755728769479902,0.7804727127745926,3
3444.302430731787,0.17549616505721133,0.248153843680484,0.9903888482933368,2
8746.734396154181,0.217192031009472,0.30528038126722096,0.9016370070554726,2
1050.4316937319586,0.12809914479512374,0.16081223498131297,0.7457310804800902,6
3936.860343145497,0.18183435354585528,0.258418501842243,0.9877869322446303,2
4118.03037748201,0.17148654877619257,0.2339459600327246,0.8214872112439342,3
3020.4350691454238,0.1713595871079633,0.24270302641743907,1.0189065128116779,2
6088.70970141619,0.19625491071183204,0.27463656645377343,0.8959935338369147,2
1603.7897260854816,0.139425686391769,0.1821034887458154,0.8229181888829069,3
2642.526199469658,0.1656447366920475,0.2330445801650058,1.0220331530580837,3
1515.0040759743608,0.14302792151584076,0.1926158928956284,0.9440732525340856,3
1079.4372376799474,0.13098616509960265,0.16800008531827187,0.8249246592106297,3
2274.1251772008172,0.15047851001554596,0.20104262831337114,0.8487633048046093,3
4272.260777097395,0.18174670014877853,0.25464361934136837,0.9424958382390338,2
3286.098519535528,0.1752668611683475,0.24896456059359484,1.0220331530580837,2
1969.5637218634693,0.14388358690366665,0.1887267589425392,0.8022445176865625,3
2975.172786127737,0.16428114209647904,0.2265856917452766,0.9164756267168939,3
1861.6506249540535,0.1429145717699612,0.18780856117809894,0.8116343424621842,3
5223.155096623385,0.18240879173563374,0.2498305192506451,0.830615748020136,3
4022.936681598247,0.1785058986389231,0.24979467472367112,0.9326566155810657,3
-414.39794423330966,0.1014969955915149,0.11380220730543444,0.7538850371670976,7
2859.196153238897,0.16506744464677467,0.2298365127244324,0.9520308076139453,3
-20.411118921667466,0.1096102116731345,0.1284168195725215,0.7415443518075554,7
1180.144498722065,0.1295449104476575,0.1628737033082871,0.7280848368378673,6
707.8724825439847,0.12278622733747402,0.15175940674398597,0.7562579149751202,6
1727.3810141270715,0.14458627548592634,0.19314798575996978,0.8984554220727473,3
-340.0617883041534,0.10481584040990131,0.11804612792257105,0.6132713208970675,7
2647.9493195449813,0.15623695738950122,0.2110089722820703,0.8576021570491117,3
979.0771469913107,0.12987094359186815,0.1667051908038047,0.8469575901719301,3
608.6011141787791,0.12352219353342664,0.15646749155530415,0.8787382907432065,3
1716.6047487248293,0.15006780396188332,0.20753164659690804,1.0220331530580837,3
3588.447142825255,0.15911025951027113,0.21038239477984466,0.7307623297392905,4
2661.6574607284374,0.16167674801772594,0.22337015317389158,0.9491197821249313,3
340.3597363273765,0.11658021343801014,0.14150704685944226,0.7702021294331759,6
1106.6641039913814,0.12884320595057946,0.16173876946722887,0.7447593117000297,6
1579.2782405441899,0.13834615924397442,0.17981754819975332,0.8050734669327464,3
1297.7043323967491,0.13982627346194937,0.18801544751659097,0.9651410229437815,3
1249.712681154647,0.13715945830381313,0.1815515391968802,0.9188744393753941,3
4361.748352536002,0.18884097222016866,0.26989657156664193,1.0220331530580837,2
3285.559471452065,0.1668842805495842,0.23007383036601825,0.8904295633126841,3
1863.0003885591746,0.14152799016937934,0.18434875425828068,0.782911062149704,3
4355.12769989737,0.18066511136394184,0.25258206934413463,0.9056466698715359,2
8312.752106601476,0.21957410955046722,0.312481583198678,0.9514715353342109,2
669.9707308755499,0.12554152763605092,0.16113664614240403,0.9133170656077878,3
-150.33371216178267,0.10709751807235082,0.12386891834994461,0.7389625876005887,7
1636.2455369995444,0.14258935059106084,0.18977715492910652,0.8827214800778859,3
603.9910268767952,0.11959435695971483,0.1446461516850832,0.6753899752155642,6
-213.50357642271047,,,0.9091515892789144,5
1096.8259287861379,0.13199275560737087,0.17019329875474798,0.8497872974567318,3
650.460615892121,0.12550872481151598,0.16162119703112696,0.9308282669276402,3
107.10648854183125,0.11170802945348444,0.13059051089348944,0.655219590338299,7
2386.411149625698,0.15243718409665238,0.2046515035914127,0.8542635786021695,3
1400.4735062768427,0.12991101138172778,0.16145042702301002,0.6503221598172588,6
2496.0722424496175,0.15833632013755053,0.2176475927797583,0.929100011001264,3
4128.017480214677,0.1632676220236135,0.21684266403572108,0.7073583837578652,4
2358.2226788783396,0.1524590093259576,0.20500709504576664,0.8616749037301326,3
3602.702564035488,0.16285679350467044,0.21858954022536636,0.7791992163098708,3
2083.065008039195,0.15665762963471935,0.2186498222712544,1.0220331530580837,3
-788.4627913476775,,,0.8325047467624693,6
903.3671343057964,0.1333228824783873,0.1784029343187285,0.9916612404510491,3
1114.4163891830879,0.13225406846231635,0.17086454356067413,0.8450578053393375,3
3730.877526158164,0.18141198743378484,0.25903560210936116,1.0220331530580837,2
2060.372463196995,0.14935925660583965,0.20072064263331418,0.8876434592764642,3
440.4808776833057,0.11815943251494901,0.14389354333543458,0.7514561402912677,6
5903.897515440454,0.18704299995024487,0.25630407969729274,0.811383639071157,3
1787.908348432691,0.15129993354939872,0.20929104388997072,1.0220331530580837,3
5226.314053317436,0.19836422224425404,0.28430465022465806,1.0220331530580837,2
683.9964293737105,0.1236853578950104,0.15493996906188842,0.8171529515496125,5
-1016.9505941642574,0.0896376327696089,0.09104231036235437,0.7020683040096068,8
3749.5915969995413,0.1801790013023492,0.25588679978936857,1.0025990677169196,2
3111.723174250536,0.14904253056893144,0.19177080795543588,0.6531207048707003,5
160.05347277740464,0.11376449781673728,0.13873241159708416,0.8768251416812396,5
2759.032462871253,0.16741389786384386,0.23587805700881292,1.0220331530580837,3
2877.63207248525,0.16956485336731933,0.24020783233427212,1.0220331530580837,2
1359.3383471055063,0.13417002767855596,0.1720151411211191,0.7865101666725346,3
-208.20419704606067,,,0.8602809346362552,6
648.2071185968593,0.12095752076093053,0.1477897411465165,0.7118645073169007,6
2900.342206014144,0.1698334803942998,0.24048818038936592,1.0220331530580837,2
4069.8821444737405,0.17375729268223955,0.2389405339268706,0.8616156228594686,3
1947.0738632637115,0.14722123314186325,0.1972657874197467,0.8751996057571731,3
3815.188536888026,0.17313771077297135,0.23931213052383102,0.8937450567016484,3
3410.0413422693787,0.1705463585291,0.23707203589838172,0.9242323876557025,3
1930.077681977077,0.1491897130108555,0.20229583123436895,0.9216600464406007,3
2561.6199080335764,0.15486070391261822,0.20855547162846055,0.8548688919264429,3
2148.5447788845086,0.14827734911268642,0.19724389077018717,0.8396937028738709,3
952.5109253353547,0.12935460761500508,0.1657851521116755,0.8455931474808981,3
1512.4874227049559,0.13481295940737256,0.17210702356787808,0.7399334713345762,5
3560.5107880988476,0.17871435401702918,0.25384362799813975,1.0220331530580837,2
4173.358072065014,0.18681777981055347,0.2671970077975857,1.0220331530580837,2
4239.944623978746,0.16745054336633983,0.22388502987978426,0.7597758246380848,3
1213.4177187920204,0.13937273750716486,0.18838665233161012,0.9932109855074975,3
2140.7497477604356,0.15254766569496495,0.20767253457743207,0.9238272953780313,3
2436.881692686089,0.1588236500923813,0.21940871079023055,0.9544091704934242,3
2440.1862689041786,0.15894691191870156,0.21952229478883964,0.9572745676934553,3
382.293049272959,,,0.9809959295221737,3
246.84653001185245,0.11638501258685213,0.14529293393534323,0.9251218944499922,4
1717.6811054743948,0.14007167083063907,0.1821740255832993,0.7999043628487202,3
2040.9885798732548,0.14862268971055534,0.199374384067778,0.8765107170185934,3
1876.7902544206022,0.1431514845006859,0.18784363773011142,0.8162882432042766,3
1584.1721267037365,0.1442129710241716,0.19489401033461037,0.9390324244511619,3
-477.85028547518357,,,0.7720119977973164,7
1284.2928518329268,0.13859704976875947,0.18479023327890898,0.9406481814362203,3
3111.4850883971426,0.1728207431924602,0.2450922512754915,1.0220331530580837,2
2383.7735091144123,0.1514496862871056,0.20226990583360027,0.8380444975651024,3
4573.456550963356,0.17312903548490793,0.2343963115203224,0.7867925849349585,3
2707.3681367423787,0.16254327827746243,0.2254027474944451,0.9473721478449016,3
2404.1396736191073,0.14673468498613146,0.19186198208226415,0.7406362783537708,3
1513.507249460488,0.14467100948986628,0.19671404382461338,0.9868276815346305,3
989.2252014887401,0.12860953516728843,0.16306773810101738,0.7975119158086982,4
2900.968030164986,0.1490451997995479,0.19313548914069542,0.6861730791696863,4
852.0332611364669,0.12820303015405446,0.164604221755144,0.871535145714974,3
282.6638709313903,,,0.9033405563398025,4
3126.460938080065,0.16453726207146246,0.22580447980217294,0.8890847513909297,3
959.8494210061695,0.12531724924901944,0.15468863837959362,0.6974544281870323,6
992.4386557714035,0.12955913682662876,0.16561409554014977,0.8279965348982041,3
1022.5801559387785,0.12492704015098753,0.15308710410081405,0.64885557352077,6
3285.4255225929905,0.16324410106017248,0.22128376691471202,0.8424407518074993,3
2311.555781033499,0.15701949876720392,0.2162529493762122,0.9599969066222888,3
1052.1165447782962,0.13445660763882195,0.17812561081736933,0.9505963274131,3
2966.219740558999,0.16110275246328454,0.2193057064370805,0.8685051475726713,3
3454.60004870121,0.1775072625006942,0.25237897531151243,1.0220331530580837,2
2570.189076074778,0.15966443380057174,0.21971561340033072,0.9362636432384934,3
-341.69373784627857,,,0.8980707917897931,5
1933.7242632426944,0.14559235605147486,0.19333694374290644,0.8471078040341263,3
407.83930673609177,0.1164946847065949,0.13915924237971933,0.667503062944993,6
3449.821873458341,0.16719387429411656,0.2290359441722103,0.8693312356745184,3
2260.8060392852203,0.15980806408979334,0.22421673580029167,1.0220331530580837,3
2453.2521258960237,0.1615964436738978,0.22625138648581927,0.9956000301577744,3
3968.369940570247,0.17132763400441037,0.23428427315120645,0.8444438366148915,3
-551.4576033231195,,,0.8507699703464562,6
1972.9878606748962,0.1389473981270385,0.17725075771377308,0.6978294672684278,5
84.78773666792013,0.11167245475789972,0.132587884163695,0.7658510568118191,6
1935.9717135046822,0.14192902325739856,0.1846299897588324,0.7690702851725426,3
3046.1074966940173,0.1642625035849051,0.22571530981877003,0.9030673746986909,3
5450.644451838847,0.17809923773425002,0.24029557856520115,0.7510870706703459,3
3208.9965747108304,0.17218230599737577,0.24236587167433754,0.9930964283818834,2
-985.0063087591086,,,0.7649705424628236,8
1328.954158817174,0.13833591619086297,0.18330340811062346,0.9113592589737103,3
2784.218714338817,0.16778929125885045,0.2364725870495022,1.0220331530580837,3
1351.6780914362341,0.13478610083720927,0.17369310635585863,0.80621091685437,3
1187.5848746270476,0.12931424034895833,0.16199651087717942,0.7203537589316923,6
4525.519640145041,0.18408279657778626,0.2587291564534099,0.927342335901836,2
1582.1889313728398,0.1341469103202144,0.16943626208194476,0.703882813895489,6
2041.8001282323432,0.15599399377315426,0.2176783909082587,1.0220331530580837,3
1253.0079444104842,0.14099014677576632,0.19202682610775818,1.0078503273622876,3
2149.526188461414,0.15131919372379343,0.2048794377275044,0.8942095785850112,3
2319.7827848388515,0.15503702610349146,0.21121911612572153,0.9227012172700875,3
2766.2789025879333,0.1645115906836509,0.22978286635370754,0.9617910312630168,3
1198.8198172700952,0.13412372442498965,0.17420225502901301,0.8597861101334607,3
5310.2251503760635,0.1929119218589221,0.2719658629561309,0.9433158742143958,2
2449.7337824016895,0.15737660544864415,0.21614232270912906,0.9211795632090072,3
-1921.0043754618457,,,0.7918693305826557,12
539.810707251633,0.1236248856758721,0.15902805821133373,0.9443944304749916,3
5143.52383115653,0.1876182859803521,0.2625264397614955,0.8891278801763466,2
3072.3002866387424,0.16826628971193713,0.23485187954756845,0.9588877282033081,3
1499.0116361528042,0.14591375130003148,0.20044216157657505,1.0168422407193025,3
3096.7605675985255,0.15729927763059093,0.20936516023430157,0.7871983308302537,3
1496.5614433328092,0.1325482370674763,0.16665242099570604,0.6897348911823767,6
4021.1747630493373,0.16576399324412705,0.22263125286935975,0.7547287781657216,3
3746.194953758979,0.16804894439728743,0.2283593353156903,0.8362756455872665,3
1544.8320505272175,0.14410917588757005,0.19483512836814043,0.958349478723188,3
3871.811677676743,0.17563733897277417,0.24508494303954653,0.9119335733542789,3
1921.9465582004436,0.1409879539965914,0.18236075717595673,0.7555270259449299,3
4239.24908797356,0.18738308910051277,0.2676375711896981,1.0220331530580837,2
3804.4002650807806,0.17509589783176127,0.24386280989892836,0.9217324169592802,3
1251.8597523870874,0.132720986253571,0.16997545822669058,0.7904657281316528,3
3198.4738679071847,0.17412225395610223,0.24731382915051658,1.0220331530580837,2
4841.509434276557,0.17895009199910422,0.2453087271445839,0.8256113729495366,3
5304.260947435088,0.1836026635304734,0.252367514219077,0.8309918870190726,3
2113.6860860703223,0.1571130866856038,0.219220194992522,1.0220331530580837,3
4768.225847948511,0.18188323663662231,0.2524940350791439,0.8654257603911815,3
2527.5880522599136,0.16014097304896496,0.22136547341469848,0.9551237061448057,3
5805.553986504846,0.18765824612064536,0.25819483813465927,0.826454376737615,3
1473.2239826390387,0.13637973947452342,0.17616474002643373,0.7976166661292587,3
1500.837319196122,0.13808289109356345,0.1801652258211106,0.8284422076841378,3
1700.488886086512,0.14278101670115573,0.18905397824855755,0.8671704929139908,3
1142.7858822442647,0.13252930859216577,0.17088986985309024,0.8413069299056414,3
3518.621048022199,0.17846484209567282,0.25409299108941924,1.0220331530580837,2
-1028.1958287159869,,,0.8370433065975006,8
3263.8017887336323,0.17198001477636354,0.24127430450935206,0.9793667451106313,3
1916.2017223163798,0.14096641877113145,0.18223496249756865,0.7582272208021955,3
2747.6583280449227,0.15398408235332683,0.20514792147278055,0.7961162261718935,3
4120.287852848793,0.1695965000982142,0.22983235173924188,0.7964324687708222,3
1185.805863985834,0.12829654610850416,0.15950521040558674,0.6891849806630631,6
4494.889145353884,0.18282020811466285,0.2559948266985885,0.917447515863268,2
3592.0468569942273,0.1745631715883974,0.2448950146306743,0.9460160727326903,2
5303.287873495244,0.191326318659776,0.26899627229904577,0.9204870296983385,2
3576.055978751838,0.1790619090483233,0.25469133767946917,1.0220331530580837,2
6205.518836001614,0.20775858309107206,0.2979165500601084,1.0220331530580837,2
1626.7159276804935,0.1390022964646051,0.18090488019624898,0.8030717870719747,3
3011.313213314304,0.17135258982598317,0.2426865120367438,1.0220331530580837,2
3446.5509869416937,0.17713524829177918,0.2515779505716639,1.0182963745789362,2
2100.10308752173,0.1502040107293397,0.20263599728641568,0.8885929997208382,3
3183.282916431841,0.16783364140956109,0.23286741971533045,0.9280730006492058,3
4505.643950214923,0.17141454564425657,0.23111936233290184,0.7738725529111897,3
3166.506752658113,0.16385575677850286,0.22410221662685217,0.868644496912595,3
3280.322306552962,0.17250724970417652,0.24273106772234315,0.9796390082603785,2
5441.7683243370675,0.1792807967659428,0.24284692404016828,0.7646130649659121,3
3608.4347637934916,0.16350979214694233,0.21965171164083583,0.7910551885370761,3
3862.2915678232985,0.1832337158468363,0.2621487356231228,1.0220331530580837,2
-339.8412856248719,0.10184139765433431,0.11561710175919873,0.8456293977893254,6
3108.1433337510043,0.16952611257656824,0.23765777528496987,0.9682683600809734,3
483.28382935482153,0.1224698591639026,0.15723703148760249,0.9477580466153513,3
5653.387507430296,0.17286874685059955,0.2288300356753098,0.67429417506939,4
2716.804146512939,0.1573804650881357,0.2130472237498907,0.8609190964842949,3
4516.995673894484,0.181305027460985,0.251779762658407,0.903118630185089,3
1560.6798799299688,0.14055697633812086,0.18556461754196796,0.8656713718077872,3
-355.8339905728499,0.10245295300728685,0.11586642082002077,0.7751099521294292,7
3052.306212715956,0.16826992879359748,0.23476799762211165,0.9664438071845586,3
3036.3412228324014,0.16673569477052294,0.2315537383761694,0.9436143220599946,3
2099.250213043399,0.1457008273207066,0.19198359743240878,0.7990827646223718,3
2046.6337614848344,0.15605462695302783,0.21771901893444012,1.0220331530580837,3
7515.0240116299465,0.19533093929321696,0.26675666035080203,0.762567075189592,3
4215.833806846512,0.18736415565617795,0.2681058613095957,1.0220331530580837,2
3713.7727608320693,0.17285804313551126,0.23947070546782928,0.9066947849941818,3
5978.483879663994,0.20664312038734356,0.29796516686910757,1.0220331530580837,2
4828.306141980042,0.19403676556357824,0.2781936697661877,1.0156395204481345,2
370.1036914691777,0.11665897521397713,0.14081927269890004,0.7304970330118051,6
-372.637769359401,0.10235011543509248,0.11542999740504457,0.7568570722334094,7
405.4256962517024,0.11745799622931374,0.14250851945489557,0.7456180023277478,6
2705.880602073818,0.1668957520480035,0.23573197165169407,1.0220331530580837,2
2232.313783678035,0.15881267072345512,0.22189801641470697,1.0149010428053913,3
2079.455792872548,0.14716420953700438,0.19550883431620603,0.8353212406154981,3
1234.6945040025944,0.1324684350095595,0.16945452365180244,0.7925488000268751,3
5091.819256100735,0.1941000592303681,0.2764786227842706,0.979782340744668,2
2798.253554025628,0.16395199043272446,0.2276758527521452,0.9499862619244507,3
2277.0028290101473,0.1597475668071639,0.22325872661422183,1.0220331530580837,3
2014.817087487172,0.1393650164500287,0.17796754222363237,0.6945361336399926,5
2061.6899620456497,0.15220407848973994,0.20830044890317365,0.9362591816968933,3
2756.5426343073905,0.15852431324292415,0.21521770630224635,0.8721989986166463,3
604.9376926548953,0.12320493913548494,0.15561443736078223,0.8658297411587033,4
-1058.6506062870665,,,0.7504039535853908,8
3233.72907362176,0.1731384062491998,0.24448883171717173,1.0009890586643657,2
2191.892831489229,0.14391850043602974,0.18667924536493963,0.7438519424974868,4
5486.166442291033,0.20128879974909072,0.2891364746239562,1.0220331530580837,2
3856.6584136149627,0.16285524247832664,0.2168372840842494,0.7441165633366319,3
5495.683377675079,0.20099896614747204,0.2880329283401808,1.0220331530580837,2
1725.4050610099805,0.14447416536231691,0.19356319943617561,0.8889458487026847,3
-654.4356686680859,0.09760239498973533,0.10604566707525012,0.6977335656320811,7
3390.1121655018496,0.16151594949551512,0.21704971581821156,0.7945553695780494,3
7428.59602722635,0.20128794177908282,0.2793933066051978,0.8258594563874961,2
6177.460706050991,0.20754398774588478,0.2983071631977509,1.0145258603030916,2
3455.706416351571,0.17421315313767988,0.24493399183556908,0.9709458543685481,2
308.2734542220799,0.11551287317661268,0.13853742770734245,0.7257336794831197,6
133.3094397790869,0.11286764588439839,0.13581027156578793,0.8199726622850132,5
3757.199921405484,0.16394253360404046,0.2197472470914363,0.7733746762424668,3
59.041831859922304,0.11138569417471447,0.134067219483768,0.8670246398605683,5
1717.563452472322,0.14521828670312975,0.19530725150871148,0.9112715551818065,3
1824.4633882648263,0.14105542032020826,0.18342209564034426,0.7868722433743973,3
3818.723981938471,0.16950681141552193,0.23109465136167273,0.8447908694728083,3
1545.5809891063695,0.14170922921202878,0.18890775369636686,0.8971229583286638,3
13.687997236786586,,,0.958757809302347,4
3513.739632427106,0.16093341715732096,0.21491037623127346,0.7665127775581048,3
1794.5034274509403,0.1424395911462853,0.18735225734308192,0.823690494742177,3
3334.6069155969426,0.17127230222977236,0.23904218879106343,0.9536294861219599,3
1031.5970677521539,0.12766668860012942,0.159822655957214,0.7427081343538051,6
1630.5025763868528,0.14087467127683345,0.1854130755455117,0.8466308606949177,3
2864.6467477073293,0.15833833357282853,0.21396023858578697,0.8443125047268888,3
-500.8141883283523,0.09917373189282444,0.10970585178074548,0.77406290982267,7
933.1686293466184,0.12768234198483697,0.16154631553727083,0.7977375055782917,5
2801.0469897455696,0.15726098714485484,0.2119973336590192,0.8407413841247614,3
1516.7828142960263,0.14111342073720157,0.18739294888364386,0.899465265495392,3
-93.88470119118506,0.10843874014180985,0.12520295986287236,0.6636039749046296,7
4272.397868589845,0.1841973652498382,0.26048107849783264,0.9708098739310351,2
5430.50202846759,0.1810142537467073,0.2461536241888098,0.7891547787104154,3
1598.5854645360405,0.14201209625243794,0.18863291382476752,0.8863738490159366,3
-1633.4214008139809,,,0.7893202067825249,9
3584.1676802001157,0.15974054477810573,0.21205259155340173,0.7370968282910539,3
-120.80062355394955,,,0.8929195029894963,5
2213.972586323359,0.1474817322889977,0.1948496729830367,0.8052408634370712,3
-972.9051761107594,,,0.830113987771787,7
366.30863141511327,0.11945064611882122,0.15133356482838284,0.9360517379162202,3
-216.91329652813096,0.1058119339563291,0.12148656476565524,0.7345548503705648,7
1160.955013906739,0.13128383211624173,0.16741467409228794,0.7930071503328483,3
1397.8946025864188,0.14035615571656312,0.1875139725321788,0.9309778824364051,3
2355.119041378198,0.146313824974186,0.19074068273585,0.7506168994144099,3
3370.3175158788276,0.17403474446464315,0.24541444462956863,0.9841686560715761,2
4213.293610583456,0.1763388035216849,0.2431677696789848,0.8795842270882768,3
2018.561630835357,0.15110281220822802,0.20596626628830567,0.930283954198446,3
1248.4791202167587,0.13253874559377438,0.16941733007261067,0.7885650105117551,3
1725.7853132047298,0.14648531447919597,0.19835194816150764,0.936879057351611,3
-335.92366652578653,0.10273375238348309,0.11653306590487775,0.7877737217073161,7
2056.819364850604,0.1452387879882736,0.19093462364744485,0.8060728393611947,3
2596.520040519843,0.1596169158277917,0.21981488177807482,0.9232807970932769,3
-2157.4367091676413,,,0.678061550994672,9
2222.5181014698073,0.15658544534508112,0.21685341664779118,0.9723651287286482,3
2665.234956770433,0.1662006727755397,0.2344432818397763,1.0220331530580837,3
3985.606668795671,0.1668314356089468,0.22482660717541877,0.7770810455599166,3
190.0681767226238,,,0.9626929049412842,3
-509.56816098428715,0.10026728145339803,0.11106543821424567,0.7109088160535195,7
2740.150326990805,0.1577458649953769,0.21350613684408015,0.8636373847123089,3
3135.313567826473,0.17290862219215342,0.24467026511774748,1.0220331530580837,2
1609.9380321057342,0.14714514513771068,0.20176644126077015,1.000428372891885,3
2949.131590726669,0.170284866241127,0.24060525865934324,1.0220331530580837,2
2580.9133227449906,0.1536068009162592,0.20532304225162076,0.8303065055548787,3
533.1640244728167,0.12460208112934198,0.16271763662080052,0.9776503470119017,3
-1910.849291310422,,,0.7781055385778343,11
2453.0476995079034,0.1567636808331372,0.214221799842926,0.9142224394127313,3
5566.825352211563,0.195256104258624,0.2758427740096522,0.9363127070690992,2
801.6844680098692,0.12581287624443577,0.15868520877029374,0.8157354463076987,5
2218.0046441318336,0.14738604274516554,0.19454950876206564,0.802801065100836,3
3883.9546892825642,0.1634962578928935,0.21830678808946688,0.7461943788430667,3
5456.859309444354,0.19597416057131345,0.27810851229442046,0.9573102191570841,2
1284.757450412974,0.13633453233869663,0.17863832451366762,0.8796920073597588,3
3625.818051009862,0.17529314708408492,0.24563051923323662,0.957517816656767,3
4689.860365602486,0.17949956648371887,0.24688689983413498,0.8562653215738046,3
454.48211566194755,0.12185580420009501,0.15623639083605664,0.9492112147542231,3
4231.368905549953,0.18073917012552562,0.25322962711870783,0.9296164410269505,2
2208.2198908137716,0.15409233186146598,0.21098650694439128,0.9289534232961963,3
1027.5433449995917,0.13051025577196929,0.1674593548101257,0.8407782892059081,3
2318.1893841776455,0.15263990689190907,0.20583552695388796,0.8756660829224574,3
367.8846826147972,0.1176425286922495,0.14437153178751033,0.8160831954652893,5
1441.6578349234119,0.13956748642222014,0.18489379086495325,0.8892496802911893,3
2268.8976903060493,0.15581966807385472,0.2138630350938911,0.9500968275666124,3
3273.219372692444,0.16396383276742205,0.22323338188070924,0.8528800567535807,3
4012.810275944173,0.1828990960860211,0.25961974748643113,0.9960567978140809,2
1106.4635366629107,0.13094765555788399,0.16747350641308012,0.8089332752459153,3
3920.040217206458,0.1757623664159837,0.2444665834478655,0.9117480182478875,3
2013.3962032866082,0.14690707771269448,0.19546164794446672,0.8513010382067582,3
4343.842661675626,0.17606845389664158,0.24247213841699705,0.8494551713666447,3
1241.715106302847,0.12943864386988937,0.1617208587327696,0.7000712824902132,6
5040.025141804562,0.1809519612291297,0.24808245020103642,0.8304575480258428,3
1210.293839617618,0.13464514267980124,0.17556602129880045,0.8670944210868656,3
1895.0767714032422,0.15052384118534978,0.2057721408677025,0.9651952809859107,3
2816.7400916991787,0.15376443043096524,0.20369786585433763,0.7829466890054005,3
2357.5936707217024,0.1550123291346609,0.2109334891218168,0.909802281347801,3
1732.5650932139786,0.15045073467154005,0.20842616020891003,1.0220331530580837,3
1288.7476168499181,0.13722608364569167,0.18110412429123243,0.9002845508079822,3
2759.5670956263043,0.1574026613498063,0.2126141740216553,0.8528553529326256,3
3313.272666839958,0.17307185377148923,0.24363477751430762,0.9823909325686492,2
1272.5440321971719,0.1366161931208808,0.1798300630551239,0.8906430879402939,3
1857.9897108142818,0.14625157293521626,0.19592512027666092,0.8848393710822928,3
2055.6428531219008,0.14896942969262467,0.19967246058549795,0.882912087948577,3
1175.525446738086,0.1297140305703579,0.16324447842525844,0.7369710923700261,6
303.66376189082445,,,0.9695051692583956,3
-1813.610428814316,0.07347871744468648,0.0593859953738502,0.6589622081013929,9
-95.40083749340636,,,0.8774643237553209,5
-144.01184370196472,0.1068538994093615,0.12452708444325257,0.8076824364314823,6
2233.009343395486,0.15063749982182342,0.20205960044986568,0.8604895336600172,3
3799.2215029429426,0.18251019420458764,0.2611768959177426,1.0220331530580837,2
2039.5457488693914,0.15548563788888714,0.2161594971188606,1.015685874305613,3
1112.8343700131736,0.13534073144883224,0.17912581476521158,0.9427462448575018,3
837.517838004707,0.12516751408784332,0.15635064183370562,0.7622524158766748,6
3444.4493158934984,0.17717033692988488,0.2514187208573276,1.0220331530580837,2
4868.442920015496,0.1924047964967031,0.2744255822879496,0.9875249572174074,2
2635.4660480291454,0.15591378255285238,0.2102779108696268,0.8560419758631486,3
1095.8287279577607,0.13109936700029723,0.16800964666581422,0.8199133198018208,3
1999.734347118296,0.1452584257951458,0.19152860087415324,0.8233798250611717,3
3317.6061632557194,0.17451341347696142,0.24675145314467956,1.005418594506618,2
4324.2450784601715,0.18827660674178334,0.26879228731813787,1.0220331530580837,2
578.5589884714375,0.1216283725682843,0.15121405024801796,0.8123491047714049,5
1292.8952235225584,0.1307461704908747,0.16441112509637607,0.7167744223984254,6
-451.04703386425285,,,0.8809714106546043,6
3396.7978936795757,0.17698545138100608,0.2520951308815712,1.0220331530580837,2
4682.9589854836595,0.18562768870342555,0.26056536254436646,0.9303694589511504,2
668.5350537689926,0.123649962759464,0.15518518213993965,0.8290079703697469,5
5959.655939251712,0.19573684245733602,0.2740751564619131,0.9050937882451827,2
-295.53483971876267,0.10439565634569592,0.11875252990794254,0.7193812157962501,7
2229.3834719735137,0.14564557443991363,0.1901506252894251,0.7696244195904054,3
2295.507557935707,0.15113038140234497,0.2025046053029656,0.8537096951134955,3
1654.0501607491976,0.14886874529001948,0.20541477140286585,1.0220331530580837,3
2244.0832750071304,0.1563051645032829,0.21547477421554506,0.9651807966573487,3
3497.3825353889824,0.17285318084941534,0.24118900778012176,0.9458856226855911,3
3392.3810381048916,0.17380639143757437,0.24500464373159053,0.9725531891714801,2
3066.478300225197,0.16123025098668228,0.21850201711476985,0.8529351780874792,3
2626.4896195055144,0.15587865406450876,0.2109025243906217,0.8504763790690666,3
6287.576583203321,0.20869405005996666,0.29959705006767756,1.0220331530580837,2
323.2029073522611,0.11638162839608415,0.14132695639673332,0.7827041642117372,6
3756.6609917399587,0.17094207089285193,0.23475094095374527,0.8740531716350116,3
1187.0288176178278,0.13306495487486245,0.17171003076455238,0.8332458460280128,3
2698.960207203199,0.15273945531762365,0.20238463104105903,0.7892813460666442,3
6992.484057810716,0.2111529990593226,0.30113752150864453,0.9753284543355148,2
834.8953742759993,0.12438395839635635,0.15408026666045777,0.7344718968662312,6
-555.0442912806603,,,0.8647648149313422,6
-1284.9114765345018,,,0.7088485677832812,8
4657.583158686127,0.18995632839514653,0.2699777203415579,0.9928196942206942,2
3338.7109469998045,0.15573249660974403,0.2049547805874682,0.7162605553125255,4
3392.4155078537988,0.17494015705879068,0.24721432566439036,0.9942177958944666,2
3008.2746064979874,0.14545506710182965,0.1847378890866821,0.6131251958059799,5
3779.3784484335033,0.18005105668980836,0.2548227484337985,1.0009003827947964,2
3705.311591245053,0.16221125904994554,0.21647022012875825,0.7555729902842518,3
2696.8194306207615,0.16041971826170995,0.21981783891351372,0.9216206728046173,3
3828.646028133473,0.16601730492711797,0.22367224450281348,0.7925815447870577,3
1559.2554338943796,0.141140193033516,0.18700017906467115,0.8810126981763293,3
4407.362413999132,0.18973229894509133,0.2720508322556271,1.0206253251995168,2
2299.4096711196635,0.16019417490369958,0.22420678445341768,1.0220331530580837,3
1049.2079400292891,0.1243285572626064,0.15119806391194296,0.6166717473613744,6
6036.8854637880195,0.19356433149132507,0.2696055310625525,0.8671180600016358,2
2634.996487070901,0.165738612542009,0.2337072503156378,1.0220331530580837,3
1682.740941911126,0.1412879087609327,0.18556615022971523,0.8396904608162464,3
1737.6905640963366,0.1402241434072494,0.18242835794844725,0.7954089603221062,3
2757.0076559242157,0.1644708442342562,0.22936361698302787,0.9682689014884162,3
2696.594210596135,0.1634717638518851,0.22757205561902089,0.9673575366374659,3
4947.478565720739,0.18383094633163638,0.25454397214125496,0.8784652830338017,3
2230.2504524813467,0.14429220809288387,0.1873333569037641,0.7402850668530401,4
382.9579646674738,0.11855700455053014,0.14711757424120148,0.8638542936956364,5
-421.63135368014395,0.10199257720169044,0.11424202082944251,0.7137601540392848,7
7401.457503298582,0.19373832517067063,0.26467503317799135,0.7477194536437021,3
945.8119544297617,0.1308858088798843,0.17012166291169706,0.9045416924079317,3
1411.2124473051538,0.1442743961595625,0.19792949200091248,1.0159322485796378,3
5538.318648401296,0.19210826287217064,0.2691222452562215,0.9042740320299445,2
2470.2406601879748,0.15119579769370833,0.20075902995486106,0.8137807605133567,3
1549.0673966015597,0.14039693634749711,0.18512358410243906,0.8687135534264968,3
1429.5501139875846,0.1358382127058576,0.17532508290969417,0.8015754097215028,3
3766.9961209487387,0.16409590057605783,0.2198093300276014,0.7762850095814522,3
1755.8379355801403,0.14124977256897187,0.18463842451492382,0.8132823411314288,3
5532.696146897444,0.19208057882897273,0.2685632629290922,0.910455048087044,2
2659.2830361885594,0.15368174603145238,0.20476769741962925,0.8145329188950774,3
2614.4279976353123,0.14322878341818068,0.18225781899327553,0.6406163356444768,5
3412.897954868244,0.17712048000394143,0.25213596164394403,1.0220331530580837,2
2708.9962939444126,0.15474640276124774,0.20709173987361285,0.8182584861602684,3
3093.256210496717,0.1504528382444733,0.19487207787242372,0.6778446079744943,4
1430.3809083813267,0.14459729675063507,0.19829921589516747,1.0150931627900879,3
-40.92309591908975,0.10918565101710556,0.12808546303458576,0.7614652342126761,7
2846.7713897460244,0.1520558922380588,0.19984624978169452,0.747353362582263,3
4249.510618104706,0.18804940474574325,0.2696880191120725,1.0220331530580837,2
2928.246854092912,0.15587033700521719,0.20776383076845376,0.7928768314078699,3
3857.5695012742517,0.1747855713990248,0.24263234168574851,0.9099437241127436,3
1849.4203971522832,0.1459892684011721,0.1952710944278806,0.8834731857872943,3
1065.985969269039,0.13359534365354192,0.17525989225214286,0.9168026086407608,3
2631.632479282259,0.1484329024843647,0.1933538104207401,0.7289623298926313,4
760.8459741878289,0.12686336455681158,0.1626905878372782,0.8898878759024011,3
1679.5323402074532,0.14556284487798624,0.1966332760646765,0.9347343998963477,3
4771.7575639197175,0.1865865246370959,0.26187304208651774,0.9325204687410642,2
100.00196186552691,0.11253299000791234,0.1373846403625066,0.9034269694673231,5
3146.998862892182,0.1730468354917321,0.24512469758701627,1.018955643252729,2
409.62044478825976,0.12016843570854693,0.15205860973728708,0.9255770265701616,3
1844.276033201174,0.14501036987367116,0.19314723792849692,0.8617151661374929,3
1851.0180425240949,0.14340816408139292,0.18893171901981987,0.8278112181646082,3
562.1055665704274,0.12009935794148988,0.1471058123512194,0.7401353402489075,6
3590.7374318271077,0.16735101660378865,0.22836094228478032,0.8469667891152193,3
3122.4806396658423,0.16753642316934933,0.23273202816199046,0.9361954716858002,3
242.2773043173914,0.11683602246794185,0.1477775379269588,0.9575911209176488,3
3229.3787342198975,0.1624202062812401,0.21983767866331622,0.8406457668031336,3
5533.969625135684,0.19112073224478088,0.267282089472792,0.8905421540423984,2
3916.2668710667754,0.1736385863014221,0.2394888409358828,0.8864306947646582,3
2458.298607913518,0.15299265636740536,0.20541764095869444,0.8444152680948389,3
2890.4677121087584,0.1568353951154677,0.21034311391631488,0.8145892988437154,3
5480.595577488395,0.18624373152651974,0.2569090197859624,0.8435638523609297,3
5456.023692315235,0.1907110208159793,0.266613631848304,0.8971930571432852,2
3671.536226767311,0.17768558616553498,0.2509925304326317,0.9800386232501961,2
1322.1893311211625,0.13987261110205518,0.18762352121957523,0.9545007199591568,3
1320.5761520953754,0.13341706713426904,0.17095813164396528,0.777934362991218,3
3192.867734604935,0.16785836705612386,0.2325604622186802,0.929550004741664,3
1516.43579336206,0.14657492184815055,0.20253853895264906,1.0220331530580837,3
1740.0179572450643,0.1379950101775648,0.17701195612989978,0.7447570623462628,4
7181.033680741975,0.2146982630853017,0.3073966219770228,0.9995763295055957,2
3210.2830600359266,0.16415697900501985,0.2237826504471741,0.8717162200917793,3
4105.431830116624,0.17045594203809744,0.2310254906096816,0.8178146305253157,3
1349.5069304903159,0.1373353520712044,0.18028311828020377,0.87563379143748,3
2789.718285151327,0.1681599166544402,0.23774947179663286,1.0220331530580837,2
2337.463496524312,0.1502289517775353,0.1996765338306432,0.829422943565388,3
1769.3528372102528,0.1377928545373834,0.1765483127652261,0.7275579664089947,5
779.0201248687054,0.124750043676886,0.15634044004800676,0.7846862982754235,5
5085.255848923877,0.19655799338115684,0.2809968200173898,1.0220331530580837,2
3887.903752946311,0.1561858260603458,0.20266101978650114,0.6503978968359693,4
1943.8746630754292,0.15446250708127993,0.21563354373138288,1.0220331530580837,3
6028.084147781238,0.20681020692682067,0.29797249610419385,1.0187964454605294,2
2546.2330778195997,0.15064849003792916,0.19900256059809182,0.7851978048227187,3
4052.0889395606737,0.17078432451471598,0.23278634547132246,0.8222140204490801,3
3560.9554953373854,0.16841049416188983,0.2310189811254532,0.866230998636994,3
6398.958628736418,0.20306125400247768,0.2866860573947635,0.9487216090804623,2
327.2750177890913,0.11585009680420631,0.13910769665399142,0.7271105926106743,6
7324.488044474162,0.20511316530028126,0.28699120197743466,0.8808647970424869,2
4137.002138198368,0.18629896604197715,0.2662456802958331,1.0220331530580837,2
3528.111296116919,0.15881331128193782,0.2099457304986572,0.7372127617863413,3
976.8588269829776,0.12992370495039723,0.1669380045128492,0.8495430619697291,3
7130.569790355998,0.19176276681291712,0.2615571244095918,0.7494185137223921,3
4654.214653901963,0.1763256011048725,0.2414767868751369,0.8085493551767394,3
658.5041847050707,0.11946165253662006,0.14330378924460094,0.6267647966732505,6
103.01017874692533,,,0.9021106708608015,5
-158.57188373906703,0.10611178970339098,0.12426940966724945,0.8696698120859249,5
3455.322053393186,0.16181355337212155,0.21689251375100868,0.7920481929498762,3
1985.8360695310441,0.14954286905949635,0.20213085415489337,0.9140903792897068,3
-1169.1710739610562,,,0.782919006421249,8
8114.289614313127,0.22441001729785062,0.32315675628269674,1.0220331530580837,2
2907.3483602928895,0.16130881814624448,0.2202247034791072,0.8850004784394325,3
3272.1509943954507,0.16628384641226157,0.22839777996596244,0.888751328057958,3
2793.575492170145,0.1603697960833415,0.21924212872036153,0.8932697971284532,3
4201.948581564842,0.1851317826449304,0.2634913013345795,0.9904588321635246,2
2946.4239502196992,0.15462653633830997,0.20466250451208906,0.7716579118130702,3
1637.2464415110896,0.14504967890243284,0.1959356010051124,0.9401324834090096,3
1168.2580592793597,0.13340219331594197,0.17299299537808113,0.8518071179282314,3
1207.5674105444814,0.13509520842844727,0.17688531940912075,0.8805981912847459,3
2657.510624702641,0.1541491969031995,0.2064032700585813,0.8167618349737519,3
-280.0860679154722,0.10473143224917297,0.11928513828515863,0.71699152321404,7
-0.5543956997670669,0.10998718358678163,0.13117335272836497,0.8524239441222015,5
2555.6457636377954,0.15054256809653455,0.19891490032459844,0.7786821551456753,3
527.1264767611948,0.1214643002077537,0.1521685123083444,0.8584399289133537,5
2092.506775478554,0.15268608537171535,0.20871160823880924,0.9403382744383411,3
1017.8226361216228,0.13206316963642173,0.17225495599377605,0.8935627708662903,3
1091.8543569835654,0.13390899763016934,0.1755762302684161,0.9115026151721707,3
3324.7042588889144,0.16157751576010926,0.21742809718780337,0.8090460449583581,3
2817.1792421998607,0.15870985644996832,0.21499083559083382,0.8630453542586569,3
1613.9096088545346,0.14622776618825817,0.1991622608857142,0.9790625883250372,3
5112.43272946882,0.18809702243324866,0.2633008609423996,0.9036781306068297,2
2571.3913517019396,0.16477713195545224,0.23221871757668852,1.0220331530580837,3
649.1559789757558,0.12477026533742903,0.15921550932762335,0.8989639883465854,3
6837.150800850791,0.20028886161062476,0.2788201695733732,0.8758682747110949,2
-31.114650030904357,0.1094703677158123,0.1271747076474639,0.6800836339754199,7
2143.182601840436,0.14246928616030347,0.18396998395000994,0.7253216715001728,4
2249.509738720876,0.158806077688314,0.22135637392348145,1.0124910642120921,3
5211.587096442843,0.18470260256108298,0.25544097197671367,0.8516288510581798,3
6169.770061417302,0.19285006998907195,0.26715619088608944,0.849540050377461,3
2082.9239423317767,0.15073387904394625,0.20407643140315487,0.9047509922805249,3
1708.314731198584,0.14429679256372768,0.19289346546320302,0.8967121641113024,3
3401.320757585316,0.1701929298526011,0.23635437931807252,0.92053175152853,3
1124.5241430894491,0.12700744854691948,0.15706209029776805,0.6739927415482379,6
1956.3407749466915,0.14992994078020278,0.20373978079987864,0.9285872315560925,3
3872.571032444304,0.1695007324047765,0.23082780276854467,0.8351967532243115,3
5157.774765040052,0.1977946188571878,0.2837109087213321,1.0220331530580837,2
3045.805082054281,0.15638585156448245,0.20787111404424652,0.7806281812453091,3
587.771524124036,0.12054725527032133,0.14782293240168662,0.742188205169983,6
2491.513862387673,0.1630677176010068,0.22899064087796436,1.0150394258016064,3
1814.0778909576907,0.14804803848110176,0.20077049739338695,0.9411124893733096,3
664.4324888844326,0.12343828865241452,0.15467369964753747,0.8223680440345124,5
3304.488161871871,0.1659512130623625,0.22773995685565757,0.8736449283008038,3
971.6029432566941,0.12895293161545857,0.16425167030975,0.8206582705122295,3
1925.3910443102457,0.1486430386048597,0.20099972737971256,0.911974727706447,3
-743.326800462211,0.09647353912773728,0.10375198782421652,0.6748843721055265,7
3896.4961319364247,0.17864299516477333,0.2504798261841643,0.962142095618659,2
333.79156757456013,0.11470846413903932,0.1350859137459338,0.6009898644847611,6
4854.017871735265,0.17181626020164914,0.23040973202369064,0.7362201430225923,3
1020.3686948070201,0.1285851811012435,0.16244379033123554,0.7796946662873067,5
2755.617606890341,0.16702027278442982,0.23525686697175852,1.013399093584972,3
6062.048699521583,0.18477762334805448,0.2509683090640465,0.7712734624488672,3
458.83056758546286,0.1192541799490755,0.14693280803803654,0.8050039220402877,5
150.75342070352607,0.11439681537094662,0.14343167385450217,0.9598863763776397,4
5001.86066337331,0.19649038757725068,0.28237278644955954,1.0220331530580837,2
1671.809939540388,0.1410350339643629,0.18545900114877445,0.8332474193585018,3
3025.0436518615315,0.16348590484385572,0.22436938647297214,0.8925303251493428,3
1796.663803848352,0.1478932543634074,0.20083880945385324,0.9417176350258273,3
2480.293674618277,0.14803645003012217,0.1936686474173257,0.7532111819357622,3
975.2001213579789,0.13409887902271295,0.17881821654518715,0.9788296765915957,3
1783.5028980251045,0.14730700746340525,0.1995637174593867,0.9336785945511032,3
3394.7436899241147,0.17271060229986693,0.24217216021133936,0.9590878726313997,3
1898.3725790658148,0.14359499544671053,0.18896304428380978,0.8156414294527722,3
2250.687246610626,0.15958703207998048,0.22372069852390267,1.0220331530580837,3
2101.868510918206,0.15282370899294623,0.20900631785261792,0.9392414571906889,3
1954.179718348495,0.15435238712989313,0.21466322443156965,1.0220331530580837,3
1290.380877286296,0.13773760152289477,0.18227438903595614,0.9152535185345884,3
4418.0292767995,0.17227552525873757,0.23380450812364872,0.7916913992223956,3
549.7458649337128,0.12068699701057997,0.1489988993847874,0.7897157104193148,5
1413.6197973086867,0.14214255971910467,0.19189436286505954,0.9699672386982436,3
1751.711328366549,0.14123865739638863,0.1847758259962575,0.8130019079877737,3
884.9977637782147,0.1295397535674966,0.16759553100582708,0.8990344992874462,3
1750.2051187146685,0.13730037970381095,0.1754189809887976,0.7240399957226523,5
8079.958725802877,0.21175369895699986,0.29716871774944603,0.8921134676788983,2
2503.5159082304667,0.1636120297640446,0.23009426265525695,1.0220331530580837,3
2866.220452223405,0.1538960431371379,0.20384544769440258,0.7728949873496197,3
1766.9697490848223,0.14694621266517066,0.19869522512581173,0.9341830627592529,3
2518.5962476879763,0.1574834241451754,0.21520226746797566,0.9103112036693916,3
5881.91079790097,0.18913912228836127,0.2608800354606501,0.8357831953018637,3
2491.0751831018815,0.16352781327395863,0.23023401873215332,1.0220331530580837,3
-392.094256127839,0.10015793123729964,0.11260196088078378,0.8566731990967321,6
2597.703159708694,0.1530522084391123,0.20427434977136727,0.8128681753971201,3
5753.667979984834,0.1879587394291775,0.2593155119277071,0.8324969375896878,3
1770.7267700695602,0.14781417794347373,0.20075222211526128,0.9526512670532576,3
3783.1243912785717,0.16347093079384653,0.21863348221195336,0.7624432312640655,3
1781.7985396743145,0.15056573375022714,0.20768949477096613,1.0073193400913323,3
1562.1971707879968,0.14434914020530415,0.19520814167626666,0.9562042667103506,3
1489.7562757295643,0.14051255848389704,0.18654134961943786,0.892867979619677,3
-39.71890999829375,0.10909329253781833,0.12933761864569537,0.8405302641383692,5
1805.344454223489,0.14676458464373357,0.19766034126550952,0.9167498051174161,3
4643.933484049072,0.1698907715733185,0.22730722260475889,0.7375960846076555,3
-657.5644582154816,,,0.8338652261379044,6
596.2678376632975,0.12303078339464266,0.15524112510011046,0.8667983922795145,4
1088.4972278875553,0.1318334868984494,0.17028517994476713,0.8446982538303812,3
1173.5713080532894,0.13147101954000395,0.1678594514398356,0.7905996431267933,3
598.4814899897409,0.12268095380695741,0.1540416269392154,0.8469909795911359,5
5024.577584988723,0.1969196439300504,0.2833445671683877,1.0220331530580837,2
3407.6048147845404,0.15880551397813183,0.2110110149031243,0.752098492045011,3
2429.796627313257,0.15353756677868663,0.20695087771418916,0.8614732462771271,3
823.5897680914487,0.12568012412539253,0.15775839978923614,0.7959362835035031,5
1440.3794519104636,0.14094179342755528,0.18826058389786343,0.9272568682372688,3
1210.9186975757345,0.14008730776631637,0.19033864269622433,1.0054839814906298,3
5554.435423646379,0.20221737293431943,0.2909345230291365,1.0220331530580837,2
1776.9242350366044,0.1501535586479804,0.20674878545469255,0.9998547518791976,3
3614.6907285456505,0.16563583753495553,0.2247465459349769,0.8148282351742886,3
3696.203140495465,0.16026056951350262,0.21228591070357652,0.7304741151297307,3
1610.574414487961,0.14022119251094411,0.18395242300812248,0.8397653925660046,3
4395.872465147626,0.1892250757844522,0.2710553937402438,1.015067475015483,2
5336.123051115621,0.19598643648569125,0.27844073963715354,0.9776736370662122,2
-1994.1811071652858,,,0.7176344202931364,10
6160.192310264327,0.2080700030255684,0.29959512609711964,1.0220331530580837,2
277.71389787739656,0.11435438647899904,0.13525161524230506,0.652721357181978,6
103.54495803377418,0.11171997337687575,0.1310632282402367,0.6736786900066196,7
1274.7547019175847,0.1282099402196309,0.15840436506950942,0.6497173616020694,6
1864.0176250853058,0.14375859752362888,0.18968482313102872,0.8305601241479452,3
2579.5295013978807,0.1587936486433137,0.21754780692826894,0.9189318879993208,3
1794.5588779352126,0.1428660933805986,0.18835980120384194,0.8333969443879624,3
626.4118382089721,0.12170787653376465,0.1502877683133193,0.7713919704468675,6
1665.4139916859622,0.14626171089903442,0.19832574640277015,0.9595910044128545,3
4139.515512125312,0.18623313263778987,0.26595860927118337,1.0220331530580837,2
5318.63042482378,0.19060229972292297,0.26721070435378347,0.9115529094138511,2
1166.6294004051115,0.13760833793076022,0.18450875497801464,0.9760576171699388,3
174.5120362321912,0.11323069717673208,0.1347835882177606,0.7363270804456823,6
3527.5977251673457,0.17384115363529418,0.24314634028705764,0.95498789186391,3
1231.7033817889187,0.13493324396367834,0.17598998602843496,0.8643767478190727,3
2618.2617813474276,0.15039609018649572,0.19801882047613623,0.7633929130895262,3
563.6279181714058,0.11993977957990867,0.14640544759222396,0.7323222185286961,6
3206.9613565171603,0.16297834664619593,0.22149802610874758,0.8508196937091153,3
2473.8850214700938,0.1523964295274709,0.20387471614776584,0.8301422375710055,3
2594.6970007418977,0.16435081269264626,0.2307374384188734,1.0100723264846074,3
4972.187612106458,0.174765105712595,0.23590669381228516,0.7591281465907531,3
-368.252827540446,0.1027594078771017,0.1159282159806026,0.7339972454981072,7
1237.4703031972062,0.14067154438180302,0.19148625385969356,1.0073368943346985,3
-1376.3862500596417,0.08226088103419897,0.07671736594984396,0.6844298219484182,8
4263.488554377329,0.18382949869665027,0.2598141362163006,0.9663159538976639,2
-233.36075186383653,0.10484816689886434,0.12079487551309286,0.8060535709228785,6
3258.813090211119,0.1647247302161304,0.22509812986900218,0.8665673982734493,3
83.12799050014951,,,0.8834645339273649,5
2465.8175470832357,0.15617108321703202,0.2125554425430891,0.9017263086125796,3
2208.287881968337,0.1580886688773717,0.22063251136605683,1.0066239593207156,3
8947.64542997092,0.2097036113133981,0.28964871756870714,0.8140832294938015,2
4587.113572042536,0.18327212252306713,0.2562238659724244,0.9118219889131404,2
120.53506440134137,,,0.9645703161804285,3
5138.811315404478,0.19682187533308027,0.2816848751350336,1.0126229120037578,2
2715.8256031061082,0.16685598947879043,0.23521614460987633,1.0220331530580837,3
-95.51781332618313,,,0.9080923519502709,5
3229.564418086944,0.16108559500617048,0.2170349108175287,0.8185091916510927,3
3771.076802040919,0.17792117126655282,0.25045748010306856,0.9677318717230514,2
3440.7370428382233,0.16002303325267353,0.2134703523286589,0.7642054845652336,3
1718.7132311468738,0.14419831885106763,0.19249638967048666,0.890772048503642,3
1678.5816855640269,0.1444313269848863,0.1935329716179695,0.9122510431976543,3
2182.296151797356,0.15075339295945017,0.20313772308400074,0.8739746490404037,3
964.5438527529551,0.12598668832042675,0.15629354273532958,0.7205946971542608,6
2775.3643552831195,0.16774973782539748,0.23663707713785703,1.0220331530580837,2
-922.1751928459228,0.0920881837212619,0.09568727509740714,0.6947187961298626,8
1675.7628162373053,0.13811015558399053,0.1781354282724351,0.7658421779863253,3
2600.430418871481,0.15662127076248,0.21202669126068943,0.8786884861223858,3
-747.8550049336384,0.09428538885517813,0.10011796388189398,0.7423159297881843,7
4599.3674271579175,0.1833144897835155,0.2557065481876635,0.9164841096887839,3
1750.614883698019,0.1425482324497353,0.1880688017443391,0.8416830828740386,3
4370.8110659917575,0.18313455419393,0.2570829323209182,0.9450109935927531,2
2990.163811211529,0.1548294964479282,0.20494288936024535,0.7651653902447098,3
2006.2472648275432,0.15261180700599658,0.20964622700194013,0.9672087195737527,3
-150.10217094062452,0.10627227751228933,0.12473412403269324,0.874403536860456,5
539.433353090708,0.12061764134805347,0.1490486001630416,0.7965732541966596,5
2537.1555570274013,0.14879889213680147,0.19474124764274167,0.7564617574443435,3
1738.8306260087484,0.1487379332474121,0.20381256459004365,0.9827553769813581,3
1423.6230452584796,0.13536188058333215,0.17445987491846612,0.7883634203550324,3
352.62605629400406,,,0.963471835746872,3
8453.54753410824,0.22637936528881256,0.3251050110462529,1.0220331530580837,2
4212.8819755734485,0.18344104022598917,0.25901540767372355,0.9727503195964464,2
745.1924220379129,0.12393039026992483,0.15431425764945747,0.7794169445322512,5
5025.292504315511,0.18477702015306932,0.2563841230938124,0.8775280256200989,3
3547.8110889952527,0.17364130854684848,0.24288921393090285,0.9441624572161605,3
3988.84256003174,0.173669363105455,0.23961518922151304,0.8692506898588094,3
3636.91501081587,0.1699168448148157,0.23393285827987714,0.8732855349180512,3
929.5399437191426,0.1277377214353692,0.1616916027844127,0.8029823494621904,5
9176.841123703362,0.23251863743307694,0.33528000176956996,1.0220331530580837,1
2839.9056995869178,0.16076600345550107,0.21979272520620724,0.8886717602413381,3
1618.2906023213823,0.14129671212504036,0.18664455018442827,0.8609183874035846,3
4039.3980564839103,0.18486651578805324,0.26355864624019887,1.0220331530580837,2
2527.3913054982518,0.16408658391619615,0.2311017986190564,1.0220331530580837,3
6312.607578120138,0.2007935517543047,0.2832409012888093,0.9219193146108968,2
1583.4832384371516,0.1413605807279964,0.18735473969827582,0.8749835884669092,3
5418.5983513740275,0.18815067981158792,0.26108606885609337,0.8745522895231853,3
4007.633563545712,0.17925940085588082,0.2514577327696315,0.9469888481971592,2
1860.555802613826,0.14939574932977856,0.20355507290587416,0.9524383426856757,3
1118.3602872476592,0.13488500135117648,0.17773864917726317,0.9258601661897057,3
2531.576447786354,0.1533931815498363,0.20507075439709294,0.840171034165398,3
1126.5987754287396,0.12890360590272398,0.16171029221623032,0.7359422042790025,6
2114.4666816254608,0.15715174686674796,0.2193514661863446,1.0220331530580837,3
1174.6121764434954,0.1319162686284472,0.16905642326855738,0.8028582981589959,3
4273.252061869093,0.17795137646789957,0.2465064700321819,0.8897671171560213,3
1186.5437811897061,0.13240737452033505,0.1699960805955925,0.8138673649856062,3
508.1536851063453,0.11915837939322958,0.14522686202690246,0.7420543307970167,6
2071.1149021503516,0.1540416649890176,0.2123556507413014,0.973712592389808,3
3865.155786260035,0.1645759698037182,0.22034975220667546,0.7675440522603582,3
4145.534827007471,0.1862179571885463,0.2657640590368829,1.0220331530580837,2
2131.3174114563863,0.1489949752460234,0.19895451815482373,0.860518089244841,3
548.4797793669485,0.1227963362091032,0.1559539043624682,0.9062823277283405,3
1476.0938941707702,0.13926441010789864,0.1833076596078172,0.870370866614582,3
4356.561382573833,0.18751717759741954,0.2668761013806943,1.0061267428783924,2
3009.7267783434863,0.158901528612023,0.21402729859473768,0.8240529981255554,3
4000.8921235193498,0.16098317936875906,0.21194524437105428,0.7015683386091066,4
3801.794807089316,0.1809723272097472,0.25728817503986634,1.003710078098168,2
945.4515891342423,0.12943625072093712,0.1661419517029572,0.8530755870622483,3
-549.0295932768176,,,0.7771056344892416,7
1473.5028033801339,0.1409764520556564,0.18783710013412935,0.9131884180393403,3
3615.022503772784,0.15889554217219495,0.20974606402323842,0.7241101493384103,4
916.5712824750524,0.13105974212876395,0.17132971889113832,0.9303444534249109,3
3582.066450947517,0.17020249239003538,0.23466566909191902,0.8904080032077926,3
1068.566389941675,0.13670397691585096,0.18440193698115764,0.995623594919735,3
1452.0687146108187,0.13864446310681164,0.1824212441952113,0.8606396396389313,3
2221.1102388684585,0.15121046978301825,0.2034550856729766,0.8756577492856422,3
1120.4191314977897,0.13095904315778167,0.16732835754992267,0.8014097429365871,3
2038.8707337346982,0.1526651178093744,0.20931761571846436,0.9576356437008177,3
3351.5166779106617,0.17250453665255916,0.24216506759985348,0.9637943261574871,3
1744.1157309780097,0.14156142567326246,0.1857928011988406,0.8211038826470195,3
-375.32849247282013,0.10281388069461173,0.11583573957723278,0.7203893726579674,7
2253.122971211452,0.14773303851388853,0.19486064064913083,0.8021832677243989,3
1320.9153368401744,0.1296570156289818,0.1612939032565919,0.6763839004996802,6
2417.5149332337937,0.1505598885421023,0.20017147009602923,0.8105033576287615,3
-968.2980569672051,,,0.8102959457091651,8
2547.600880056873,0.15156368648049467,0.20145670645833894,0.7965560733098854,3
3108.090765624007,0.15275678675743623,0.19970941944848164,0.7112717920040125,4
-1085.9409402062847,,,0.7366690348340014,8
3186.2181778910963,0.1736922781732574,0.24628454219418933,1.0197180866473816,2
1881.9069803158902,0.14166059725976088,0.18420563426334416,0.7831443746628661,3
3122.393770588196,0.16138620528063263,0.21844005951388684,0.8440811328878721,3
5429.705941978664,0.19056382452317852,0.26629877407540326,0.9001518146344992,2
1977.5966352793794,0.15486163970690542,0.21577140960034746,1.0220331530580837,3
8558.949043438446,0.22808234675776473,0.32893232843853193,1.0220331530580837,1
519.3842445534032,0.12245768130642318,0.15591252072372305,0.9218881839110314,3
5503.766554509983,0.201870000001054,0.2906933022924932,1.0220331530580837,2
3067.248295043686,0.16545243372238477,0.22807665482287123,0.919219080853026,3
533.2050739057653,0.12043253684123556,0.14860915889694304,0.7926571276405665,5
3063.6671582846466,0.167722140256592,0.23384475755919992,0.9502569437075833,3
2044.3530855971017,0.14814154803598287,0.19817480978053936,0.8658518027174945,3
3660.53342790265,0.18032652356314427,0.25737742848505146,1.0175894285900386,2
2702.400025244572,0.1560729173120308,0.2103479501718539,0.8401421552047659,3
3285.5582847752976,0.16156983261016655,0.21768819428070854,0.8158737093198924,3
2995.6319224500294,0.17119684825975123,0.2425964661146281,1.0220331530580837,2
2087.5947731300903,0.1544894967311848,0.2135821084928466,0.9732710465981012,3
4728.7884667492835,0.1927217195921912,0.27524093619649637,1.0220331530580837,2
3045.4137823877104,0.1587496908360663,0.21331674808461687,0.8157504264528288,3
2204.310618196416,0.1501258073201825,0.20136961260905087,0.8561431652876473,3
2148.0305941756583,0.15051429267259664,0.20268790448972135,0.8821465344105106,3
916.216049647981,0.12998483670835415,0.16830029501361427,0.8919035020248797,3
1320.176606272466,0.1354317874465778,0.1758224239154515,0.8373160257662052,3
1900.21605531805,0.14450917510657746,0.19109450714277046,0.8349729431562125,3
4074.608284759251,0.17937220596995762,0.25107728016810144,0.9389661024558407,2
5236.760843563362,0.19319508203861918,0.27288896905592996,0.9575539674548246,2
2214.074595611995,0.15172817682732787,0.2051404873400315,0.8832937845540391,3
6217.20562918155,0.1979825284963227,0.277855500914302,0.8996100714710695,2
2987.2939673683,0.14794214154971994,0.19004232978550134,0.6564870831954351,5
3487.597519034954,0.17146007603405453,0.2383735440995224,0.9243989882756681,3
1323.8954788117005,0.1356674679484059,0.17644384587001696,0.8412134107504451,3
6345.081298803425,0.19196051782973886,0.2647567822466954,0.8207091810633741,3
1955.4547912556748,0.13981353326689716,0.17944140185718427,0.7200532222830474,5
2729.344808841923,0.16478478144081243,0.2303227619766404,0.9813845420808911,3
739.0596470827428,0.12272537445542187,0.15126651419595877,0.7262162487191643,6
1047.0817921564715,0.13254033665307358,0.17275056595190114,0.8942934008545267,3
-2307.208319802705,,,0.6172105401145164,9
2170.6768983173224,0.14830367835475045,0.1972053476039946,0.8326673470327519,3
237.51671082936457,,,0.9663956729677592,3
6421.158676841723,0.19976808989049458,0.2804616591838567,0.900545547861698,2
1539.831676742669,0.13458387361188218,0.1711015606453657,0.7265598201227443,5
101.01618516136358,0.11235348760137642,0.1358424938924145,0.866084750579163,5
4943.437002848634,0.18441292471943602,0.2560705678024532,0.8833717207893726,3
4923.771410275063,0.17694189394342177,0.24056170116382422,0.7921406202384267,3
2386.183171225947,0.15598367309630706,0.21296708519766985,0.9193787833641371,3
2350.8870130707637,0.15476933361851478,0.2108745918070781,0.9022585992850656,3
677.7748120927093,0.12764566860678317,0.16754735887770952,0.9714875328551248,3
1369.0993856538523,0.13070407822915517,0.16334277707228473,0.6877075125725468,6
2366.1818706237427,0.16130260916988848,0.22606424042751316,1.0220331530580837,3
-236.26988474390572,,,0.8554889676308939,6
962.5291983308675,0.12872735829623713,0.16373171830928188,0.8191069759347375,3
-749.6128184829946,,,0.8475537137657514,7
1150.8700247972224,0.13895281865961812,0.1888406386671704,1.0069916482693348,3
3209.486220999055,0.17326015192593336,0.24507132277904023,1.0074981863610235,2
1904.4960522438673,0.14350027163609413,0.18845552031671106,0.8142326705630943,3
3317.0728719216313,0.1725374401588851,0.24203625348382052,0.977092800807346,3
3266.4490224990013,0.1750576166601604,0.24876690795899783,1.0220331530580837,2
5394.432095581329,0.18467052192518169,0.2544922432880412,0.8298305842636264,3
3314.853567252977,0.17366957837339214,0.24511715818225643,0.989844522678186,2
3941.008192713192,0.16802901070395823,0.22746183581475637,0.8019352199719474,3
3254.697375139279,0.16723013009586796,0.23116509721476183,0.9011083553191924,3
2331.1321875809535,0.15464245004641275,0.21062412734827374,0.9072084577018756,3
2485.525151914384,0.1547195995589391,0.2090720717435033,0.8696450885134486,3
2595.085643308622,0.16508419869041974,0.23256525841898115,1.0220331530580837,3
3469.06401055713,0.1751744863380736,0.2469502742620534,0.9833469048032855,2
3791.867547818237,0.17408733135471266,0.24181716175990006,0.9084936485089565,3
2070.331179194137,0.15652043026566392,0.21863881804383706,1.0220331530580837,3
2377.7026249270857,0.14902850097223563,0.19696116507038824,0.7927152339648335,3
1695.4612399045839,0.14483808792738279,0.19436328499032243,0.9145494933834437,3
2039.3310402589482,0.1559151973343433,0.21745483180420708,1.0220331530580837,3
197.77159970814398,,,0.9296098438839848,3
696.9065674880674,0.12498527802272297,0.15867043225571253,0.863704045948567,3
4447.9385364154505,0.18306742261320325,0.25640980634489097,0.9324832541059339,2
1916.9723408043246,0.144437008843579,0.1907226947787421,0.8283405032882301,3
731.7374574639143,0.12439765056287802,0.15610254707808052,0.8083809667213122,5
1129.6024840802947,0.12552801079364145,0.15313997748744443,0.6258811464469916,6
223.9046230649538,0.11418830045813597,0.13661636354281664,0.7456887900219952,6
1311.173664228889,0.14232189664153344,0.19477825075009605,1.0140599737560023,3
5223.610120834198,0.19066828617751524,0.2681426029259455,0.9213417925776578,2
581.6247565063074,0.12356134523797667,0.15741128997360643,0.9093484106134564,3
2780.333336657446,0.15508399934642514,0.20730625845517353,0.8082638891331836,3
3377.3257532470984,0.175223522532724,0.24829490188240017,0.9983466689778865,2
5110.450385094596,0.19102042751128467,0.26926829537114827,0.9436674558985506,2
4019.0345386091503,0.18531115458672506,0.2655894851537596,1.0220331530580837,2
633.6609246664757,0.12559157584046263,0.16232333518364617,0.9430052129562386,3
2479.40390406594,0.15896797276054714,0.2190196097155422,0.9481319747310657,3
847.423524922285,0.12923268121730877,0.1675932434274728,0.9152702195613993,3
5993.755202244746,0.2063229772928025,0.29671940021107734,1.0220331530580837,2
1794.2732797685796,0.13952880915921928,0.18001960297988262,0.763501375543381,3
-1090.317431215675,,,0.8082745153590937,8
3794.0757905090654,0.18180136496002888,0.25879907558992277,1.0220331530580837,2
3342.6624041503237,0.16623279401928812,0.22787969811906802,0.8728487767430325,3
4744.917310137847,0.19294728860641047,0.27567297568421056,1.0220331530580837,2
6106.607914507805,0.18123345101894303,0.24389217773277777,0.7259511515233417,3
-817.1138653178939,0.0941674667579719,0.09964707063054448,0.6988410761819643,8
2617.9410173564866,0.15715885195204468,0.21318925639752703,0.8828910006802243,3
1307.3543245905114,0.14077541608148747,0.19027204400881606,0.9870975340372914,3
698.358077151398,0.12722155804631252,0.16550252241431737,0.9501986396737135,3
377.0258023242993,0.11935934539997108,0.1504217157122185,0.9220597500143805,4
2498.5733016843956,0.15612059944533035,0.2123950700690329,0.8892285977908639,3
-147.17448230050923,0.10724392971833369,0.1238813134852535,0.723089337234393,7
2495.0746176845428,0.14893852027580584,0.19555590004983964,0.7663310651918572,3
1305.87397406254,0.13270398281392773,0.16932035337322304,0.7646803468727872,4
1338.6566074144012,0.13644193096715757,0.17823710784359725,0.8553558420683346,3
1745.983267200908,0.15057951765875266,0.20829586797080987,1.0220331530580837,3
2380.476117677487,0.15891754254735138,0.2199414423190319,0.9757500615595042,3
184.070157709942,0.11425757395127226,0.1394217074823246,0.8686128839174488,5
4070.820739835667,0.18585307072189616,0.2662445875204867,1.0220331530580837,2
4264.918748313248,0.17439539161823633,0.23927443029133436,0.8395289130515138,3
2417.6181564837125,0.14896722840594526,0.19642875236131654,0.7826465872386648,3
-822.2820093540319,,,0.8116345480929326,7
-1083.0222234938308,,,0.8051748322795579,8
764.1329938643665,0.1302356200225404,0.17302871147694532,0.9883014560854285,3
4604.559134544344,0.1687916751911871,0.22537759710103278,0.7268562432288809,3
2923.501128984838,0.16996248399282193,0.24021368175381214,1.0220331530580837,2
621.2480789464724,0.12413631406161585,0.15813957789505367,0.8949639335381403,3
4837.614318280347,0.1770680681661361,0.24131493108270663,0.8033595994329713,3
4153.905773782301,0.17274867462983817,0.23644922293788115,0.8331343187475835,3
2481.0803577426323,0.1630947369358183,0.22885070359880044,1.0220331530580837,3
2537.823531051221,0.16425217502892342,0.23140842684988464,1.021639651404843,3
1798.7191591364542,0.14340166244955982,0.18980507753003625,0.8415189247348314,3
494.18995596933667,0.12013484015751603,0.1489583698299612,0.8155642686727752,5
7125.245292630685,0.21651499952295128,0.3117916268565751,1.0220331530580837,2
3111.1319207194874,0.16047678230061135,0.21675947953845026,0.8291785901541231,3
2589.168107317964,0.16489181327506236,0.23200649328500728,1.0220331530580837,3
4378.562633684772,0.17253929711669116,0.23435958764093823,0.8027023989862416,3
651.8354926239934,0.126868963114157,0.16591570637556285,0.9662904016648727,3
3143.197970349475,0.16326294342652548,0.22276345268692238,0.866209369660406,3
1079.7091043230737,0.13289748109018545,0.17305985167040489,0.8868130617564829,3
-898.9916685544084,0.09065658006875313,0.0930913767533639,0.7446441877034728,8
-433.4482525643385,0.0994310255870005,0.11092938715773931,0.8450761805533988,6
844.5191457759264,0.13021599244784743,0.17071618345107709,0.9520963119287734,3
4269.510608958273,0.17395990874820205,0.23831964859127766,0.8330182502792094,3
1045.8737694539313,0.12524164599658438,0.15361224862917883,0.6490181460384188,6
1855.89338984643,0.14167440468090722,0.18463772362847522,0.7898012415421009,3
6767.452111048269,0.20104312476569253,0.28133069802097466,0.8833150321037655,2
707.7422362864625,0.12797595455840563,0.1676143501670595,0.963835619246545,3
2119.6247385317174,0.15377587082730318,0.2108689152650186,0.9549961794404364,3
2981.41396532204,0.15700555108587652,0.210270179780855,0.7964780100717226,3
652.7589207608811,0.1268758636450002,0.1658717424896168,0.9658743424296244,3
2823.604499979347,0.1598617381711847,0.2180164340683405,0.875698718608795,3
-1001.5795550366497,0.0894075279832123,0.09061100724393328,0.7163235010809677,8
6005.359964600683,0.19281200512377838,0.2685577943997487,0.8577765160697721,2
2218.797005680021,0.15873829582051258,0.22179901295057794,1.0188980514606798,3
5271.921236064399,0.16787237556009138,0.22091932718340107,0.6458064400164709,4
88.15774313156012,0.11149981235680574,0.13091389845340018,0.6844774963103829,7
3804.4950501996914,0.16775050047926932,0.22790450359534592,0.8166689506888785,3
482.9853468241388,0.11860382615132042,0.14415466583886885,0.732741348195759,6
2438.489615761269,0.156296857212692,0.21329953905660662,0.9093914914838871,3
-746.754097146517,,,0.791535636987573,7
1576.3262165683718,0.1435024687915757,0.19285000417512493,0.9295439620818473,3
4255.006155221212,0.18744865117369047,0.2675016360117297,1.0220331530580837,2
-600.1465037256924,0.10069625791643375,0.11079637556649688,0.6094332118231091,7
2716.305414129672,0.167098251972493,0.23615756303042879,1.0220331530580837,2
825.5692844840112,0.12689641604647484,0.16140507596373938,0.840284387807517,3
4552.130013725218,0.17697583831995872,0.24235949189278472,0.8416597152318539,3
1648.69751587522,0.13970190585168896,0.182087937624965,0.8149752527168026,3
4372.15334472698,0.1787195101707767,0.24738213794880723,0.8870969941040313,3
3134.7150058402367,0.16420348707597443,0.22464871405536543,0.8858020518380985,3
2325.4329847722356,0.1518456923357917,0.20387295159598587,0.8592164653273922,3
234.4578020601448,0.11497029889751506,0.13958364654936303,0.8191088183899752,5
706.8347610454847,0.12545579771485793,0.15982345397806058,0.876251211024909,3
1850.7676190962127,0.1459320064034728,0.19487528787994962,0.8844527482802416,3
5960.047391739004,0.20611060109158644,0.2965866132464726,1.0220331530580837,2
784.4212539621801,0.12190338498535315,0.14811930262330872,0.660820988555414,6
4147.478679923157,0.17125802318360003,0.23341114126415052,0.8127313798794648,3
3819.371947612051,0.17045497007020458,0.23381818656853287,0.8507783047856261,3
6853.472271358938,0.20764564323399098,0.2939255230059644,0.9560631343723247,2
2751.6418271720186,0.16655689111576066,0.23404809894673245,1.0081825332397176,3
7922.202203166011,0.1994872508601475,0.27343767242819006,0.7766582547780142,3
2190.395933862097,0.1518636698869159,0.20544741224166502,0.8958556218953302,3
1993.985519729637,0.14442990574589204,0.19005293100053675,0.803076107140277,3
1106.296184416243,0.13791584650334704,0.1867283923933429,1.002532786680866,3
5595.556781985395,0.17566314181021886,0.2351460811443758,0.7054520843156472,4
2873.8587850696085,0.15398836944032152,0.2040606549782752,0.7721707380464556,3
2132.751462937131,0.15042965838783862,0.2025607187162678,0.8860268959869736,3
4827.51650347227,0.17822176190557004,0.2436412808485329,0.8205139984174961,3
2543.8095568522695,0.15077399198507924,0.19914136989536926,0.7897037850121945,3
7501.982562224002,0.2195052340650363,0.3159444542907295,1.0220331530580837,2
-599.1313606613945,0.0988096390306055,0.1082821501202489,0.6926347230132492,7
1742.2307513277258,0.14123151956900992,0.18463454243683375,0.8187198731093153,3
3084.0585660413894,0.16900950659673986,0.236573905053956,0.9667818255170618,3
880.1402214688969,0.1328740966300757,0.17767833491961943,0.9921289717908254,3
3465.046765007737,0.16003490628836523,0.21311588759053846,0.7629594207131453,3
2302.480002870776,0.15107068066545257,0.20231596365301813,0.8505100617756111,3
2323.4050719857923,0.1496593029383803,0.19882068207098202,0.8187955372279904,3
6917.217466174192,0.2011841111640934,0.28082225253383514,0.8727642662440528,2
2939.760787215109,0.1696614404862885,0.23978729586597186,1.0080596730025242,2
-461.74025886425534,,,0.8158186105097194,6
2833.8382862831386,0.1612281639608228,0.22064036559750097,0.9005930126457338,3
2713.281971287024,0.1583676210377235,0.21532009872116759,0.8786927463693117,3
-1182.0698675003632,0.08961911645146757,0.09090239480428867,0.6280489761974832,8
1159.0510318186132,0.13076238768826443,0.1662592236445562,0.7756713019718057,4
2431.5847945602536,0.14828477795554143,0.19454730535853743,0.7694311244886588,3
987.8434533134299,0.12307549927891162,0.14872853000397313,0.5985591149462688,6
-517.0989693468634,,,0.8301099714165866,6
6.520861780828966,0.11015285454259358,0.13166388053778072,0.8614693472819435,5
6429.555629386452,0.20606532817746487,0.29427545742000805,0.9634181742503487,2
2874.669048627001,0.1641195572206016,0.2274343050670723,0.9333271569815721,3
3255.017609532796,0.17452935981127668,0.24711607931021717,1.0220331530580837,2
1520.4063584715818,0.1365936227964085,0.17617432324659607,0.7842589524985613,3
1425.264798801642,0.144437451095655,0.19778106285084512,1.0134911639455717,3
1577.0567756163332,0.13682958528925157,0.175887357654392,0.7720238878275906,3
1409.923897932191,0.13866562548164443,0.18295780082989954,0.8813212237843597,3
902.3437829556603,0.12884884335990138,0.16536120109922198,0.8604627360653979,3
1144.0769409044728,0.13388001758075915,0.1745026856788172,0.881240029501773,3
1266.121910358574,0.13041600581464083,0.1636509371619468,0.7215113503984025,6
2054.8646319548725,0.14202436445257263,0.18364724871826188,0.7395756674845733,4
688.8963882820294,0.1251575476244398,0.15931347422556433,0.8795789495879532,3
3946.1586854114657,0.1816376579408825,0.25700678273205996,0.9935248760688353,2
3403.3634939637764,0.15966499137857681,0.21249751236537123,0.7697409695388877,3
6078.866721371314,0.2055219051177119,0.2943661438159324,1.0040920966741163,2
1993.7419151982244,0.15519484668275252,0.21645825357736617,1.0220331530580837,3
1480.5453532052402,0.13734967956424954,0.17868212406974637,0.8169922004269841,3
494.8217416559936,0.11892189310283358,0.1449831708607235,0.738639470605743,6
3948.277781536172,0.17674394298464907,0.245830081452732,0.927145446332007,3
6267.260879967673,0.191824626503967,0.26469907747996335,0.8277954257009448,3
3766.1100308896653,0.1752998156171998,0.24485530557540186,0.9285208753772657,3
-195.7062305072663,0.10581220112717346,0.12235020535281366,0.7918084139598702,7
516.0515648046658,0.1194714048707283,0.14612291103621833,0.7515174083316266,6
2254.9464449782963,0.1536058140947717,0.2090312557946163,0.9088678097901463,3
1138.4615079874118,0.1382405889758048,0.1867883463499312,0.9972149086556102,3
5465.3729879809,0.20148899865880596,0.290138208157805,1.0220331530580837,2
2203.230907924525,0.14542149399162557,0.19007582673148138,0.7695470917462369,3
4382.449691596829,0.1893553365505796,0.2711958602048982,1.0220331530580837,2
5543.16319020409,0.18611177739712736,0.2566627080588661,0.8315697137207031,3
2202.414786190519,0.14643486208588002,0.192734204054068,0.7856893931514441,3
1384.7218785804594,0.1404531708802097,0.1879946559780365,0.9397189045201189,3
724.8808188720658,0.12631934152414032,0.16208520952968683,0.8966521989762776,3
1122.0777947986526,0.12964471953991966,0.16368210108194037,0.7616845146227637,6
1744.0669530012087,0.14873066232594295,0.20367384046585363,0.9809737100067005,3
1033.9008244698982,0.1354735428396453,0.1814018053370092,0.98351271986385,3
2224.1773170464585,0.15297654013256762,0.20791944495831557,0.9052519482134667,3
500.5660813298158,0.11887310318461461,0.14448092871243723,0.7325200826562993,6
-124.75144750355535,0.1077753217875852,0.12445358383902204,0.6991715796469643,7
2386.0375471005723,0.1544318019470666,0.20956215490768956,0.8882277209817531,3
4102.619554621351,0.18222378016516821,0.2577032820001477,0.96786784841847,2
2921.6698899318735,0.15370418796792368,0.20340956860818554,0.7547771073224805,3
6963.702370763368,0.21467600066653178,0.30836533238252745,1.0220331530580837,2
1745.1887789055731,0.14257382202467855,0.1880242767285381,0.8461807677299685,3
1033.0280451220597,0.1318597592708102,0.17108665585419658,0.8814307441130889,3
1257.8359319504355,0.13071811736504063,0.16473169021483047,0.7308897530160593,6
3295.5022220407036,0.15526184719042257,0.20378973019869592,0.7206084569668011,4
3167.634206955151,0.17194505200386634,0.24210691256375866,0.9995973300255225,2
4576.734515092568,0.178649273600513,0.24616875642313973,0.8557032152228142,3
2270.582892083346,0.15594734743408484,0.21443868890310117,0.9488807553035734,3
3629.2498669468428,0.1724969906699698,0.23964173643216785,0.9127521387153283,3
2343.0304066529634,0.14905152965466187,0.19715606441095584,0.8034895997127874,3
3.2603077267660883,,,0.8996628329014653,5
4825.5078186528735,0.18098448733471742,0.24973434624080257,0.8525645850587742,3
3213.663075538577,0.15753357956464245,0.20943457564990237,0.7661518798573396,3
1185.6702307514595,0.12894249174441946,0.16117079325958916,0.7085891556961563,6
1071.284255838741,0.13130353988162824,0.16885951754738932,0.8413294417847827,3
269.1980420149053,0.1160991389633637,0.14273524778036517,0.8617036110220596,5
2535.821214601242,0.16431022942779244,0.2316797160394344,1.0220331530580837,3
3316.421501649267,0.15448076967168156,0.20236880200245655,0.7016163510965711,4
3287.301352483487,0.1617500460417432,0.2181639732327313,0.8172952235359691,3
504.6886082082433,0.12102925062326905,0.15145136879873466,0.8594795334434865,5
3079.9676252466215,0.16254824278730673,0.22184676098695488,0.8656594952536079,3
2654.0727878931825,0.15476300653090225,0.20739569290653892,0.8328945499888923,3
-380.0338113535863,,,0.7863074401795285,7
1314.093725572698,0.1329922855817131,0.16966754302302436,0.7728009062515966,4
-1227.128232866282,,,0.699164649374859,8
1752.1730855425228,0.14286062428082005,0.1889317692715849,0.8467640958901211,3
248.686174839964,0.11416680662932778,0.13555524405865077,0.6852682442851872,6
3623.853102702533,0.16114406859460367,0.21441703205910023,0.7554527743863871,3
4967.24051617316,0.184771214153443,0.256821688564378,0.8834342977900498,3
3849.3992120226035,0.1829069124548369,0.26132350828556805,1.0220331530580837,2
4448.985536842149,0.17777462891071993,0.24470485350211676,0.8655973207193244,3
319.5753732374525,0.11549586380533586,0.13812975332448335,0.7043050958865029,6
7550.15141163568,0.2155640645250969,0.30728429724949824,0.9764615439447096,2
1309.022565419174,0.13636919399723416,0.17859836872739843,0.8659730250349875,3
3430.16325417176,0.16576674542402545,0.2256163322737848,0.8559978654424785,3
39.70646030363902,0.11079020257657249,0.13104064829858544,0.7677781367292154,6
5148.817252062328,0.18965256175188192,0.2658168987945828,0.9249060330787104,2
3829.8330147941388,0.18026617216928573,0.2553669774915761,0.9894134121913621,2
658.3401071400212,0.12305625082071858,0.15371005650595176,0.8088376593521587,5
443.1242718974647,0.12151374708446389,0.1555019196479407,0.9465069700001446,3
3356.018727480397,0.17585681826276414,0.24907565735265963,1.0220331530580837,2
2823.0953078132243,0.14763548881023786,0.19055202179806657,0.6770509038305204,4
1984.9782919457639,0.14251272970250287,0.1853484973034938,0.7694024980798688,3
2326.260776671985,0.14183350072403306,0.18098891981135234,0.6729858067133135,5
3427.3164441033523,0.1607092947308047,0.21516301457359083,0.775134640839531,3
1823.001072188718,0.1417493847619881,0.18560579433560637,0.7964365305707131,3
-392.02933923815993,0.10074793141739065,0.11331277099234288,0.8318594873175887,6
1543.64831830395,0.1415925354687716,0.18829799098020888,0.8991433612486975,3
1087.5719598622409,0.13074107804313825,0.1669923681789442,0.815420236807425,3
5821.2264760758235,0.19853018768717445,0.2812891421999666,0.9465758242790874,2
7734.097024461943,0.22158293438951665,0.3196471555591417,1.0174864639131564,2
1906.95121580084,0.14840986217486724,0.2002682566890144,0.9177363456277666,3
2484.1561041797772,0.1469528960139997,0.19137521131870017,0.731128776452671,4
5535.456687932127,0.20187913775153,0.2901783560559126,1.0220331530580837,2
2368.076467398368,0.1612811801924181,0.22589415864931658,1.0220331530580837,3
-208.92392088923881,0.10539757253463905,0.1218438697891543,0.8064285065058103,6
605.630165408082,0.12445593574730085,0.1595225996108639,0.9278274164272547,3
30.813946601905513,0.11067173173196355,0.13187390256680376,0.8184638449264746,5
2916.131257894261,0.15403633452724538,0.20405102975091727,0.7626647031892116,3
2328.403875470213,0.14975343728010557,0.19881444657385144,0.8212142043049627,3
1454.6803148187578,0.14241698177374934,0.1919434663799621,0.9571048157706777,3
2180.7654845606285,0.1432967034204012,0.18556875889171354,0.732005330916577,4
2985.974499114048,0.15641546477008889,0.20862372613737531,0.789580154536134,3
2970.0697534982587,0.16125508276536496,0.2193744938393138,0.8727443133802855,3
1928.5655319243228,0.14688300873049231,0.1962614108195339,0.8786794221815508,3
2374.5073767677304,0.1510478830582543,0.20157870189650573,0.8313405964775438,3
984.9193976125084,0.13202500659836006,0.17269568875162805,0.9151392576405813,3
3547.754937538789,0.17883337799648868,0.2546332782803801,1.0220331530580837,2
2513.2929504719186,0.15035206487627878,0.19847910743646935,0.7886924481714558,3
997.3179145062289,0.12862432686970354,0.16282444884200237,0.7952802012980088,5
3558.6454392106366,0.1788773817995207,0.2544960639017516,1.0220331530580837,2
1321.5761515101103,0.13471731618019475,0.17408385854596414,0.815583550435025,3
860.7997497672486,0.123545140763963,0.15136325150870117,0.6850493191003986,6
701.7954646360681,,,0.9867768428986456,3
3355.772788006135,0.1673483604307876,0.23045824549481045,0.8850634262565718,3
4700.754438809007,0.1833173314726992,0.25542859968554693,0.8986341988007311,3
1742.0188247289977,0.13581434398424796,0.17186123578539989,0.6943254918525485,6
5671.787203252745,0.17977701839090518,0.24274818833291645,0.7487955210335179,3
1749.3070451082895,0.14931211778075532,0.20517187454970554,0.9906653521954459,3
11268.440914788935,0.2260926452956483,0.31467110012672495,0.8350586288115472,2
733.86021189973,0.1206296434268552,0.14537567111347022,0.6346187540611993,6
3085.6234567177703,0.16840397256928552,0.23522438987456556,0.9560953395880301,3
1061.6388702018953,0.13229590151031514,0.1718307761566393,0.877397429907812,3
3449.8561363396498,0.16341007646788058,0.22052259218999093,0.8152603477437088,3
3097.3652487038025,0.16831801392145285,0.23474100951862065,0.954135950215581,3
3128.743956291127,0.15135814013856366,0.19675582051095258,0.6844051712670215,4
5102.193630464974,0.19049825949532534,0.26839631387338153,0.9359593928614031,2
5159.163555201967,0.19816651480778097,0.28489648200047685,1.0220331530580837,2
2631.2183884698607,0.16088355751289785,0.22185280822268402,0.9428394515258695,3
2074.4712069283814,0.145340566984487,0.19131946256493396,0.7994913538233369,3
2726.9978714111585,0.16453851775058864,0.22960143297095784,0.9795986112507665,3
2035.2699828955738,0.14673765774168715,0.1949580242202501,0.8397385684501459,3
1890.7727011645397,0.14320212110887953,0.18810064310055172,0.8096819110909618,3
1964.884614709251,0.1544869803949951,0.21472975406068148,1.0220331530580837,3
9519.036869046167,0.22742272268587843,0.3232719273386465,0.9479642971056977,2
1515.6286340548618,0.13857412940660657,0.18124678210006095,0.8342579186008497,3
236.76542150061206,0.11482056179775102,0.13885572579201835,0.7939820289297248,5
2534.829910378299,0.1596403698809809,0.22007182231500336,0.9446630400857026,3
1351.3186056914326,0.13668915075113547,0.17857324088399767,0.8576108195931206,3
3498.5329593891197,0.17039445377158702,0.23543641421092618,0.9115528782388461,3
2520.9663592633706,0.15074978542997997,0.19957654258687396,0.7911594327198319,3
3275.176865969711,0.16143994061694683,0.21758412726940152,0.8145865050443198,3
1679.6135464091578,0.14499004326198703,0.19506390745227692,0.9230525362795379,3
1802.560042500633,0.14227956199392794,0.1867231006008297,0.8192722044789831,3
1409.4166203615146,0.14051573586966698,0.18786949906389064,0.9281211760044535,3
826.4461261094006,0.12638101919737896,0.15972698179284642,0.8216938300871248,5
698.4832278942919,0.12403989777903918,0.1557475842877466,0.820092626851195,5
-90.83411132113284,0.10860188695360196,0.12482176577595967,0.6285729025424112,7
5212.920197296623,0.18990330727028776,0.2661298364473623,0.9182551045627388,2
3633.8786462565013,0.17094307548250073,0.2357810653800698,0.8935266118437531,3
3758.954697817211,0.17734097119227965,0.2494707124682464,0.9591149708264306,2
2314.189480890436,0.16003758573779128,0.22383794373527055,1.0123137662474173,3
5241.354819496014,0.19099079903762686,0.2677511011752359,0.9338380217183174,2
-1429.4744657451147,,,0.7892658514787644,9
3255.8467753019518,0.15952696320300677,0.21341587877359414,0.7900955720424362,3
2787.395617695435,0.15711268114637278,0.21184119791323613,0.8405053781218842,3
3670.6631498702163,0.1733032548649135,0.24146586038732495,0.9130636679749317,3
2461.7169277033368,0.15832458767845312,0.21793839913807456,0.9386766158559717,3
1051.5420176936698,0.13587084191312898,0.1821018346534402,0.9844992392790107,3
509.3867434688209,0.1226508671536067,0.15683350449307915,0.9348906101772825,3
1556.703575209594,0.14708775310755304,0.2026192824690952,1.0203949283310927,3
3386.052297124351,0.1564899420705842,0.20589931036593045,0.7243671420552966,4
2295.9379637867028,0.14186841810237644,0.18152199886881143,0.6773562287291824,5
793.6105162468635,0.13089935528687424,0.17415749797983157,0.988887727426357,3
921.1350969428945,0.12865471662462374,0.1644116265266348,0.8412607172093987,3
1862.0155622933737,0.1443787036493632,0.19131903031775438,0.8432147378016538,3
904.0637587645535,0.12856258151969086,0.16435749203283195,0.8507899741748829,3
1287.9980978646042,0.13906066563668001,0.18592571273220534,0.9518264661992126,3
-734.4016927700079,0.09410098530834152,0.09983603398359266,0.7591858245626699,8
1656.6881540980967,0.14039480013052527,0.1837943819646171,0.8271050460556044,3
2059.142565083477,0.14309933694366922,0.186284786674878,0.7579530801943575,3
1348.4877518288247,0.1410362719733712,0.19031733300653292,0.9713144010971114,3
1848.5870851914678,0.15242129756443318,0.21129627568770956,1.0220331530580837,3
2465.4793231126882,0.15184169220883634,0.20249053855222884,0.8242812179953105,3
127.23236765099871,,,0.949593948542348,4
430.7027361908938,0.11801458684249155,0.14354117938491978,0.7557832169441356,6
5034.885722510532,0.19635210039741652,0.28128919393129764,1.0220331530580837,2
1390.9605147720192,0.14042344352519653,0.18785648072826017,0.9354185863920544,3
557.2049734653514,0.1239033128755182,0.15935165152004635,0.9414133322913395,3
3893.2285933272306,0.1761776129501414,0.24596015198767415,0.9177557242827431,3
1592.6221412885982,0.14023266365284148,0.18439589470108333,0.8445843895942077,3
3517.1166371177133,0.16518873940349293,0.22406115070261878,0.8287557890556453,3
2274.473000702111,0.14798961434671587,0.19531399632414836,0.8009794293099947,3
2240.958248876478,0.1469503616935072,0.1933621823220165,0.7881594671007677,3
4770.330479545128,0.18434548720724708,0.25765705592020827,0.8973196148260645,2
3656.40896817842,0.15454507438785192,0.2008665534907778,0.6520882588910812,4
1492.924656122189,0.13370238716388486,0.16940586232212812,0.7214087395097233,5
1269.5341770734115,0.13744111811447518,0.1820672521695087,0.9151398361519285,3
3273.9637712790964,0.16674332739685266,0.22963533915062728,0.8929770196775009,3
2328.2404021280972,0.15525039865424337,0.21222999592646374,0.917841961691308,3
3995.1947063444118,0.17074247415757782,0.23282388746156357,0.8325861698798263,3
1266.9478483741002,0.1405601610459599,0.19041494348603014,0.996383114311589,3
6126.342063691175,0.20375402925647004,0.2902766403974967,0.9784148619678885,2
4267.9175222508065,0.18752385858206255,0.2674636662664851,1.0220331530580837,2
1656.649774001621,0.14478406863918286,0.1949630745672039,0.9263118489070553,3
3019.3310523304754,0.15449235023015723,0.2039792409777874,0.7547089996659061,3
5965.976041770444,0.1947482497867895,0.27180061848521286,0.8948827218258346,2
3708.9563635305462,0.17154697760215643,0.23668349140789366,0.8879018446768423,3
2979.2742577574545,0.15962879964381504,0.2158294873603154,0.8425695827876409,3
4433.328258901293,0.18883123584710124,0.2695279802712322,1.0079882284045505,2
498.0565411978201,0.12111799749091008,0.15196118625353855,0.8729326979539338,4
-1060.9210180603168,,,0.7733659875893839,8
3610.7266521821384,0.16691324575876937,0.22708100361542166,0.8392257045810607,3
447.289705101714,0.11844195175513053,0.1445758843870863,0.7639141910087357,6
-556.2469601950247,0.0987941777087144,0.10859012178807462,0.7339347020879184,7
2653.6947153521287,0.152840915890738,0.20318501490601198,0.7984209488338839,3
2616.4784974965473,0.16227396167469127,0.22554324684824684,0.9680366161737327,3
483.931737948299,0.12159323805472017,0.15410717041086175,0.9181200958829123,3
396.32796528776817,0.1163229886662066,0.13883960651783134,0.6684690450516827,6
4652.528050296492,0.17770600745607226,0.24329424071511313,0.8383326157789882,3
1543.0144439512637,0.13983561660916172,0.18407457938919838,0.8541139426826138,3
5143.585302738717,0.19546024681776544,0.2792487343805987,0.9881088240225415,2
2390.887024132914,0.15451515673703398,0.20980870965795467,0.8873176998120665,3
2134.6255915007373,0.14577272676715444,0.19167889944692434,0.7924316276257549,3
4081.3148751926624,0.1745560523759195,0.24027499642979822,0.8742095707091899,3
2760.955458863752,0.1630246196934423,0.2260048212716356,0.9421000533475311,3
5905.320215941437,0.19642077631524446,0.27640907243403484,0.9119932535414556,2
-1011.8446652874744,0.08797099023886408,0.0878158818555676,0.7414019977515747,8
3087.963127008847,0.15798452586896022,0.21110126550447597,0.7978409094863477,3
346.6648730305741,0.11720096715016555,0.1436352330145383,0.8129201579657338,5
2218.1930745199566,0.14868458192977427,0.19792646275891462,0.8235918094995507,3
3527.114771352776,0.17867353265792188,0.25461543758465266,1.0220331530580837,2
2229.3243971888664,0.1496078255356225,0.19954404835880268,0.8432552144338467,3
3123.2615851507767,0.1556860165123908,0.20593112863734853,0.75436586543231,3
1687.5305146181272,0.1445680758884919,0.1940366961487598,0.9086205275477308,3
-607.1379402233631,0.0969470679206097,0.10535556488448493,0.7639929803274251,7
3169.754654783676,0.15994825941506863,0.21499041932474944,0.8116480329295612,3
3169.9860021083086,0.15792930133611666,0.21056985958657604,0.7801797421915079,3
5528.772849106904,0.18947330165992754,0.26400752472181926,0.8698035849056469,2
975.2219277171052,0.12772359914742998,0.16097381446925285,0.7737714542435497,5
65.00866853510742,,,0.9622009127355493,3
4406.133506986965,0.17819006211084348,0.2463308712554863,0.8719727112467031,3
1827.3219558909932,0.1415215177545179,0.1847904187327003,0.7928043336430204,3
1859.9439140296927,0.14416861052541213,0.1907436910321849,0.8404324628892411,3
1202.3183077208391,0.13057041569572903,0.1650240798870073,0.7514549179415219,6
3991.0274562813847,0.17513784681623293,0.2422258828242775,0.8955090838444144,3
2247.1527326329106,0.15530677167344045,0.2129785981640453,0.9458105342018679,3
3047.957392738092,0.17198688244034208,0.24392939507415579,1.0220331530580837,2
1365.5953466619724,0.1389092183458161,0.18410265944803547,0.9101540217451334,3
-52.522111444144656,0.10885226298159983,0.128349615724801,0.8148760674887574,5
1947.4489040655521,0.14292620456335495,0.18679756069468575,0.78749524916626,3
5908.379903546067,0.20549381081582402,0.29546982507890795,1.0220331530580837,2
497.4998230932465,0.11899730193717917,0.144996013270611,0.7431166359306642,6
2203.039842252906,0.15764427456806526,0.21921577754328614,1.0040704275562595,3
-993.4259386039658,,,0.8405328350865282,8
3029.395482965021,0.16694461422430323,0.23208612128000827,0.9486432664337492,3
1830.6881268380803,0.14303910149965302,0.1882754146661682,0.8263211885521129,3
1371.0577064768167,0.13737541050904842,0.18024460644337523,0.8645663652175675,3
4038.582755984434,0.16867301802376464,0.22823949128232923,0.796703772912139,3
-260.9523027037012,0.1054864820342118,0.12004377098182888,0.676725607171226,7
1799.1917378642902,0.14262452777138607,0.1875466564923045,0.8285682270617759,3
3696.8641419575843,0.17531395762080135,0.24462683625533826,0.9496881610771286,3
505.64390262280165,0.12042377314910482,0.1494724569289247,0.8212674896454093,5
-829.8158392801001,0.0949949271483092,0.10098129837269881,0.6671927837465704,8
2818.2308655049387,0.1548870907641685,0.20638571593517557,0.7991198167152712,3
-2555.710320739038,,,0.7165528744874887,14
2296.8633503854726,0.16012841972933528,0.2240357587656036,1.0220331530580837,3
2094.779898589776,0.14705194766875138,0.19498238395499357,0.8298421698884778,3
5127.305138959631,0.18876374612673322,0.26468161161355963,0.909523662617545,2
2815.9351366269434,0.16500784904819743,0.22994737911685667,0.9635419349737216,3
719.122474310644,0.12575704144855993,0.16042142867117948,0.8787697830759871,3
4576.145473377763,0.17893168876526033,0.24645816243464655,0.8628059170208221,3
1964.9450910386677,0.15151346156153528,0.20773425183797367,0.9560530432473937,3
4821.794535515821,0.18119056092355093,0.2504101097303647,0.85321673719685,3
503.8872937856789,0.12166429512453764,0.15363101299299156,0.8975660612413141,4
4943.087326693489,0.1775497471504423,0.2420426353510266,0.7939790594172693,3
2155.602984895085,0.14902355526000982,0.19926362639671422,0.8485576723094502,3
946.239885306488,0.1287805102735547,0.16417055388028534,0.831115903253841,3
-78.67402407014086,0.10842300059021001,0.1266881869483768,0.7637833794301034,7
1436.6987044283924,0.1363503728929572,0.17663004948044547,0.8105432561196477,3
953.7178450191957,0.13022905003208507,0.16808290889057392,0.8767749489308945,3
5098.284393474691,0.19754554159844703,0.28400387893598245,1.0220331530580837,2
2986.4801714179102,0.15818809940574288,0.21279307178483575,0.8152351593248851,3
3166.4165412073817,0.171568582474174,0.241107216320961,0.9953234822562222,3
2439.814251145639,0.1550036035814628,0.2101592031161999,0.88666907144481,3
352.9458290678838,0.11752295129717824,0.1444517412252026,0.8316834934061742,5
1526.3054257612603,0.1343938798926502,0.1707531893036503,0.726889496356611,5
778.30952939159,0.12218843013879452,0.14902085638459545,0.6768660110537097,6
7092.015268655999,0.2141833915088682,0.30724452368158367,0.9966195376539237,2
5640.908355023971,0.2027141237180331,0.29105150332688934,1.0220331530580837,2
5753.005608961479,0.18802368086453503,0.2591117507534363,0.8369782848407284,3
4451.688684658419,0.17661947946553483,0.24253939137561242,0.8467950081081378,3
7287.851115421911,0.21744491028930502,0.31247198348937677,1.0220331530580837,2
3139.8067400237073,0.16381484340554384,0.2237932105195796,0.8780670435110901,3
3640.7457396389746,0.1651436570859915,0.22330845083379244,0.8057252450826118,3
3856.5804041050355,0.1828141381551177,0.26081882185862926,1.0220331530580837,2
2248.822112456043,0.15872680274806047,0.22157595221069645,1.0069089632406412,3
2501.0060610339137,0.15988760412637937,0.22096626993479732,0.9587026083093799,3
2068.0099633052196,0.15029625927954843,0.2030320759229653,0.9024515139982613,3
2803.019273788061,0.15446803505174106,0.20560053428089306,0.7949208253921511,3
1090.5856467281187,0.13407008900394432,0.17607098310327274,0.9169984886438333,3
2846.1375788328164,0.159882798389117,0.21802297007780005,0.8692703435307735,3
2737.133383559343,0.14451902663176958,0.18441705882287354,0.6396579840364461,5
2694.6406354917453,0.1654714314743615,0.23237970735062846,1.0015278563796757,3
2531.9070847917174,0.16047858972415271,0.2221243676736776,0.9598889545464742,3
717.5500579092977,0.12385669348059314,0.15474368990126092,0.7966903528297953,5
2230.4326482777783,0.14544947701187996,0.18993776108545718,0.7628584398253948,3
3253.2137192024184,0.16216851679973848,0.21962859194281922,0.8266045507874465,3
-1346.2582659544266,0.08321368096258086,0.07859847235831698,0.6800341858222918,8
3275.486607293657,0.16294405633643694,0.22085617502016244,0.8379468711749145,3
3717.457490261949,0.18135423450985402,0.2591731207437987,1.0220331530580837,2
4604.920579512224,0.17965294506720972,0.24819764681960804,0.8642128853709963,3
3874.259267830124,0.1777164571359208,0.24896393625240315,0.9489311416968618,2
-227.28686475792114,0.10571552479304958,0.12110358165173243,0.7217399435078935,7
3470.156280509916,0.16045161686197396,0.2142439705687139,0.7653637115777,3
2285.7923088654857,0.16000478721380207,0.22398670806942395,1.0220331530580837,3
483.6970137280489,0.11852193638569593,0.14396098003653607,0.7251322129363568,6
847.1241522802386,0.12547652538696644,0.15704932622466009,0.7680747369652967,6
2884.5832507410078,0.16319576475816583,0.22513015974509473,0.9167393849438977,3
3058.951453373396,0.16327909621822986,0.22328799075366987,0.8857018619181778,3
-471.2855479669141,0.10086391832473968,0.1122602266224931,0.7208951790925796,7
3762.627206326032,0.18165392157525279,0.2590831279256235,1.0220331530580837,2
3555.4697355329763,0.16513642953095772,0.22354157428017063,0.823071281815669,3
-277.01737563114165,0.10443687594424775,0.1192113544242602,0.7516878772069373,7
1110.9183719325156,0.13351418664742595,0.17425521989916892,0.8869763810938125,3
1216.077687001019,0.13244446162425444,0.16969922279458843,0.8000635451587597,3
1513.8191052155128,0.13976878511293767,0.1843720768261847,0.8634680485843143,3
-247.28683360138717,,,0.9242636002135595,5
1513.2229147380358,0.14443478022058126,0.19612557745531378,0.9810885614908177,3
2364.740659260027,0.1486544729938033,0.19586040527283333,0.7929248356743401,3
6183.728986716812,0.20270344511100125,0.28792733672526094,0.9575687033982772,2
3012.9848741737333,0.17148071138926751,0.24312002210608624,1.0220331530580837,2
-251.25916959984787,0.10389010637363755,0.11977558875605612,0.8592706321846048,6
1977.8236362914201,0.15073477934201948,0.20514363781730935,0.9412699072933572,3
4423.990304051657,0.18968118659850008,0.27139889633836,1.0220331530580837,2
2642.2070709516756,0.15681741184216663,0.212545986155601,0.8672730720382064,3
1832.895442431878,0.14121343176348095,0.1837865548377522,0.7868044845167818,3
-46.713239954982974,0.10887506892695459,0.12949239644403868,0.8735217814320321,5
4168.222926974383,0.18663625136123302,0.26711515016795606,1.0170608729353163,2
1966.4985099105552,0.1446625184211371,0.190645161091561,0.8188869425708772,3
1988.5226823829883,0.14206510981903192,0.18438073810739303,0.7578433002061773,3
-1548.680636897288,0.08111638381787997,0.07474537281132146,0.6426329663916263,9
404.8886444529088,0.11710787965485,0.14152390642466345,0.715899909196955,6
-417.7190682151719,,,0.9239454385501066,6
719.8954916027592,0.12347589088594765,0.1536369536554048,0.7768652768514392,5
957.8261381307957,0.1294997682389294,0.16624548991203486,0.8451255370761037,3
2078.261534642236,0.1567757653888293,0.21937136189226292,1.0220331530580837,3
2156.664009697148,0.14856291662199517,0.197933330405067,0.8419050158893068,3
2684.7030472143006,0.1455915551873659,0.18681886357480837,0.6696691551177335,5
-1816.2801062701674,,,0.7311881455548658,9
3415.769499824987,0.17621983082790393,0.2498711785170599,1.0095717425878734,2
1246.0062371553904,0.1355415126479784,0.17737882445289876,0.8743476972083393,3
2215.8384573539233,0.14831609619159286,0.1970361055418835,0.8177560866506037,3
985.8493352620065,0.13527048299747552,0.18194563708675565,0.9969950048333853,3
3687.4017619610563,0.18064992233566954,0.2574480653893261,1.0220331530580837,2
1933.0158543762277,0.1460605394108825,0.1944627740462237,0.8572680369727596,3
3861.8275703964505,0.1709176765398297,0.23406381689310368,0.8557035728860681,3
1871.9700554646379,0.15312640708207262,0.21327057439557395,1.0220331530580837,3
801.1038431041407,0.12613192497265122,0.15956930839474814,0.8297149733430486,5
268.6414060803114,0.11505915068955802,0.13828362918029605,0.7523666347229372,6
1108.7217206085675,0.1339986505982779,0.17561065861900715,0.9032151292739574,3
1746.650031489772,0.14365125634867587,0.1907482968319528,0.8687234886356342,3
3084.285870439721,0.15880587601277513,0.21319666075178254,0.8086780597524126,3
-349.9398742395143,,,0.8238054775620874,6
4880.4609935393155,0.19509931428619892,0.2801407092534646,1.0220331530580837,2
3315.6148768601056,0.1738098163966242,0.2452073795131583,0.9943760914321399,2
831.0302193995126,0.1291963333437707,0.16794128686706247,0.9259479382450871,3
4773.215205936855,0.19104363251608447,0.27170869417386717,0.9882288662378282,2
1482.3540821767242,0.13317967349335053,0.1681200692508356,0.7133862080853537,6
-70.00049607446684,,,0.8015696745335668,5
6743.437726404363,0.2132152152757044,0.3069428184302523,1.0220331530580837,2
900.0862409794482,0.12995208628362892,0.16850223263172667,0.9027137785467992,3
2630.6980074192115,0.14969157581090264,0.1964237110432805,0.7478060333283243,3
3550.2313742219094,0.17430288963441853,0.24386006129316226,0.9589817501280797,3
1367.7953382800881,0.13404476062587495,0.17175055425850588,0.7775724244969311,3
794.7500092306727,0.12340200319695216,0.1518818688960892,0.7218038117741777,6
510.9281632915604,0.1192108798267327,0.14554464592674782,0.7388824150960814,6
182.51902031748375,,,0.8541800043966016,5
-372.0089827452983,0.10267407487845052,0.11575259802302756,0.7352826846060926,7
1069.9260098447126,0.13458087625185727,0.17815895886196814,0.9424773169383687,3
-1729.2342552600412,,,0.618548214360328,9
792.8078197840697,0.12646173476250622,0.1608789285302919,0.8469821279370132,3
2536.6964663531626,0.14840041193292575,0.1941654246638791,0.7460908287182632,3
2829.934588934085,0.16275312413117723,0.22466134407623034,0.9215709517384264,3
-563.8064060281209,0.09669897644498635,0.10530718715908736,0.8168704343088873,6
1788.4258493200132,0.1417482169432333,0.18562645639431138,0.8118484156567874,3
-746.0665778541457,,,0.9078743642416622,7
643.9876723251177,,,0.9746432514438675,3
1738.406460901439,0.1450760782099679,0.19456595460142123,0.9014719142568444,3
1993.9226634772806,0.14201222441315625,0.18460714423508762,0.7504342009882017,3
2099.2384244796367,0.15687971513561938,0.21887122833941247,1.0220331530580837,3
4133.283661260173,0.17897490929854032,0.24999612251631337,0.9216793813952248,3
-1307.5268039270215,,,0.7292498204970456,8
547.5656056729051,0.12496418259379427,0.1633718477183721,0.9783211341999919,3
2136.998192692552,0.1428934213296998,0.18501175701712783,0.7349867243537049,4
6506.316478217069,0.211430312297307,0.30484219033241966,1.0220331530580837,2
3372.5770792424546,0.1745592784091059,0.2462117816492537,0.9959672303352727,2
3107.9841467735514,0.1645945946961547,0.22604359789729647,0.8942716416173234,3
-1650.4302047051792,,,0.673921921161868,9
154.4882443739079,0.11411163222792314,0.1412651990809537,0.9264560010005424,4
1289.9142908265046,0.14171583766674306,0.19313668291870273,1.0084465375611391,3
2220.79657290639,0.15920052968022,0.22337011431300197,1.0220331530580837,3
586.4690413286856,0.1210385394543664,0.14944104645619521,0.7688729821940338,6
2184.2192608230625,0.1583059054171827,0.22117978148453404,1.0220331530580837,3
945.9176941270116,0.12635184422852036,0.15772389131925593,0.7418028367813049,6
3906.7632250370048,0.17239463417063236,0.23712693940105967,0.8675106729412457,3
5124.6819309961675,0.18630262035158016,0.25942506507162755,0.8799952427817487,2
3893.7789954106047,0.17045203709803902,0.23319371239413156,0.8403142553341517,3
2612.99310523762,0.16280679189767405,0.2266790066882095,0.979975309370434,3
1080.2322751509594,0.1320639380213834,0.17085698950286318,0.8592814019186965,3
6283.669475652874,0.2093969528004891,0.3018461994943209,1.0220331530580837,2
455.18977153158403,0.11801105673175702,0.14287820545087015,0.7252771079210207,6
9324.495004895896,0.23180677796608506,0.3325694485509302,1.0115305532047303,1
3919.152165095478,0.16932103679455396,0.2303010158506368,0.8238226209609752,3
2826.4080298892877,0.16788524392477486,0.23626998048930548,1.0125868490263308,3
3399.5656431886696,0.17175362721009146,0.23993498917261608,0.9439254323874173,3
8002.308529570506,0.21408797202147983,0.3021828700093464,0.923097640179085,2
1794.301008099931,0.13141568882824683,0.16159620054822887,0.577096682120714,6
-685.1674950491905,,,0.8497518895792715,7
5032.668987120773,0.19285039807837173,0.2731937584001571,0.9828069393200867,2
1603.2428815146368,0.1440637930666526,0.193824959133417,0.9322829056413524,3
4030.340961441687,0.1851023366124537,0.2646019416024502,1.0220331530580837,2
1014.6888902799981,0.13200188699838697,0.17193979489202318,0.8962223662526113,3
544.9293596437687,0.11872177075174478,0.14321258438112638,0.6760360457822471,6
1683.4249944722624,0.14132331555028943,0.18602360925815442,0.8357696154200058,3
2141.43308057335,0.1447983701997146,0.18930974358227112,0.7719520192324142,3
2817.767473332328,0.16689567977209663,0.2343260268597078,0.9950476638463525,3
6768.611599222157,0.20286945897405528,0.28526603774116677,0.9013254782482928,2
7407.121799938538,0.20262028713896146,0.28125330550756183,0.8513745498818778,2
3340.320000183429,0.172648728517288,0.24247507392938134,0.9696561130992912,3
2392.8089702824927,0.1512430709765795,0.20203601060638907,0.8283183711151043,3
2592.888359609982,0.15252707350118727,0.20321856649788975,0.8037100354278364,3
6715.480021561761,0.19436328732554103,0.2682421588029683,0.8119183676722369,3
2385.651834369842,0.1545868797363255,0.20960052274531332,0.8947552244452475,3
1060.80024774253,0.12840556644823664,0.16136627188589053,0.751950838674919,6
4286.747558158723,0.1794096829216869,0.24949698603049913,0.9082003201682142,3
1673.4583060355806,0.1446799743227531,0.19423565880533714,0.9198709974888736,3
1348.7421905850288,0.1315068736641024,0.1656584561280397,0.7159304810975902,6
1951.1046350434058,0.1542382499384985,0.21429664197676174,1.0220331530580837,3
3506.1605687071387,0.17835625702464317,0.2540402789487416,1.0220331530580837,2
8051.623621422658,0.22137655860824454,0.31757422527516616,0.9891963186276191,2
2963.9380116078155,0.1585813216866882,0.21351206325452943,0.8297999603090271,3
2319.1913968987587,0.14491972055157026,0.18797058774453035,0.7319379830600508,4
1396.8263063990207,0.14149884869129897,0.19054998686006003,0.9609007453357507,3
599.5219870487433,0.11956521116103434,0.14451833101738884,0.6794755679090702,6
1410.1787563407156,0.1383098854200398,0.1819782744940312,0.872699167474066,3
2046.9887511220218,0.14938047215146075,0.2010935177713692,0.8903126261726358,3
2691.094040479967,0.16428046306928085,0.22915084976193606,0.98672351102565,3
2307.5436090319363,0.14131523608166394,0.18002599290448415,0.6666124257525143,5
1167.8301918059717,0.13479914473546165,0.1766582435906458,0.8946557189668649,3
2664.9295612237224,0.16639146586148862,0.23520332215630335,1.0220331530580837,2
-2665.009847432069,,,0.6209961710698599,9
3145.9147824035126,0.1610855692786572,0.2181137109681004,0.8290535232337128,3
6556.589442674754,0.19021142247383976,0.2602615342228092,0.7833364261329402,3
2912.345975715558,0.1495373954006937,0.19411567032711907,0.6922728008980985,4
-1094.8451117399024,,,0.8038187177000505,8
3989.1475601055813,0.16575052248663272,0.22229651462293992,0.7642645660136036,3
2303.994825961651,0.15209604532801682,0.2046984268054075,0.8693910462007893,3
91.87831660459257,0.11189157778890152,0.13348225310801357,0.7905081840187144,5
1831.3521373300816,0.14566159306796184,0.19489764905083573,0.8802276998568753,3
3691.340202708471,0.17054585594905802,0.2344257742959599,0.8785105721015611,3
3596.298768753515,0.16849628274876524,0.23094205727793454,0.8614682352878206,3
1658.622942948875,0.1447569192184347,0.1947669937842875,0.9260726156945194,3
1997.9034784740186,0.14494529691737632,0.19090754091412235,0.8163030190073626,3
-1445.9576859427145,,,0.7984490193247397,9
1181.7109463404818,0.13131349556470015,0.167390947192871,0.7811367306852844,4
2951.2049690226745,0.1566885556743728,0.20946292634453129,0.8009941291948565,3
423.47776618894756,0.11665991716718058,0.13930822991442265,0.6620840440091033,6
753.6111121907567,0.12358068935991469,0.15328245255204825,0.7559916765410573,6
3644.8048743141844,0.17131059711855418,0.2360297996379814,0.9018189636761377,3
3947.7440778504665,0.16952219243976288,0.2305626501056395,0.8221875394908812,3
2976.1305853210893,0.15216313339524282,0.19978236364677288,0.7188270553576078,4
5664.1864814304745,0.20133644940324308,0.2880690983627574,1.0006397018037358,2
3650.914159336445,0.15484063369813156,0.20115199375741216,0.6607692448097106,4
3146.581250184501,0.17037193548148938,0.23896055585937576,0.9763762854924908,3
3413.9444035743554,0.16024702549966613,0.21408781506270314,0.7722898822977456,3
3029.390729452109,0.16255215489345576,0.22235032576027153,0.875219286559554,3
1202.5298367705336,0.1349643209502574,0.1763646493645865,0.8822972927210235,3
1511.5179201060464,0.14617025618499613,0.20092274426933726,1.0176311816039731,3
457.05033193252393,0.11872758999170402,0.14524560906374978,0.7715091382475842,6
2316.1462861330833,0.16038306766986354,0.2242779155327298,1.0220331530580837,3
3671.677243508926,0.18060594368525928,0.2577003492508083,1.0220331530580837,2
3401.504723803609,0.1580343952196927,0.20911122022152995,0.7447436812932938,3
-217.15714672043293,0.10620669327681756,0.12151123943403949,0.6818800389407781,7
4653.371963908973,0.187481029942137,0.2645118470507441,0.9618061634558372,2
3273.2498990346767,0.15800947671259563,0.21024982022208857,0.7612510805691659,3
1956.1323302493304,0.14278032927340972,0.1862224811264241,0.7835891505498418,3
3157.326181959458,0.16446011203752275,0.22483570184467683,0.8873248476547294,3
740.8837519731381,0.12271607870779921,0.15106669574415724,0.7266058466758344,6
6275.6404109911255,0.19868765792571144,0.2795064411722705,0.8963272987354147,2
3138.553818427841,0.15979618634801232,0.21491007568329223,0.8148008678475297,3
1363.0828641256098,0.14322079448829755,0.19582557798312333,1.0116965174649988,3
2810.5363959347,0.16823737379636444,0.23732328176411108,1.0220331530580837,2
6090.417154649495,0.18238958334604832,0.24590377856293344,0.7437702881935976,3
684.2419353723787,0.12355304481488932,0.15452261483696933,0.8109689766529339,5
2823.2278755690795,0.16077620767000553,0.21986949307538456,0.8936752842153945,3
867.8923424565987,0.12335061369467443,0.15090509540859787,0.6706854181753775,6
339.4833206297038,0.11549680428120158,0.1376162447982097,0.6716748274881086,6
2426.3309731570785,0.15139484233695844,0.20198966815769387,0.8237894783562795,3
734.4244845586908,0.12951459125288242,0.17167438975811816,0.9865294277119371,3
1493.1834000527003,0.1405242895525589,0.18667403574181665,0.8898228412365554,3
4820.398956233019,0.19150749896989516,0.2726649588981672,0.9843287984465945,2
1601.4559109557592,0.14115264281472267,0.18641295999623259,0.8651186170671697,3
1056.4841659210567,0.1360888753017207,0.18268049385333146,0.9871196873683813,3
3935.4598963274843,0.18368769196804352,0.26194456788907694,1.0220331530580837,2
1534.6375172268629,0.14670914445969177,0.2021174811245146,1.0208094873890208,3
2879.5302252742304,0.15914808899087807,0.21554991002540191,0.8557536185476265,3
5746.708710796666,0.20413242102313234,0.293798174498079,1.0220331530580837,2
1850.2939414436844,0.14774459479322105,0.19998479354144363,0.9161977466768808,3
2795.6039516650135,0.1542731647587971,0.20506895479920784,0.7948734769868939,3
2450.1585839417776,0.15989593765252727,0.22189821116480743,0.969220292418654,3
2037.5591558382164,0.15579608885027493,0.21722959751059537,1.0197109886028248,3
1001.2463311891984,0.1314212908327136,0.170670664336285,0.8843890820402961,3
2939.029920382941,0.16780991973319037,0.2349302177888604,0.9837809926039538,3
2612.022366604032,0.15548877876235564,0.20957101356834756,0.853551961251907,3
2219.506123250432,0.1584118835152367,0.2209960224023235,1.0123146403616603,3
903.5450190120441,0.1296740400187446,0.1677336039605507,0.8889381668250651,3
1973.0069817434266,0.14969971352629732,0.20284720041017862,0.919561964264097,3
5239.293791816714,0.18682232987257527,0.25944113000296054,0.8774426139322647,3
1229.6005654173193,0.12909273581390163,0.16084799349737294,0.6967852845065775,6
4171.125347633204,0.17403410787692336,0.2387455613210477,0.8518623964854927,3
5450.930703150656,0.18402827786921994,0.2528538883430883,0.8162954436123494,3
2868.0371794678795,0.16513824613939504,0.2294668191345409,0.9561067419142808,3
1151.2694225799191,0.13299769455406935,0.17215906839755918,0.8490708476295545,3
5220.397858003886,0.1900249119426008,0.26709176224067055,0.9103881175902407,2
1740.8408803178452,0.14393999901103602,0.19194650474892122,0.8723988220645688,3
2855.6922039559004,0.15544760530665375,0.20741882042129872,0.7999475394902317,3
2252.7229581409547,0.15512732200095342,0.21259040540026036,0.9395784032147831,3
3007.60776338064,0.16529878674473364,0.22857898770598695,0.9262321367301953,3
3185.1837759473588,0.16820940157203954,0.23331838295889615,0.9377623732607492,3
1440.340502357651,0.14157471908338268,0.19016525533588724,0.940300288291946,3
3747.0867691746366,0.16992758045198572,0.23316405969926565,0.8550377307723732,3
2582.007349685627,0.15917979955256675,0.21872150333911125,0.9218255517840812,3
477.1052447198649,0.1181816928792614,0.14299515611273822,0.7102980274264443,6
3435.863147308652,0.14875559123456703,0.18962746796969443,0.6020351005885376,5
4121.073438389481,0.18087379885564592,0.25436860950685525,0.9485271847342591,2
1190.909708016758,0.1335312054620772,0.17321354577579773,0.8407027335504217,3
2827.9367145935944,0.1528778808368771,0.20241220237876406,0.7575408544177888,3
1112.0030615937358,0.13425756444839862,0.17625852852852403,0.909234828942962,3
3182.7781832999067,0.17302490871607007,0.24504062570667887,1.0068815803254747,2
4174.869851381728,0.16196086638128696,0.21368789521438886,0.6868076490532378,4
-1026.7618895089195,,,0.7957909364277025,8
5424.048329290917,0.18498628467550587,0.25430243975097255,0.837802059208157,3
627.1457053508436,0.12067202820589953,0.14732204049996656,0.7150306391853619,6
1445.5923791235386,0.13551599125339645,0.17434379040878412,0.7864788929576068,3
3724.156638312561,0.1712214987024709,0.23574053942611506,0.8819271311378357,3
2652.8199383510528,0.16532967649936842,0.2330202830533381,1.0043811412852137,3
1074.6335465636412,0.13446297907776172,0.17749699872474597,0.938670933302435,3
1714.0962233776245,0.13741354645144385,0.17584781532659688,0.7400540921704266,5
1641.5249534536333,0.138759739670968,0.17979366151612347,0.7962446900191091,3
1153.3034058437638,0.1347310499973901,0.1768504305124225,0.8992237188485671,3
1019.2061453627143,0.12587551913393327,0.15555089896843133,0.6840832922966041,6
4183.343714401888,0.1771943320229184,0.24522799066944576,0.8955244370917401,3
5728.503856857711,0.1813964591035983,0.2456805586805786,0.7629145365900906,3
3337.3437489324806,0.16433863888614725,0.2233275928701915,0.8494533824772628,3
-466.55112185789596,0.10187096131676299,0.11353618775056024,0.6683320324170641,7
2619.2565324381208,0.15178104778960919,0.2010099367860676,0.7883736571062807,3
5883.094706158178,0.1925829177105698,0.26844843113940453,0.8703854873588047,2
3715.0014609093673,0.17231189870381058,0.23829074038549158,0.898234110848473,3
3153.891995552626,0.16414438717656596,0.2246481679350837,0.8779157918232613,3
982.5041816221083,,,0.9666855089538298,3
1609.7799884126823,0.1480479226203898,0.2040779418261081,1.0209881663432248,3
1447.186800560626,0.13777775022763308,0.18041164125152137,0.8389705253731743,3
239.34136754877892,0.11615777392253226,0.1447647480432352,0.922386896443975,4
2565.5772478317863,0.16007011008750854,0.2207442771385104,0.9443180816323911,3
3061.8050672389486,0.16356802921873165,0.22416545124469847,0.8869921772344724,3
2891.8940492080187,0.16037788987523532,0.21855703984729188,0.8696468836773688,3
-176.35944983960377,,,0.8702200781537658,5
2896.7042479518527,0.14908188244271517,0.19330446072744964,0.6867959145996677,4
7301.636876409039,0.19698866509479557,0.27056980890229176,0.7984444555882346,3
256.5538954313337,0.11402848579828062,0.13470356317320697,0.6521694030679498,6
2816.457231256619,0.16304268649982995,0.22528328225671435,0.9315568153531506,3
462.7159159218652,0.11901537014291537,0.14596750591972524,0.784995228769863,5
4318.19440597929,0.18101028396868057,0.2528233902812645,0.9243365948882873,3
903.6648519257425,0.1312928255689258,0.17233994297675964,0.9476232331877492,3
2069.7650212903955,0.13774021084891505,0.17380563290153078,0.6487338642472097,6
1137.8249670405205,0.13697392034655423,0.18326857835199917,0.9754709403064463,3
1820.116909755926,0.15209489662329367,0.21128712904646818,1.0220331530580837,3
3041.2887182928243,0.1685834922002869,0.23619837336409544,0.9673026580437385,3
5059.9723653418905,0.19663313395949447,0.28173723264335415,1.0220331530580837,2
4647.521236931965,0.190233389696914,0.2703993099934451,1.0008290244205755,2
5323.2298189426,0.19662954635959978,0.2798570672744972,0.9879299008960792,2
1491.9750727327232,0.1396429663871459,0.1841717423712908,0.8717119900587817,3
8070.562788034261,0.22466113435220908,0.32440367145827637,1.0220331530580837,1
336.61553868886665,0.11616779304868036,0.14000133918489163,0.7409737637694931,6
2351.9167517758533,0.16112841268750344,0.22592399438253777,1.0220331530580837,3
725.3724651397471,0.12617756110239492,0.1615082285230528,0.8918372359064466,3
6574.404974977421,0.2020303694446739,0.28390515926330406,0.9166999435058503,2
2105.795336052144,0.1445733641336119,0.18880765580797748,0.7804334569853556,3
8490.463632763665,0.2094555742385637,0.29145814815019555,0.8339575245916983,2
382.90852864462596,0.11702492996737424,0.1417336414624515,0.7419162163527215,6
6091.879843167131,0.19852168503148276,0.2793860717949428,0.9214992753038996,2
2839.922114594878,0.16364109081077918,0.22653819673250838,0.9349219706493392,3
3395.6746706843755,0.1638290555726599,0.222187467704498,0.826837177142661,3
-257.68843760438006,0.10477072695466635,0.11992323228332678,0.7584753247877722,7
5611.78421737359,0.18232449261267908,0.24851492380767015,0.7804641886676793,3
4999.727103203172,0.18136815627649414,0.24944450876646448,0.8374357462966896,3
2651.996005993355,0.1559715760534346,0.21072955918789377,0.8479534831269727,3
3211.3848813802606,0.1649658369459758,0.22591797882378165,0.8804903842859239,3
-926.3941187253259,,,0.8198193496868323,7
-1476.5021293161965,,,0.6588577854019495,8
1221.054318470097,0.13615624084995942,0.17930000403248414,0.906289510688552,3
-332.7261846812821,,,0.8871768902132554,6
4459.218626883074,0.18298812443217688,0.2559713907834521,0.9318262320790035,2
2606.2954724387305,0.15399702012837224,0.2061540111608338,0.8295524542897,3
1757.9744428590031,0.15091224607076587,0.20918008207445382,1.0220331530580837,3
2416.3888699113695,0.15498806751475064,0.21033806508457928,0.8927505193717175,3
2093.7189712273303,0.14416669970160007,0.18807617479596955,0.7744150503503239,3
2916.26419126835,0.1652778028848843,0.2296914070895582,0.9430042984951559,3
1926.8529076734462,0.1458691688886575,0.19422552572141288,0.8534268918034581,3
-270.4276992802668,0.1055431203369153,0.11985468475795646,0.6520306466841658,7
5063.220441976288,0.18218440959180957,0.25114745345126727,0.836289251035944,3
3860.115728288337,0.18313201226392273,0.26184719462144124,1.0220331530580837,2
6608.266033333401,0.21212770156889751,0.3055194895579916,1.0220331530580837,2
958.3212669791553,0.13121502143312685,0.17080143490202318,0.9073597284590834,3
1106.1013327943942,0.13646610291289113,0.1824551918918587,0.976434820088012,3
4149.547337994044,0.1746574622828121,0.24022566630956138,0.8634404062249025,3
3683.190523272495,0.17292177622002783,0.23984801761034763,0.9129117101630378,3
1321.8216412102065,0.132007279811387,0.16693805205504758,0.7440799696944582,6
6299.688186659429,0.20923295850043358,0.3012106295733247,1.0206397672050949,2
1488.3715663826642,0.14079899947637384,0.18719161091758,0.9018502112045161,3
1442.8975652721886,0.13800930702755065,0.18081338810534364,0.8497841207026886,3
1804.9682991887248,0.14317740010155833,0.18912920952607243,0.8351736837495852,3
1546.8602179074396,0.13993548249536616,0.18400858061231706,0.8582073986113138,3
3175.300114559631,0.1737342553095914,0.246565214113798,1.0220331530580837,2
5499.8711060487685,0.18823671522750374,0.2608890054631046,0.8658724738461189,3
1973.9235786240574,0.14851858215379252,0.19997779398217969,0.8947140249356669,3
-834.9127074192542,,,0.7762100483304021,8
-272.4964030859019,0.10410921722050262,0.11918679232767318,0.7917001222579753,7
4907.250532853942,0.18097505068963077,0.24882057762843032,0.8469827244343572,3
1584.409110956845,0.13972686075076132,0.18300582837946422,0.8384505052767787,3
571.8462493925786,0.12000374339427254,0.14662800035966939,0.724922603896231,6
990.505988454388,0.1271624381928177,0.15921351516681181,0.7457251307062697,6
-550.6758011934271,,,0.8406796120434552,6
2440.3100332327467,0.1417078172203219,0.17983135360209423,0.6487451571343441,5
2825.086186043405,0.1644951993966061,0.22831023880644358,0.9565623910475034,3
3789.9468564631143,0.1820243454780211,0.2597017587591835,1.0220331530580837,2
2919.82312543622,0.16119730754098788,0.22014469168825598,0.8773586421233713,3
6440.564580991689,0.2015985032043318,0.28383898289393983,0.9230947748102377,2
3270.3389472754716,0.1750910845496037,0.24877651285569302,1.0220331530580837,2
3632.541459716681,0.1756729311312484,0.24661176138433802,0.9598066358654953,2
4195.897865820861,0.17313044674128836,0.23676634687108164,0.8348871852759329,3
2191.4583544781185,0.15113870389413936,0.2035616322853457,0.8831741567843749,3
2726.992593868776,0.16415641640451215,0.2283603732401389,0.9766253683068427,3
882.3296300290922,0.12871746460787115,0.16529327215721426,0.8708527962046256,3
3531.0027279258834,0.1675640258007661,0.22919175439565156,0.8610636115487614,3
748.0788356547268,0.12434945460795463,0.15568134115073928,0.7925757747928002,5
1538.1131268830788,0.14397646989800705,0.19457704767410178,0.9583457492089573,3
1231.7136912862047,0.13174980986614176,0.16747669033211426,0.7751515658953066,4
4315.195748104054,0.18804225005933406,0.2683198365160935,1.0205413963486563,2
3488.290956433783,0.17237821762846584,0.2402458417425805,0.9399919378666585,3
1776.469429943224,0.13619990393390255,0.17266600529783316,0.6905852880436714,5
3412.8355597410023,0.1761576288045035,0.24959212711437437,1.011046707504439,2
592.7800308792871,0.12483900238985371,0.16124174338619926,0.9462556575338855,3
2584.4060316625664,0.16487096990713326,0.23210601762766608,1.0220331530580837,3
222.70970328425216,0.11608304913343093,0.1456620036653476,0.9431362957295255,4
1265.029158154903,0.13536177013284034,0.17664795244272685,0.8592223084923248,3
335.05165021629523,0.11673216953913657,0.14219391388560332,0.7935230664576062,5
4637.521551580505,0.1812363980247028,0.2515519535991189,0.8783172566313621,3
4053.823560366387,0.17780712612911886,0.24813762745907295,0.9167686118101475,3
2911.8371405093885,0.16984872446955704,0.24016486295731737,1.0220331530580837,2
611.8319474482225,0.12545195138700369,0.16260322397611165,0.9517848985214157,3
2382.4381890461163,0.1615594449473065,0.22646655677162925,1.0220331530580837,3
7148.322720162586,0.19492262658013715,0.2668936712445429,0.7901953412636683,3
360.9393261149756,0.11711358921529612,0.14275732125588547,0.7825425375249956,5
2825.4208654278873,0.16013441045633958,0.2185180187367223,0.8810031432126987,3
1381.1651668673323,0.1360028632157082,0.1765899971302133,0.823526222666981,3
1480.1347159669829,0.13555170590389032,0.17394526959706136,0.7748937859183201,3
2183.7641454143095,0.15005634762455886,0.20114509572667888,0.8637032814097537,3
3005.7541134216567,0.1523042982239531,0.19946058390269178,0.72075050274079,4
1738.768296597554,0.14998903745308784,0.20697721523647492,1.0110346660202045,3
2520.625646453804,0.1582214005543392,0.21718447759340054,0.9198516083195233,3
1281.8201493176693,0.1384215971660524,0.18451514597218194,0.9353141230317593,3
2626.019830025478,0.1527590840420999,0.20348663005534043,0.8001387872130161,3
1487.6849499614623,0.14571551493208978,0.20017928079614652,1.016991477811178,3
3056.263497283335,0.15244312430450005,0.1993419560993061,0.7152857296865658,4
8701.357962978347,0.20837818718046036,0.28854067131869676,0.809769886474156,2
2404.805060727975,0.14341827609041502,0.18395620153442,0.6856431505205323,5
3100.448408080487,0.16344896200653242,0.22321865126832566,0.8810183899563429,3
2414.9800233676247,0.1581170424740776,0.21810193545898077,0.946189845873603,3
-1295.0156573998968,,,0.7895746665224929,9
-318.7890318827142,0.10348480512325298,0.1175415597004758,0.7583305852723689,7
7062.494858262927,0.21110122716945623,0.30066892945033036,0.9681794452955325,2
1128.3770465346693,0.13844614961426488,0.18786206734657757,1.00522233864105,3
2089.508699844914,0.15683641589121183,0.21912349309131968,1.0220331530580837,3
1983.2869921510091,0.14622126747544828,0.19431575671405876,0.8445505903886147,3
54.49409898252492,0.11096748797381228,0.1302739552473213,0.7061106939494347,7
800.5056724754926,0.13106248691528893,0.17447063519575756,0.9892264456182714,3
849.0862515615851,0.12912602711357982,0.16722140385190876,0.9100775519960732,3
508.9011781453142,0.12216252519792763,0.1551760892532912,0.9195355069777241,3
1320.3575638568693,0.12956202759105512,0.16140028416648422,0.6694952300029002,6
-1134.2095411808414,0.09008623794597954,0.0917820034646866,0.6385379592489678,8
1863.4410853319578,0.14334917369214967,0.18839694426387726,0.8254883523448406,3
3263.53818680855,0.15849842012967202,0.2111751111149715,0.7725358986470674,3
1026.0265703056525,0.1285874866616723,0.16244196431507596,0.7755486160529227,5
4255.626229654248,0.18777121541752423,0.26860255513893216,1.0220331530580837,2
2380.8397955568857,0.14903819051614853,0.1967537530759728,0.7944144541677878,3
3407.301752419575,0.17617398472011703,0.24986268151224064,1.0104423010262766,2
2371.2291728905075,0.15483213963016168,0.21085437615838606,0.8973208997551841,3
2087.7984447796853,0.14284765013608197,0.18531782106983888,0.7468283280223146,4
2309.9788576568303,0.15206219710098592,0.20464830338823958,0.8661584540669843,3
3321.015525536508,0.15757869909857622,0.20865341300486762,0.7507322233437272,3
-12.244544058840049,0.1097706898202887,0.12858879437517315,0.7303337693395138,7
1536.8187864523472,0.14670640876001928,0.20197821253786974,1.0197210958107146,3
4541.3644560767225,0.1910287658059133,0.27344872546345866,1.0220331530580837,2
2957.8466208174823,0.15331455395535162,0.20206294554354826,0.7444945904836184,3
2835.201699039475,0.15155825430301778,0.19893049199090457,0.7403044333423152,3
1734.9167749416697,0.14240064760597315,0.18778839931073896,0.8451171725801494,3
1985.3606679702027,0.14557186838101197,0.1928519874352787,0.8292223114758516,3
2917.8135834256113,0.15448432556340783,0.20471631174550564,0.7730717404209629,3
4836.427866260594,0.17494784670188893,0.23710336667063536,0.7750916513847226,3
3964.4649628568563,0.17660304086357437,0.24617545325963874,0.9141405071409708,3
1669.2151843339657,0.13805294312278427,0.1780992368941952,0.7663044130407821,3
3374.1394307704454,0.16937408853127636,0.23416954883505248,0.9195687135744733,3
4671.880555341102,0.17930540535744513,0.24745340561166815,0.8466618443556285,3
3421.9328986677574,0.16573229601635836,0.22608199545102256,0.8518371636015339,3
4227.000381811313,0.18484012758617607,0.26215356827779024,0.9880368588783597,2
2807.424040220412,0.16512589070280226,0.2298914084905846,0.9720592407442493,3
-937.0054710937078,0.0938249185289351,0.09869394786710471,0.6407396979813763,8
2713.4429311696713,0.16520290079297417,0.2314890353514784,0.9925352568352543,3
4605.58965735871,0.17693350712615943,0.24218147051396954,0.8318101523149835,3
2442.471356997087,0.1506578701742911,0.20004662218834712,0.8077290313986334,3
2537.7542257944906,0.15620529375055417,0.21204293896298626,0.8827030175636527,3
1324.116297027773,0.13404468728931535,0.1722183654714172,0.7974267164602975,3
940.9528970664205,0.12895426008299185,0.16505295661190758,0.8365956610216968,3
4465.561889604239,0.18771665955046046,0.26667935572004353,0.9895336252611412,2
1719.0375023865224,0.14071119392465337,0.1838286431599045,0.8126041646414887,3
3602.327573283548,0.17440416277504478,0.24413085543419583,0.9454466194159743,3
-1468.1257437329512,0.07979474911858232,0.07174855621497048,0.6865677052317128,9
1900.9933140000498,0.14418367669177323,0.1905451406129942,0.8249485254476344,3
683.0606949005379,0.12699248093213106,0.16525821710347374,0.9524456954500489,3
2569.897753796148,0.153739706455599,0.2057378318539122,0.8350386341711175,3
11468.187480173123,0.24455766379605845,0.3506593760270334,0.9971270072323646,1
1540.289044281203,0.1394345471648194,0.1831377959853854,0.8449770427142589,3
1490.3269329600237,0.14106048075673244,0.1881093084193708,0.904150853991814,3
4497.371847041799,0.18750934758272705,0.2658406519251002,0.9835421493343105,2
1533.540047285208,0.145009049944838,0.1973379243900127,0.9852745418602497,3
4253.405107206255,0.15741270081998665,0.20369823656583325,0.6229758373334812,4
2199.99380523372,0.15044944062174187,0.20206821843148648,0.8648911063231493,3
2087.0261496683625,0.152299706658323,0.2081693120111595,0.9306116078549668,3
3550.7941846608956,0.1741002741255216,0.24362433835631236,0.9534501415729765,3
4652.156761479004,0.17673823737713973,0.24180539435274112,0.8201073738417372,3
3520.0022740988647,0.17417122065571677,0.24426405662379697,0.9579427101213235,3
-693.5854938318083,,,0.925862875341003,6
2818.934156541577,0.16016316789791749,0.21889891397804606,0.880012881442809,3
1233.5308483489198,0.13565297874592946,0.17810721317200662,0.8809441255333642,3
3064.417694088139,0.16612999048602436,0.22982809522400202,0.9286978342476151,3
1083.8763639486058,0.13645000872002133,0.1830429799960257,0.9841250173150496,3
2256.410528738432,0.15448743675642623,0.2111077045043202,0.9253153088998177,3
4379.645157835019,0.18258653338289155,0.2558940912331309,0.9355623204940227,2
2823.1013516194653,0.16437056697968735,0.22813948904877185,0.9539101784087931,3
4793.6812408882515,0.18002732523582382,0.24805524763178255,0.8427653096485958,3
1366.2021152635525,0.12909195957208802,0.15967007002000175,0.6414470323320094,6
3871.372972235972,0.16170878457860458,0.21427737144986164,0.7270181231879329,4
2835.5829775493025,0.14712219697576076,0.18927568651361076,0.6674936012601392,5
4300.198647494846,0.1826194414571546,0.2564939310974297,0.9484938572411972,2
3823.9844748153305,0.15886685740315448,0.20871974611909536,0.6929391415869441,4
3137.21068667032,0.16193258867560875,0.21965252435038565,0.8485931965819715,3
1540.0845629662786,0.13594965419933946,0.17420571762340845,0.763037853122097,3
377.61056686323576,0.11790050358395096,0.14492434152580252,0.8216544879037297,5
5088.675080926853,0.1888815418926243,0.26487208799662765,0.9191560757323362,2
3803.1958586085243,0.16578402284185356,0.22342650158861949,0.7920851219088991,3
3289.117458777631,0.161932012620855,0.2186604935428477,0.8185285297108111,3
3701.309400073711,0.18100989052445582,0.25836911681763014,1.0220331530580837,2
-38.48432292425176,0.10904727550450843,0.13016894852444238,0.8831240584280322,5
2897.4480412824014,0.15436379541251888,0.20457370527583413,0.775309220275842,3
1711.4806380647465,0.14204060959236814,0.18740589294684473,0.8426565862055619,3
868.2350048671782,0.12713318884680125,0.16115340033757095,0.8203020235622756,4
3587.5648983086667,0.1759868707131318,0.24767530920616998,0.9732080335000365,2
-1196.1630711139942,,,0.8205490268618608,8
726.013800829591,0.12609848820757183,0.1612493827507933,0.8879243033366613,3
3735.3934998739896,0.17263415905727017,0.2386676781799906,0.9013394932028505,3
5275.441546023475,0.19406683132028776,0.27452535084812557,0.9634247939289025,2
45.220531616153096,0.11090460040777546,0.1313259508764532,0.7707143408295712,6
653.2499633345757,0.12348118889531184,0.15505778982442278,0.8346670711891683,5
2400.039545035578,0.1522223183162169,0.20404883266674007,0.8465437141660708,3
4405.037477524875,0.1613917253986984,0.21106531881614493,0.6573973808071114,4
919.9364844440596,0.12808949605514502,0.16298497474526819,0.8198051139275594,3
-210.11432938507812,0.1058987525016164,0.12174610961501459,0.7405024879536949,7
5536.830479659188,0.18732453972443183,0.2595142622398271,0.843186303302038,3
2475.5340962740943,0.1574685410127131,0.21569182273015036,0.920430454664195,3
4908.726542207487,0.19486289450942423,0.2793178146032005,1.0160499139466397,2
726.5682538723919,0.12518255620234414,0.158548747009445,0.8469180289605436,3
4374.739413038048,0.18949226646036554,0.27182627369584234,1.0220331530580837,2
468.90965111634637,0.1200335694412388,0.1492253062166128,0.8432412852546072,5
2593.2235337908546,0.15430950621048398,0.2069658456632169,0.8381882814520231,3
6917.971375358171,0.20345533650397557,0.2849693706972176,0.9031223084020692,2
464.6301877361841,0.12066413004649805,0.15160615243512437,0.8874301555947073,4
943.924511126022,0.13433192255470208,0.18029889719182393,0.9951354611819155,3
18.11414870065714,0.11033180285612619,0.12935056268661355,0.7215589091120256,7
2534.4763469139525,0.1581444964937873,0.21654728387547956,0.9183822181956074,3
3360.2897820550293,0.17511532997004906,0.2479034889769537,1.0037432237439796,2
4337.9531790416495,0.1728367959753086,0.2352501601704717,0.811712311067631,3
-1150.1618195951182,,,0.826188211514943,8
-688.5908576102057,,,0.889596595683352,6
2038.8629010673758,0.1513938675971076,0.20595190426611226,0.9348286037385988,3
1948.9196300158947,0.14721192412271195,0.1970178240870155,0.8767202416506858,3
2642.4249395361185,0.14838781198468498,0.1932159206113283,0.7255894027806944,4
1864.600151452332,0.14321790521680675,0.18824340498704262,0.8202933599648874,3
1708.808372787396,0.1436089460203221,0.19123253005072915,0.8802585657875276,3
1225.5578085262828,0.1317698037448281,0.16769918767822675,0.7774798965569749,4
1835.1706579933693,0.14528569527019505,0.19376689773780528,0.8726582954266945,3
5416.487348437293,0.18473838893041833,0.254528558129823,0.8281391627232862,3
462.3139093312978,0.12012781272715076,0.14978111983036801,0.8576882147059147,5
787.8352894775657,0.12533439116177764,0.15756652094696622,0.8066011202395339,5
3145.1595129641432,0.16749280368803737,0.23229179872396347,0.9322292065184802,3
5977.563094164153,0.2060118931975012,0.2959965255937278,1.0220331530580837,2
354.14348943945447,0.11682954663046986,0.1418167489242478,0.7715795588214023,6
4258.05722959434,0.16413426658873512,0.21733812609072628,0.7096050625262318,4
7365.594247196118,0.21855773872830464,0.3149337141396245,1.02071830756046,2
1793.9708309834941,0.14383632052840775,0.19078829589107044,0.8543130497573832,3
3603.884979832033,0.17342458113816975,0.24173863844807789,0.9328462127172003,3
-886.5123742261727,,,0.7741189259784975,8
2725.5602925561743,0.1566339836123007,0.21126424099857105,0.8462951086114424,3
40.4027472264072,0.11051582294580842,0.1268769967117806,0.5497988091182043,7
3799.7694553587985,0.1744776475987237,0.24252333512558832,0.9137885671688369,3
896.7433495046203,0.12466079059267943,0.15395097064265428,0.7063971414419445,6
-154.5187287283731,0.10724052482701157,0.12355057414915795,0.6968361048708193,7
120.07013759615911,0.11255662177836714,0.13509172831545585,0.812970550410742,5
6015.829260754759,0.19369470434794495,0.2699127100127954,0.8714921566474517,2
3229.8802350931073,0.1639714237163389,0.22327619634888834,0.8644740195976303,3
1209.3663756742465,0.13489814379208848,0.17626449985182263,0.8747777468619742,3
6616.375500054741,0.18716522942277153,0.25375349287423893,0.7475016929391963,3
2954.0220474861517,0.1685189082405486,0.23661469855978795,0.9898640509165967,3
4697.000291267888,0.18292396420765736,0.25443546715396226,0.8959963022673222,3
629.3716991774779,0.12462433177397544,0.15934505993773207,0.911329537881433,3
2530.819227502928,0.16421987547073516,0.23150629250994828,1.0220331530580837,3
999.7354309853422,0.12816257579415835,0.16163957148473856,0.7767747741852695,5
1221.594868732412,0.13107644191868534,0.16627869106068838,0.7549034168822149,5
2356.3298248037277,0.15755715853865693,0.21698578396826634,0.9573692043283382,3
446.7940460056858,0.11835175563701344,0.14428095959447096,0.7583765164539228,6
5049.8711755247505,0.19716489699649176,0.2836684333233279,1.0220331530580837,2
1932.9738243886363,0.14694354384901093,0.1968329050607281,0.8730954621065108,3
-129.66240003316338,,,0.88090608946981,5
3183.6010069347576,0.16394279395863126,0.22427619158879677,0.8653324000457928,3
7033.597473201216,0.20141334857944462,0.28070165867247854,0.8659630203414235,2
3310.2390860387136,0.1666164958190166,0.22892504120063678,0.8855282527088164,3
2020.0652149844032,0.15073081871323668,0.20480448680100383,0.9249010307089001,3
2470.080708702615,0.15570739846461945,0.21168627200677292,0.8894625157298152,3
924.7452234897816,0.12556275504048248,0.15599897390311532,0.7238234842151963,6
1282.1093186741969,0.13894622097632248,0.18588517526259243,0.9499593391548429,3
-245.8867137874819,0.10607376682301037,0.12057323172057297,0.6388380171507246,7
3230.129344979551,0.17028729169542203,0.23795555275210062,0.9574960092696987,3
-223.0025777750603,0.10472170296643526,0.12118220601078067,0.8470758478255946,6
824.4910816852345,0.12606314817248862,0.15899508280344893,0.8087012933194868,5
1308.5434393325254,0.13799872727959162,0.18273141604004198,0.9125513488184929,3
1138.4063086329938,0.12864896128230613,0.16093524450152474,0.7218863236715743,6
3652.1245095216223,0.16559462439836353,0.22409480533824538,0.811649730022482,3
1310.3714222021995,0.13772502629053635,0.18219887552677394,0.9015223731908542,3
2795.4696535964254,0.14993754250053834,0.19547266738645702,0.7230088491524126,4
1495.037216839581,0.14542749892825677,0.19941886178203272,1.009860396580319,3
6418.17819045725,0.20363576924110025,0.28824810006990453,0.9482007320757487,2
-172.70537526219005,0.10620000346825692,0.12333489007960455,0.8096796449158753,6
-253.1206090061022,0.1046296175873977,0.12001724868314344,0.7830473997546442,7
3385.4659472980643,0.1641596026052867,0.22264812363828246,0.837341059410129,3
3111.735382038599,0.16423617192740497,0.22483517256114283,0.8917675058170406,3
3012.848292601203,0.1640426926849614,0.2254329451152444,0.9074157272691841,3
2019.260535088758,0.14192196076978691,0.18366341868986646,0.7477004278036257,4
1332.19851704427,0.13593860693081297,0.17683287692379968,0.8470360695977494,3
1979.0704138406277,0.15345396264619926,0.21247061948888585,0.9898089630953274,3
1941.9072634605513,0.1531352009760667,0.2120926585121197,0.9978319353216499,3
120.83510592921382,0.11214239165701659,0.13241762366997137,0.7087578607874357,6
669.2661457406977,0.12676278768567503,0.16498723448712554,0.9540639449028654,3
1944.1385616350483,0.14544642265291266,0.19265906538312266,0.8432101206722361,3
1239.7637876351018,0.13035019200356152,0.16423611001737304,0.7250724848340355,6
2725.143133985085,0.15460236644703407,0.20666119554080065,0.8120025731759761,3
1813.327183890257,0.14976720732884136,0.20550146562673038,0.9740556785803045,3
4679.113363211642,0.19168416984366562,0.2738440254739544,1.0098890003249696,2
1142.2870079610566,0.12720129270737743,0.15721005369650815,0.6742588877411759,6
5647.623577184322,0.20186898508118248,0.2889532145833073,1.0134965609780746,2
2790.0201389727104,0.16345607916009616,0.226337540347231,0.9465806943615674,3
2800.978275273711,0.1567472677581464,0.2108967837637465,0.8315139042615487,3
1593.7867242065463,0.1426936664680398,0.19052052911138162,0.9032880661459014,3
2791.383321282673,0.15507312917570745,0.2069544720701743,0.8084071265518331,3
1099.7633291172601,,,1.0027496204987014,3
-14.222383537293226,0.1096430718263946,0.13152781065691668,0.889853804055651,5
1724.5407409160875,0.14001325345680019,0.18191668083964035,0.7967349828989756,3
1497.739242565548,0.13670003343131612,0.17664514410171253,0.7963575743769009,3
637.3298656409941,0.12558896481205012,0.1621841615833546,0.9408918731090414,3
1683.2471063559515,0.14895360940663527,0.2052209590619896,1.0107399203706817,3
-737.8108311419813,,,0.8386184602311728,6
1021.1809929019889,0.13604035913886037,0.183310749262455,0.9982191157679642,3
3832.4802409099016,0.16179231428714053,0.2148200384603115,0.7318683487610463,3
-669.9723069180574,,,0.8422572034412373,6
581.3580039756174,0.12468103764649643,0.1611200811177696,0.9487731187664357,3
5840.853249414083,0.20423541523323363,0.2931360719481745,1.015390683059787,2
1732.8743648854486,0.14766248781661498,0.20150208704653783,0.9572135032949993,3
3716.52875012567,0.18101257279040514,0.2579858864468406,1.0220331530580837,2
4280.216565186198,0.17260657291944884,0.23501814855553682,0.8174007265404626,3
5074.384749568963,0.19363226815203238,0.2752329455062863,0.9802396205433646,2
704.1779551058996,0.12434305792949094,0.15656988099726732,0.8283572172555657,5
-2.8572494599228175,0.1099381781599732,0.13032736823879532,0.8125213000910787,5
-550.851236839773,0.09820326229673812,0.10778546556939547,0.7652165895413815,7
6931.496637519578,0.19878982626169098,0.275877828902958,0.8456790095080493,2
-526.728369016557,0.0991479910144335,0.10935527783767615,0.748346209514827,7
-1090.675664684936,,,0.7215077133987587,8
2169.582697207049,0.14891085995914186,0.19863401258444355,0.8449254561849028,3
137.62280557514276,0.11304655074236508,0.1364981349281152,0.8378212810637911,5
5465.175823378176,0.19483759075810664,0.275220122054452,0.9471380528012344,2
8819.706841231133,0.22817789021228235,0.3276910753302218,1.005928211605156,2
254.90529787938078,0.1146347544347009,0.1371004751163128,0.7320933978389078,6
2338.7354227337482,0.1492411433928283,0.19791906652444596,0.804800491503329,3
-1122.2575700138857,,,0.7943272839994574,8
1642.9642926114414,0.14555770665729142,0.19697173847671368,0.9515553675049135,3
-59.106213875266036,0.10895537396600052,0.12654770334393112,0.6978816407766416,7
2845.3915422092423,0.16175807942099713,0.22195692299901568,0.9045200569644838,3
3839.465637009534,0.1796062510656157,0.2536359499314129,0.9801015900382949,2
2522.498195804699,0.15965534240240237,0.22013352912945264,0.9492886430618273,3
823.4727609820028,0.12344478460217946,0.15169175236842425,0.7030525945575203,6
3811.605222045913,0.1823789407744698,0.26040849298733526,1.0220331530580837,2
1481.2462419645415,0.14356885272354702,0.19453882743655415,0.973166980176346,3
2527.7287537012576,0.13915518137218902,0.17407359093740524,0.5838284707392042,6
1515.2184277981517,0.1358125117356395,0.17421522050135538,0.7678951855736922,3
4746.095038755749,0.18945948354758002,0.26850557536454284,0.9707086270793206,2
4750.919475449939,0.1935580604578718,0.2778390146275342,1.0192284107986436,2
546.4734349375655,0.12495790415805463,0.16343595891667068,0.9789843113140123,3
166.56798533720283,0.11383375544910451,0.1385288265713826,0.8641985531859757,5
-446.2596392081183,,,0.7911405830078466,7
506.5328972261201,0.11864615460435744,0.1438446848223976,0.7082284990639025,6
4897.687607850902,0.19506100508751845,0.27967828816181284,1.0220331530580837,2
4443.927723708233,0.1899761864211541,0.27196891989988214,1.0220331530580837,2
4977.5389867173435,0.18556010693800998,0.25854381746212307,0.8908139636469654,2
990.3307469826514,0.12299487420573317,0.14860095043868576,0.5929586829687874,6
3732.2456899872677,0.1638661342804881,0.21993592879662172,0.7738454521799458,3
4956.873249944324,0.1804015171029278,0.24756691536458675,0.8314794313083811,3
5132.491206311606,0.19773107415885535,0.2839729119943514,1.0220331530580837,2
4544.334702212964,0.19130965466019917,0.2743315156363678,1.0220331530580837,2
4227.259638543474,0.17585960408941903,0.24202551816306372,0.87127667089045,3
2127.0308845918807,0.1503230463715226,0.20211549809610008,0.8883006524635155,3
2676.757063408667,0.1596962250253455,0.21877750261191978,0.9094968938087974,3
1039.4336915399829,0.1334144277801897,0.1755822694824019,0.923951187876348,3
2728.993512376147,0.16413203001084187,0.22856566818954888,0.9727898648887052,3
4091.1071754229083,0.18497923170034483,0.2642565686903254,1.0045233481980236,2
1506.7076216994467,0.13397026125667252,0.17008349160678332,0.7211646236425754,5
4519.266288287583,0.18837787634838607,0.2675931594676512,0.9917910909573271,2
-303.71010720547633,0.10191801864984884,0.11664440123058743,0.8816345720058119,6
2451.37217441755,0.1549083600866652,0.20992410589315108,0.8808342454593574,3
2060.127210930709,0.14489874966020583,0.1905125792785839,0.7935521687304908,3
2690.541234029525,0.16445701291722797,0.22985503031268315,0.9869849366549116,3
8896.024504402658,0.2041704760038556,0.27897438279251213,0.763924533993038,3
3087.066813654935,0.16794170531238709,0.23400102594896455,0.9500853478669506,3
1338.8446104042885,0.1379689696781498,0.18223088309350718,0.8961108604460402,3
1935.0686500837487,0.13846049742460317,0.17657264178560583,0.6960104870415526,5
647.3766185861855,0.12701090255359304,0.16653932508452277,0.9723715280306947,3
846.953345401248,0.12605661905281526,0.1586141626947211,0.7919291019440192,5
2158.851510343689,0.14435809942297056,0.18793823337109644,0.7610910594108385,3
1270.1401070305562,0.13476803231505982,0.17511020249403375,0.8388340043497428,3
1234.107504424317,0.13590980883682283,0.17857899849914252,0.890562107575176,3
3720.898947327759,0.15469517423307483,0.2004206714867906,0.6505381639624142,4
4863.539752303636,0.1830517450473963,0.2535265348684334,0.8777281179405837,3
4701.902547947842,0.17945869547893384,0.24699882746754157,0.8513537075781303,3
2419.4496916008984,0.15650129451296385,0.21397469096846178,0.9182891122636396,3
2356.0505357116876,0.15231297622158313,0.2048531378628468,0.8576937231789666,3
87.19304673481602,0.11171631952629474,0.13261444178478998,0.7654179410264593,6
726.5503768434168,0.12667341963206127,0.16311252663108466,0.9104520892588363,3
1419.0755815565258,0.1444317916488217,0.19820182651274076,1.0162514838497307,3
220.53477146078973,0.11465313853223053,0.13891552038330707,0.8152531709519671,5
-64.82772443521598,,,0.9496215839987091,4
-873.7098945323633,,,0.7896073747469632,8
3973.635543136614,0.17359879420328073,0.2390608520185197,0.8761909023431679,3
2370.1622263839854,0.14750885021994695,0.19345998745357063,0.7676725348755201,3
5693.014248190614,0.20202037294875486,0.2897832173359349,1.0004114629556582,2
1940.6215990624025,0.15034213781300423,0.20481035263837846,0.9441919651058944,3
1429.1870468657662,0.14044764585105446,0.18724717027798765,0.9187403742274234,3
3865.6256128268806,0.18310469047373773,0.2616162378479203,1.0220331530580837,2
2519.244600517151,0.14849196480636245,0.19465109134143857,0.7497948985879126,3
3994.541868937913,0.1845217892501751,0.2634349678759464,1.0220331530580837,2
1552.904578416401,0.13582022320233597,0.17406799556647456,0.7512771487388504,4
2207.9861608674883,0.14844893319850608,0.19715810202287687,0.8254946172847212,3
3198.0501055366303,0.1661689170603495,0.2288249256554991,0.9007609952534963,3
1817.6020425015233,0.1432392840405555,0.18893200901475213,0.8347082553374733,3
-615.9472254060022,,,0.8347620808750481,6
3156.8851039657643,0.16715410602500924,0.23122473718249245,0.9265411298203837,3
599.7338294728812,0.12259886757101415,0.153840295176633,0.8402147851765914,5
-70.63336625675166,0.10851685454081236,0.1272923547303435,0.7907903305622974,7
2698.6648278330936,0.16538760096827904,0.23205746857565832,0.9998988339121563,3
2493.8862101664304,0.1526626847344233,0.2038927539644647,0.8345821967670252,3
1583.0873215850404,0.14762593800014664,0.2036270113469073,1.0220331530580837,3
4309.205181087995,0.18877889585292001,0.2708429901002092,1.0220331530580837,2
1249.061900246525,0.13324319766716142,0.1711525638427702,0.809457927708183,3
1722.5915836485883,0.14595282537193277,0.19683096342450884,0.9288011070152958,3
816.5219370670993,0.13050884071863034,0.17225606356478235,0.9700118344320903,3
3641.209800119466,0.17028725127029246,0.23429648427663777,0.8825558704538846,3
1241.5709755126504,0.1372193136731767,0.18172002108294694,0.9259606706871485,3
4794.542757934986,0.1927118293130661,0.27528675594840024,1.0060666706700012,2
2512.2752922277955,0.1636341769014508,0.22984102825284938,1.0220331530580837,3
2110.6041314784347,0.15720936980724215,0.21976978437523942,1.0220331530580837,3
112.84559148344559,0.11231194267656977,0.13417248089699563,0.7899483755062116,5
2598.5740098727706,0.1596518864482278,0.21933237413431925,0.929408597452294,3
3974.356468617421,0.16538822406164405,0.22129308851017415,0.7648361484483649,3
4953.658614628493,0.18820859117386135,0.26402973641197613,0.9307303056252233,2
7049.247433814458,0.199529320415877,0.27780151934166497,0.8335575420422033,2
4790.113488142267,0.18363943279509845,0.25550376259998303,0.8915443213746072,3
2193.91612755645,0.15067402296153887,0.20269633489624542,0.8705942180540103,3
1415.3529471677812,0.13811846040343886,0.18147090950005806,0.864692001864459,3
4080.8056657952015,0.17910108526375548,0.25059533037419895,0.9324331647492055,2
1844.5338561076612,0.15237042947546803,0.21128073029794908,1.0220331530580837,3
3217.3159167934496,0.15886931122322495,0.2122354411838387,0.7869306187806173,3
2693.294951154201,0.14763787021847755,0.19139368970736537,0.7008556732535636,4
1878.4153064900938,0.137737887435651,0.17549041449674405,0.6944418104293885,5
2384.1261148253707,0.1573578196489507,0.2161195516717271,0.9465807841005863,3
6301.370892569799,0.20495263611701378,0.29206709363788835,0.9707242437288317,2
3126.298575865255,0.16816929072101633,0.23402409143782288,0.9467149763101834,3
2406.982561436676,0.1549577757231418,0.21006157083538712,0.8978614473138513,3
6032.753493901721,0.19483521729362108,0.2722291941485309,0.8824861236543404,2
4387.204679996853,0.1882228615520944,0.2685083983407821,1.0073803363948823,2
2074.2340204831744,0.15649394213960477,0.2183486141184403,1.0220331530580837,3
2665.9548701614754,0.15745797568160924,0.21404514283785828,0.8699246571231581,3
3942.7944087589626,0.18431088614852342,0.2639429568367633,1.0220331530580837,2
3473.4242144351247,0.16883135428970494,0.23257064332610758,0.8884607619620657,3
1426.768506245395,0.14366151802560131,0.19589105097038556,0.9999079202367309,3
-259.3299943249278,0.10447187466752439,0.11974694888649541,0.7853872404418472,7
1370.7928590861811,0.13334104890145682,0.17001622329989913,0.756520511851576,5
-273.71081840350394,0.10448265112199809,0.11932142527366525,0.7540239439208957,7
4157.780409865517,0.1794983502270043,0.2514447691512033,0.9195653320032829,2
4679.3790615669295,0.19263246858918143,0.2759669980841864,1.0220331530580837,2
1604.817986998376,0.14621655909541006,0.19936019110828052,0.9818528542095054,3
2487.7597321730386,0.15311589367393036,0.2052443354557909,0.8414554189531255,3
1910.4486808558206,0.15365796306450658,0.21372837788658217,1.0220331530580837,3
606.8407476066867,0.12046733228239646,0.14717220431830358,0.7207566776054348,6
2187.0876506977406,0.152973455589563,0.20820754702654082,0.9175313371279835,3
1628.694589107999,0.13947516091675433,0.18177270773230703,0.816783622351592,3
2502.230854633594,0.1636948981957176,0.23048130053757632,1.0220331530580837,3
1447.7249233400623,0.14387751207314073,0.19588169232338262,0.9972844282794322,3
4861.580358936985,0.19432943095198427,0.2779556442324975,1.0220331530580837,2
2448.2072689553393,0.14823136303662077,0.19476045636656633,0.7593266097174228,3
1342.756360300952,0.13803759276834177,0.18236273882284876,0.8958985609892732,3
1402.2251195699844,0.13578213677192252,0.1757511344156228,0.8086901470362214,3
2361.191952036319,0.15309594446298436,0.20685460419190346,0.8682855318190343,3
474.59973245562287,0.11978620008740111,0.1481987856208435,0.8204164049281627,5
2743.3695780078847,0.1610821496005883,0.22122291366722494,0.9184067637595168,3
35.86132655010419,0.11089277330547703,0.13390710998028227,0.89157796195348,5
1012.7266025249658,0.13175022237983286,0.17141671357385352,0.887351397980596,3
2058.539707079536,0.14641260944026724,0.19382538105928687,0.8276663366527319,3
1910.0959690613033,0.1442561193483926,0.1905385801015655,0.8246029113035905,3
-1213.335681740124,0.09084954163022305,0.09308672961933553,0.590988977145839,8
-400.16054599137107,0.1027286282743717,0.11536050626418728,0.6922687394040258,7
3042.77379036402,0.17161733105367605,0.2426778906770778,1.0220331530580837,2
3974.795409125476,0.17508295772149718,0.24254896974707663,0.8937564374392715,3
1946.903576667215,0.14962413311131978,0.2029488263426174,0.9272506778841509,3
1088.8147931045546,0.12824195778457578,0.16055944954696316,0.7322926744159538,6
1785.1914925807694,0.14645086306609306,0.19728695618523484,0.9156216601361332,3
3314.1766855815094,0.16226525181737095,0.2190496094666742,0.8208973629491502,3
3507.8471961751275,0.17817950432017826,0.2533512187779707,1.0220331530580837,2
6297.60034926801,0.20946572218053913,0.30185037047995134,1.0220331530580837,2
2477.999270367352,0.14248449135238844,0.18144737647726294,0.653588196862856,5
2845.112795069489,0.15948892489413996,0.21651422842842297,0.869887866318458,3
3249.9940644697367,0.17369528732524486,0.24549741412629378,1.007455307552343,2
2650.952524510355,0.15569694177020207,0.20982214347532135,0.8467424776187611,3
4625.772825937478,0.19143222858638187,0.2736344012966584,1.0151856521629317,2
2676.1042208710082,0.15984810723284681,0.21920693505089728,0.9114810697529385,3
1496.347889086831,0.14590346484037586,0.20055940099446162,1.0177924015803255,3
3342.9368870174876,0.17334925716495492,0.24418760431217373,0.9783030609386044,2
3926.1058634566925,0.17668201193127972,0.2459901662849006,0.9286070487880129,3
31.550877458797306,0.11060693350254952,0.13032520834876782,0.7488214913410449,6
1786.5718162793576,0.1421898745947147,0.18682704698294406,0.8209252753844598,3
266.24098723329814,0.1154546464484156,0.14003912624830267,0.8011155267091713,5
-1918.1510156225013,,,0.8029081462811776,13
3503.2253442636165,0.16185224455284702,0.21703804345088423,0.7807067943865073,3
3329.8808697779127,0.17417407701577758,0.24651935951187626,0.9899864216304419,2
1608.2063388885529,0.14572896019826662,0.19788197056986984,0.9706610770508914,3
4815.299209884398,0.1787706973334935,0.24499598287820845,0.8274393237569028,3
462.23529854244737,0.12098083021774074,0.15281763214807148,0.9109419412197537,4
969.1489622890767,0.1305831051398855,0.16887358023377602,0.8777281737220386,3
-966.2945258999104,,,0.846495190607722,7
-1294.3833943504271,,,0.7350330555677421,8
-443.514611081713,0.10127498249130443,0.11313289216996057,0.7296909725395289,7
797.843547199816,0.12927710901403772,0.16901406019278514,0.9510194946363674,3
5487.405774981404,0.200873233303355,0.2877702328263696,1.0220331530580837,2
2802.5460223874625,0.16478305766177076,0.22911162245691227,0.967783200654124,3
3091.7756821132516,0.1704746886337489,0.2394426323255175,0.9932406194203406,3
2105.4993093146873,0.14471051949003594,0.1894373767729121,0.7797347221975306,3
3396.1986142046167,0.15981035980130404,0.2131335676464005,0.7701065508897414,3
3128.053688577461,0.17281977470065613,0.24545203658635728,1.0120658485087912,2
1765.6068881487438,0.14877837217436543,0.20346347254817382,0.9736278982515709,3
557.8544236202789,0.1252221965825811,0.163850144873868,0.9788108047480416,3
2366.324435009033,0.15242088000595688,0.2047591929724149,0.8597017583703935,3
4997.998703258414,0.18449106014431893,0.2555411265253497,0.8815545028925448,3
7896.891357671524,0.19981071444390183,0.27390677850198697,0.7844018676884903,3
152.36912670062006,0.11325283444293746,0.13642589788214537,0.8171315914720352,5
573.1896624472898,0.12139857318525177,0.15070724731976953,0.804298214410803,5
1006.6476119324353,0.1357313198795055,0.18276175473656625,0.9978733233381114,3
3955.906155106666,0.17930134188100058,0.25194525662336686,0.956311957237919,2
-1844.5327212744878,,,0.7557969298812527,10
1787.4102248825743,0.14774538334841053,0.20036343089377628,0.9446355449508097,3
5488.986965804754,0.20116042023328193,0.28867387060090555,1.0220331530580837,2
2309.7597130702015,0.14769187069568948,0.19467877478746232,0.7823326147110307,3
938.3979177522154,0.1320557181767072,0.17366471491077393,0.9497659911095612,3
1392.1318672335842,0.1335125240520029,0.17000644861855108,0.7549332620407347,5
2718.519841669645,0.1583300746934583,0.21505161766763198,0.8782897852514805,3
788.9629133888127,0.12793413646204496,0.16520939418915082,0.9106960996934425,3
4775.979856034798,0.169874539607008,0.22652798913550215,0.7238265595428185,3
1350.2211108106526,0.14293844730336783,0.19524207493377618,1.0106514892623424,3
1116.7622755803834,0.12821365396143847,0.160207885096861,0.7166643247469919,6
486.4218978854596,0.12230887610594438,0.15652017687662018,0.9401752319188562,3
4942.228514597208,0.18253069759766735,0.25243144362684694,0.856339362725372,3
4148.3481524431245,0.1739833652034577,0.23871612983020898,0.8552071347335695,3
2127.0487158616843,0.1526401777148749,0.20804567225823117,0.93000996867987,3
5233.410899655279,0.19500398027939814,0.2773206751400722,0.9746654719316512,2
3923.7853674177823,0.1764764939996894,0.24588311257357423,0.9225795785978265,3
3029.66655227452,0.1709221072828768,0.2415749455783953,1.0097290490046622,2
1298.4971424844364,0.1290625671471389,0.1602417926134877,0.6656233964388883,6
1445.2188176262603,0.14143817327694713,0.18952215659883226,0.9370689502383244,3
899.4123409748895,0.12566821212408286,0.15653170249061082,0.744822484524646,6
3331.99559327546,0.15862187044021997,0.21136757263884648,0.7586907994958749,3
3439.1610039701413,0.16447579970181322,0.22295608098283992,0.8326291678101317,3
1112.1746457933577,0.13374770707650896,0.17491700271129956,0.8928276798574347,3
1588.5896115365554,0.14048764011049575,0.1850550841994846,0.8525817263171687,3
446.65806819919703,0.11909642981408979,0.146871508852928,0.808592241665334,5
3964.4247505792205,0.1727263846831193,0.23739100944949315,0.8637928173528463,3
1966.7397245641807,0.1547018960662172,0.21558867455605657,1.0220331530580837,3
2934.3406711825287,0.1700185093764048,0.2400573756975064,1.0220331530580837,2
3267.5500901014693,0.15457709436823283,0.2030001418086613,0.7092018469492819,4
2761.8704762268812,0.16779778583932065,0.23729943308571827,1.0220331530580837,2
3402.901026545249,0.16564630492503055,0.2261784771108069,0.8523545751688374,3
2384.7287785705703,0.15523527413861307,0.2112842384558462,0.9053263186751704,3
2041.4491848682128,0.1475275826973303,0.1965420322110731,0.8565274526507387,3
1172.2168973491653,0.13928433805231183,0.1889878663561831,1.004165690742068,3
3400.102499457295,0.16437411527749646,0.22336801085148184,0.8340586148559257,3
1126.2027352360426,0.1326398200491895,0.17165806929860988,0.8511226383136071,3
418.8873833847048,0.11576401316647211,0.13655774725648379,0.595175836360721,7
3324.6579847975668,0.16496098854640878,0.22489297382053336,0.8602313143786534,3
309.03243265761944,0.11553684240175248,0.13868860680013312,0.7253437024377177,6
2455.7856566755872,0.1630818317958984,0.22978864181277459,1.0220331530580837,3
2792.818459530387,0.15214085649945447,0.2003991964511443,0.7594429357742651,3
2762.4407855720697,0.15707970619750994,0.2116734209244896,0.8487123065889978,3
450.65355782018725,0.11967930552746114,0.14866331845423708,0.8435634437514987,5
2004.3983062381965,0.14634710279733554,0.19427933947918066,0.8419317329654982,3
1881.1088099088206,0.13756575446204808,0.1750787499517173,0.6898755271051985,5
10539.226702901979,0.2239217559785175,0.313359960521484,0.8452935002306845,2
1729.7967804939801,0.14851270401195515,0.20369139499925953,0.9776733503887791,3
2038.0243762042637,0.1525084001128562,0.20892845111156927,0.9549221848225695,3
4361.961110471434,0.17072786103253745,0.23062765319700707,0.7813324102915754,3
-624.7736255902394,,,0.822834235669393,6
3260.8126701177825,0.1749123753419553,0.24839479959264288,1.0220331530580837,2
3196.037114283823,0.16036320547254942,0.21553700549156937,0.8151308679006233,3
531.0747003774984,,,0.9771213372023884,3
-594.5853226343254,0.0957245599974613,0.10344717737389149,0.8238944335141098,6
2688.1422769337732,0.16421195877219363,0.22955262048490113,0.9806112436016887,3
2355.8040904443455,0.15542749084779645,0.21253829685119854,0.9112396932132255,3
2064.2104932538005,0.15231387418889433,0.20784311889110538,0.9454601251288227,3
-860.5544983893084,0.09292375429458849,0.0973274714558102,0.7082171191508392,8
1309.4343312979681,0.13504276194116757,0.17524389784084632,0.8281049062740562,3
2220.8226984970324,0.14382455676668546,0.18628935128745072,0.7342449626217014,4
743.776924098321,0.11976156594218992,0.14306803140425478,0.5840979964648826,6
4349.080974736436,0.177353232195128,0.24477397288865177,0.8703067902254997,3
3941.6329534306224,0.16120388795079638,0.21292607660216162,0.7098970103861137,4
3173.4092766241915,0.16988077469859492,0.23726938324325608,0.9661531122869047,3
-670.3609915781096,0.0962799143508164,0.10385413185431391,0.734886153788984,7
1358.992333449253,0.14151046472370588,0.19117041969802812,0.9808796473910429,3
3523.42975168617,0.16861468646029606,0.23152363481476645,0.8782898357513029,3
629.8509603061684,0.12263377045228482,0.1531963734621968,0.812597297533505,5
1677.9271371845584,0.13944304936594565,0.181435413678264,0.7948919214839814,3
3229.374522473783,0.17454040220436584,0.2479457408891904,1.0220331530580837,2
1323.275844053797,0.14112622502598243,0.19078193717105021,0.9890863113424198,3
395.4202807858158,0.11802801086887488,0.1447670717283472,0.8041578001578416,5
3407.223710097423,0.1701722077689738,0.23596893986614303,0.9223076536551869,3
2359.069639007369,0.16112949874686822,0.2256316674582195,1.0220331530580837,3
5596.63138560568,0.19083788497991924,0.26593362385829095,0.8847766786292253,2
3951.78429105729,0.17468692146649123,0.24195257595238223,0.8907417482844096,3
1331.6220720433957,0.13624778149915073,0.1777367286649679,0.8545973586137052,3
1432.5934762780741,0.1364087081241451,0.17685152439298696,0.8134664993036512,3
94.62710153259499,0.11204780538810157,0.13431830346180507,0.8207407938206367,5
1936.2290086228495,0.15176766589520413,0.20839641414095242,0.975492784223683,3
2876.3935183360627,0.1636452670372819,0.22607615979322876,0.9278912286606389,3
2024.9713029195282,0.14305000179647326,0.18622532974550268,0.7693208500638772,3
104.39585226746385,,,0.920285769953373,4
2019.222211269645,0.15081029065859192,0.20509318404692753,0.9258492440717079,3
3415.259284782956,0.1767546537856106,0.25071344095340464,1.0220331530580837,2
1757.568679978703,0.14440885044350585,0.1926656813961017,0.8795529751453333,3
-154.9760024767864,,,0.8346902222800932,5
7984.1276551589435,0.22383566168300606,0.3229778680564777,1.0220331530580837,1
2454.362530344301,0.1626499332858657,0.22849308221557296,1.017631943615502,3
4625.256509002223,0.19161184658178176,0.27364356446269095,1.0220331530580837,2
2696.2155657034473,0.15237068601527426,0.20149516689361924,0.784486384684395,3
1732.0373445624537,0.15032507482083024,0.20787724001784225,1.0220331530580837,3
1154.991617645021,0.13435157865114888,0.1758884640934412,0.8857319571479508,3
5351.731323437788,0.18080422956518308,0.246350016402539,0.7922665023735941,3
3468.4805901238633,0.16629998313819677,0.22687518603161155,0.8532934410344687,3
5390.9023682948355,0.19312260302122014,0.2723136849956063,0.9316831067800537,2
3744.2708373082064,0.1680289687413279,0.22849551205508767,0.8345502488867959,3
495.4683994461046,0.11921600579644291,0.14585327806926218,0.7576505531982382,6
5548.464946439298,0.19121666485634708,0.2674686831716827,0.8893262515218453,2
2781.915591305029,0.16822794897889254,0.23827591893132194,1.0220331530580837,2
1483.0033571649176,0.13441587955921935,0.17102756862914253,0.7459927927031988,5
370.82386395908736,0.11785517132675524,0.1450491859217437,0.8282884622664421,5
324.7594761466865,0.11750426277449157,0.1456684052571291,0.8800944408863467,5
4101.368017380788,0.18609528351198606,0.2663692174239259,1.0220331530580837,2
450.6820409970232,0.12076915980069318,0.15250731491360056,0.9133888871812094,3
401.18704834538795,0.12075115389270652,0.15462664076803775,0.9546383605865496,3
3793.138107664531,0.1822661177808187,0.26047346816303607,1.0220331530580837,2
5418.779400677057,0.19001439312423832,0.26536928830100803,0.8929239814521659,2
3456.8627646933755,0.17231438992748732,0.24043663728407413,0.9442905395800705,3
2589.3779045460897,0.15988066417758096,0.2199752037686267,0.9356227610502944,3
2289.639621775336,0.1477263825838236,0.19477546395191891,0.7898561485821558,3
1866.852179297867,0.14434269673110975,0.19079754748345293,0.8452381569445943,3
4342.6391415053695,0.18266106763330758,0.2566022492850606,0.9389578640995554,2
2305.4601141589483,0.15695140280804487,0.2165934581706097,0.9557839566269907,3
3049.4668550735723,0.16647632903777781,0.23110164982463177,0.9336286140589485,3
2214.220048001233,0.15290072296475052,0.2078320057640667,0.9069077373068882,3
1903.4479978744016,0.14331585551517492,0.18831660611285772,0.8072484616660797,3
2935.142899131159,0.16958248279261173,0.23912392415149952,1.0136945924936827,2
232.17838113904693,0.1141155656540832,0.13603873589454454,0.7142385708343997,6
4008.8061932642377,0.16905359911133927,0.22913968377160926,0.8071668909530286,3
4827.521291372798,0.19457729587575162,0.27945580001396597,1.0220331530580837,2
3154.3012852951415,0.1635029927791948,0.22340395740611715,0.8656231368359641,3
4569.7460425964755,0.17056183527502075,0.22882107819568773,0.7572514765039664,3
2364.9641316855723,0.15066305381587883,0.20050453153071435,0.8296299040880832,3
3277.0891835083103,0.16871756701566487,0.23355475080825278,0.9280877292635016,3
4369.172567121699,0.1789527890116916,0.24854537045903277,0.8835530886293181,3
5602.5076949015665,0.18876066240818554,0.26203364428547504,0.8544292798087053,3
583.464127508195,0.12123554069221429,0.14984276248869724,0.7865499063108409,5
762.883877159409,0.13018350078673394,0.17289287042076468,0.9876541027309574,3
6132.394576789542,0.2021625500323353,0.2873522362915537,0.9534634570636652,2
1093.5760338047685,0.12719404737972584,0.15774475371654262,0.6964511064776189,6
7463.731854814021,0.20537285349819287,0.2869409107988759,0.8719969433256878,2
979.7932774564547,0.12588112543671742,0.1558916888090608,0.7073264015946839,6
1473.0342826673573,0.12809460799571756,0.1566341616682621,0.5767538108640254,6
4207.779555431003,0.1810163591423589,0.25387988438815234,0.9385005131046329,2
3010.639702339214,0.171169521950651,0.24199880044579916,1.0220331530580837,2
1910.9946476127714,0.14826011422792362,0.20020800393140237,0.9092070348099421,3
3107.9105214709293,0.1551632492766658,0.20469412596557962,0.7511005638051108,3
2957.8987181533175,0.15289363287565724,0.20124989479336367,0.7365323123265797,3
2084.590586430813,0.13735556671940685,0.17285451904554067,0.6373517378332746,6
1408.179134026962,0.13850571173543363,0.18234446089754786,0.8805540419670356,3
2329.4647214242877,0.14984976970426944,0.1994353006157326,0.8181703916197408,3
2628.429589965624,0.1623741037004948,0.22554266709012158,0.9678201561702751,3
3187.693080858683,0.17374608053123675,0.24622876624671333,1.0220331530580837,2
1963.7804764434402,0.14765768441457117,0.1979480537978816,0.8809051051445509,3
3007.8345487675733,0.1713247332350875,0.24269207026700315,1.0220331530580837,2
589.7949341303283,0.12165870859980718,0.1511767762374803,0.8005736405083325,5
1621.6412009770747,0.1482979490652725,0.20457888204546182,1.0220200799295205,3
2948.8724617671096,0.16729188791523486,0.2337601572064159,0.971562047493996,3
2820.2211278674695,0.1579047951867324,0.21360512309711338,0.8438067011502199,3
1228.632159183363,0.1336651408417311,0.17253438345578614,0.8315303733629729,3
3721.337841657173,0.17142292043781712,0.23651437788976187,0.8818659183580481,3
628.3093274927455,0.1199662187287686,0.14537104004521095,0.6744990089198034,6
2006.5870285113301,0.1396719211970322,0.1787159325089306,0.7032226957366112,5
4081.63769395424,0.1815789856494121,0.2562863438903151,0.9641090193525341,2
1815.3961830016747,0.13706073529988316,0.1742851099039399,0.6993009381827717,5
1389.043874691665,0.1309799758790177,0.16407220361779773,0.68450115149602,6
-640.3173876911578,,,0.8602911444331983,6
961.4319548318084,0.13018868662093158,0.16780768980443106,0.8704776575063551,3
2554.5522150470906,0.15638869596768926,0.21226061704182939,0.8822712489683996,3
1732.5081477641263,0.14765740455823112,0.20136204803384325,0.9588152849121102,3
4193.942126903112,0.18152822459724122,0.25529161287486213,0.9455738623625485,2
5919.93418901034,0.17992463783512005,0.24196364174222257,0.7282856660626023,3
1370.6866328334902,0.13593225484210056,0.1767280623305851,0.8239961600463334,3
3272.3725835888986,0.1703266143477777,0.23789827278123998,0.9467026633127595,3
6462.621552533171,0.20910164083843483,0.3003261292895332,0.997286389464719,2
1839.6086855856258,0.15007824934564273,0.20561801886469766,0.9741194995640473,3
3399.473835383163,0.16803546796218144,0.23079005438776223,0.8963565426490318,3
1910.1371917079805,0.14169581501228098,0.18439738198576383,0.7708969797072016,3
1513.2220601185395,0.14475358681247602,0.19703615086473297,0.9881256774165419,3
-55.50567283186032,0.10887325595058431,0.12766568266906686,0.7721355907294857,7
1833.5755264760194,0.14441147362485943,0.19182546705342246,0.8522028497367861,3
4285.283011146844,0.1755119266552356,0.24087074704111724,0.8586837193472894,3
986.1795488205078,0.12737519517504547,0.15960088151277896,0.7588370538678069,6
690.2954178240198,0.12298471878793865,0.1527737590949983,0.778468329719738,5
1240.461638023437,0.1407176766652811,0.19150681831160915,1.0070141128993304,3
2334.347928535075,0.16075799175278005,0.22533354035003875,1.019594665174068,3
3209.677600764505,0.16654923679507194,0.22955735413343065,0.9046343596876409,3
5598.572450880443,0.1864808620431177,0.2568352723170393,0.8334405172167473,3
1035.492333596133,0.12716734116920633,0.15846006358933667,0.7236862470794393,6
3114.846382807778,0.16272988744940453,0.22136197538202398,0.868084513914042,3
1109.3847944948357,0.12729794719116402,0.15798852261341384,0.6901307331516968,6
1154.4124285679134,0.13702150538556457,0.18304523717197296,0.9671301730456588,3
867.3063300278706,0.13045056187584128,0.17076344458546378,0.9445036405438005,3
6703.5771688911045,0.20290788758084094,0.2850817639482557,0.9143323076036861,2
-692.7345569785905,,,0.911176783557868,6
1759.7653011681266,0.13825271605119274,0.17740354012130416,0.7447748085835316,4
1209.4400147788579,0.1400591545982025,0.19030821094747813,1.0054668363540995,3
1397.827337091338,0.14065970095525698,0.18820723961707703,0.9400172067929765,3
3716.934662670077,0.16132604494687258,0.2140972886612872,0.7459432392956221,3
2386.4807023710873,0.1555920067929038,0.2117423124935158,0.9151821505945404,3
923.5640325916017,0.12637888723415924,0.15829136107859088,0.7538507649568896,6
-588.9958098836478,0.10014946138162487,0.11015537964030958,0.6440154712540849,7
3403.7159527213544,0.16690445160184025,0.22938334344798936,0.8662249906083165,3
814.2832311469235,0.12426081936955599,0.15402660826603093,0.7437818147968824,6
-2461.422111398701,,,0.624355099664042,9
1312.6431810402928,0.13502895186393288,0.17501991296940106,0.8280767396209103,3
6437.693738528026,0.19895096226309758,0.27938046705639863,0.8819429541107152,2
1932.7903322895731,0.14194694044936115,0.18456092422493392,0.7720531427095249,3
1435.5891756540332,0.13367540530844055,0.1699254766517697,0.742192159220257,5
1583.067599822464,0.141564672959612,0.18781199211334756,0.8808018369416334,3
772.753277115587,0.12828655221965166,0.16676293718555824,0.9374248944045431,3
4037.44089044603,0.16064030512270625,0.2113897876981355,0.6888084255404087,4
2467.4381881269733,0.15673051510493682,0.21399116684478944,0.9098543701324682,3
432.6351799845022,0.11787565061895296,0.14314825115434365,0.7412044527894198,6
5945.236177653564,0.19034275487356356,0.26294819854738305,0.8443753401471278,3
611.11791779409,0.11974247949647182,0.1449065100639928,0.6783228860771571,6
1226.5265788006548,0.13927717111491805,0.18809174552552577,0.9866002665535465,3
1447.5312645135657,0.14349307466618486,0.19495382339373465,0.9868675008407407,3
852.9816893781859,0.1257397777167171,0.15749136770318728,0.7772565169628424,5
4337.391837443555,0.18827805347209503,0.26849376103018585,1.0220331530580837,2
6949.7150640949785,0.20017044995311156,0.2783461171678938,0.8618407812300778,2
3509.3353530412246,0.15668250436538075,0.2058960595722965,0.7052985844454192,4
-340.35067180519115,,,0.9421526468242247,4
2687.8978864467094,0.15522293179974442,0.20861054607448754,0.8280711087217583,3
553.7126825914354,0.11990145214067527,0.14653354443962596,0.7393372488930452,6
2476.000539965399,0.155041473808069,0.20978142954518256,0.8792116053581561,3
2619.383095125458,0.16382181711251181,0.22887681300053375,0.9974395306786158,3
1660.7700441070806,0.14393841465880547,0.19244190620411247,0.9088350830544614,3
3788.8740157344982,0.1790605109164062,0.2524821588704072,0.9851474248863921,2
3128.4148295262376,0.16312452124520863,0.2225163452741981,0.8675875060831539,3
2616.8403399546896,0.15883612174620798,0.2172453568313358,0.9106305833336028,3
294.9811906479755,0.1174979208243713,0.14719941949952048,0.9232518371508932,4
13257.574183994684,0.23509998809613536,0.32696367832140816,0.8206837994363707,2
-17.46725443450994,0.10968982906160821,0.12794373495471517,0.7022730880564073,7
2324.247148818047,0.15047621893436378,0.2004394902112836,0.8367318148354512,3
-164.7142079148096,0.10689338902093373,0.12329028921376452,0.7258078787183405,7
311.62063001825567,0.1153307875592873,0.13769819877343253,0.7023016721414052,6
2259.624750479466,0.15598543719352168,0.214825223715161,0.9510134183060732,3
2296.5166617284954,0.15064682067750254,0.2014889275906171,0.8429590153825612,3
3432.8159786209358,0.1709470731628244,0.23743674035613366,0.9297271908879233,3
2842.0528727402043,0.1687285247971886,0.2381633038523433,1.0220331530580837,2
3024.427029890534,0.159634552182979,0.21549353593218262,0.8334652487673196,3
402.3926175316301,,,0.9692446168407999,3
6838.826814843913,0.19534865177474783,0.2691112794975198,0.8186004151609305,3
2195.265466026013,0.15876985727136345,0.2226581846869522,1.0220331530580837,3
4503.022678441654,0.17768146396101658,0.24434049230367239,0.8553061798112512,3
4914.411117011163,0.19492289234940477,0.2788886167021701,1.0220331530580837,2
971.0274742624408,0.1282703239344301,0.16239826312339575,0.7971616350123081,5
1432.9980448002038,0.14093741627420975,0.18877535766696388,0.9256273650509649,3
3140.7893793198846,0.16784248191879672,0.23316913102753467,0.9382060222897879,3
1647.6279640224286,0.13690121248664586,0.1754075147713593,0.7482131150985061,5
2924.525664344618,0.16365684758238785,0.22572430723776052,0.9163682956489626,3
2857.213276688747,0.15919384321405233,0.21572682979604,0.8625379651581864,3
233.95752158830035,0.11565316505693773,0.1427926246004063,0.8988311180725298,5
3270.119883401052,0.16141419730975032,0.21748580268540535,0.8159585777331153,3
1368.3720444201554,0.13326094970034313,0.16971373109772686,0.7570174015463671,5
1333.7655044209387,0.1335415252030543,0.17082555188990228,0.7793105089215525,3
1499.010129487975,0.14235667616176223,0.19109037209454985,0.9351735523398877,3
3801.3517545081763,0.16215328329089976,0.2159046586975819,0.7396166076706955,3
1048.1892604508646,0.1358122227523382,0.1820527086420043,0.9848047722826779,3
204.5119782959874,0.11551210183697551,0.14429127662588148,0.9362685193924627,4
3277.265933792152,0.16632352380838716,0.22811692964278335,0.8918434679460491,3
1921.3507950149808,0.14100464572911742,0.18235694304203212,0.7566088933507731,3
1805.6171661643182,0.15163661275464618,0.2099583594143041,1.0220331530580837,3
505.9098699880975,0.11966553337970258,0.1470847701064486,0.7732409824552542,6
3269.9898927908207,0.16592006793998737,0.22767597033307546,0.8827686158646333,3
-311.1217823719715,,,0.8982828937490128,5
-282.3110264333366,0.10432593627319876,0.11903002448634656,0.7512253238437971,7
2808.4271624095973,0.16592181045871257,0.23220827961304166,0.9802155003609553,3
2408.282487358909,0.14083761617744134,0.17840091625312204,0.6361305873443353,5
2098.5027996773024,0.15040513883323006,0.20268846900653442,0.8979625648624078,3
2349.9704307387487,0.15224822936697818,0.20478379175510783,0.8578426501270445,3
7652.76897604404,0.19028654536869005,0.2560907356861207,0.7058422901982003,3
3668.5627482859154,0.16865591314917774,0.23048969015799234,0.8547152519400618,3
1837.4860650108553,0.13941216276653,0.17983225288408,0.7417089286982506,4
2790.018595373323,0.16806203298110634,0.23735675393181743,1.0220331530580837,2
1509.7675427804577,0.14246422583073587,0.1912859792559175,0.932027308689817,3
-1038.992120286299,,,0.815105789395453,7
1281.411959710847,0.1317363082071097,0.1667868009270023,0.7529507556622123,6
2311.9494581592394,0.14780525258202043,0.19469408868753818,0.7865379803310149,3
2137.9084413978426,0.14601717815394297,0.19216929039648675,0.7969197906893797,3
515.8395074533736,0.11949127894467895,0.14604064568811745,0.7551001820264692,6
2337.7477423835244,0.14998923330394975,0.19959428666516033,0.8196650476434237,3
484.69992376429855,0.12337812588984895,0.16047092070584779,0.9756104638488,3
1808.2502782745644,0.1375934508988394,0.1753664610134365,0.7158639066978038,5
1541.6768739326283,0.14521287684392523,0.19787085678326555,0.9850295391112108,3
4170.044440014931,0.17301823331545169,0.23656583815718482,0.8383964076346931,3
3371.922912334585,0.16488286414696635,0.2240037083895004,0.8541081825616453,3
1284.8272198016027,0.1361579069392974,0.17854622386657867,0.8702431567641554,3
1465.3170981473654,0.14529901612804683,0.19953834277803253,1.0167216470006206,3
1141.1721469364672,0.13871131010728283,0.18829872142232496,1.00547928199743,3
4414.2182903043,0.18842412803996925,0.26855405610695016,1.0080081931519436,2
-874.4887768071314,0.08983953634879074,0.0915573802050858,0.7803364310792092,8
6406.831941205823,0.2105805545936164,0.30367631911431087,1.0220331530580837,2
2153.1523370142036,0.1561630622224584,0.2162852817076783,0.9909240242039151,3
2116.0472125152883,0.1471781904595446,0.19507178462590674,0.8262290193859627,3
2468.3369972130486,0.16266097529123727,0.22854592869371124,1.0115488846248921,3
2285.0548532300018,0.15608748910281062,0.21478512786925424,0.9452271569820083,3
1601.3107732713875,0.14121603319254072,0.18662655564949093,0.8660507568722701,3
3061.7158744896606,0.16090660023783132,0.21842292751243803,0.8420408650039675,3
3040.835935859205,0.17123207204194843,0.24198112399972166,1.0143569689121001,2
-1058.7815403928114,,,0.8306309883115742,7
4435.776935064741,0.17493376027114207,0.2389066519193876,0.8284519712042563,3
3081.0455992280968,0.17245346270337902,0.2446539855423907,1.0220331530580837,2
3594.4497936670127,0.16750094364060714,0.22852148699457764,0.85007154212969,3
899.8247089160839,0.13185283318625812,0.17422648399151514,0.9642118343982637,3
1323.6971343771863,0.13638267371234186,0.17828623747373065,0.860962030804328,3
792.3185105980785,0.12508315856312044,0.1568455098875347,0.7916880748736884,5
2178.3001539385973,0.1519184268501704,0.2059399669406048,0.8979144465742204,3
878.6207487559186,0.12599703012119792,0.15773494836539614,0.770870481339019,6
1698.1276570321068,0.13936147941385577,0.18116728952991254,0.784216062266396,3
39.918657401059534,0.11080114537971897,0.13120301023627695,0.7714734953121574,6
792.3524408643259,0.12599153676455904,0.15953558929104483,0.8279585876529123,4
2906.183840841475,0.15308303554838867,0.20186252072817296,0.7509140254669859,3
981.3970076948741,0.12936731247873473,0.16513156844812332,0.8300493752775435,3
974.740269701292,0.13501405582537704,0.1814764713846671,0.996320891682272,3
5823.620948587842,0.2009508296581771,0.2861195155550377,0.9787619158086871,2
2164.470482377425,0.1518097187567946,0.2056197000259999,0.902324777611341,3
4296.760449226716,0.1780673639323141,0.2467009064646845,0.8867913794353032,3
1291.5051600337006,0.13476304246096335,0.1744139354286745,0.8332344902950258,3
4180.697253813884,0.1842296692868331,0.2617133792336973,0.9808031651861515,2
564.6080358498074,0.11873393696655514,0.14272954380394368,0.6612812963754925,6
359.42180202391586,0.11837617008450257,0.14748173719563062,0.8886848676867185,5
7167.908769533633,0.20341621455118,0.2841141665685427,0.8769717863795168,2
3391.0466384522006,0.17257658393973546,0.24149699492991208,0.9622780140424188,3
4686.768475791498,0.19142718981302098,0.2729764700532542,1.0081490212308126,2
979.1508496266122,0.13114869465161977,0.17015199114430293,0.8916565044168352,3
1637.8758308309045,0.14223237758305918,0.18895311302694617,0.8726559945539301,3
1732.930879843414,0.14420020702682454,0.192212892795942,0.8867517820654319,3
3337.4695214072,0.1540962549306642,0.20123230255776442,0.6948365915004452,4
2481.280269755342,0.15596143333450532,0.21212096567542182,0.8916572759793661,3
2079.5589290067687,0.14954480964397598,0.20083854045806218,0.8866307707955778,3
2831.872487908511,0.15393229937117212,0.20406602907387422,0.7815328338127455,3
5579.275897856146,0.19191976385327508,0.2685082675328886,0.8972618579765198,2
3573.1118839191336,0.16450554999455563,0.221925363624905,0.8123173266432856,3
1254.2531995392492,0.14102209964758008,0.19210459273745076,1.0080711410470309,3
2078.9723794462093,0.15665366447810813,0.21881716332281942,1.0220331530580837,3
621.0905263523657,0.12343396948735977,0.15588079346343878,0.8611858465420948,4
1691.5825923486768,0.1443779984311732,0.1933214163040248,0.9049004989843382,3
2081.5522909665924,0.1546173262138837,0.21369224266054512,0.9810878423343602,3
-42.98814361402821,0.10898587826695805,0.12946469750713735,0.8612107836246611,5
977.6700545243197,0.12991845678725442,0.16676058380217001,0.8507552774195699,3
982.5841379665948,0.13352125098226675,0.17693104583249808,0.9648349441406979,3
2630.206226132026,0.16069440449909964,0.22120666748014634,0.9420232400313895,3
16.3374001206465,0.11037503277484575,0.13182879415635396,0.8498604953352719,5
4713.718631414795,0.19176516331317547,0.2733384248356743,1.0106505516063091,2
2296.4971708752337,0.156438388594961,0.21505182286382485,0.9533319186809176,3
4720.133750600466,0.17635170133062275,0.24003635299905007,0.8129321178021403,3
3023.7818402124535,0.16223190643777347,0.22095562486756534,0.8789566455505063,3
3281.414997430092,0.1698872849359759,0.23695302371088475,0.9365537623289905,3
4149.7347723114935,0.18430168501736263,0.2614970943890512,0.9940904857541122,2
1222.4054026480164,0.13990960044320677,0.18969225240616652,0.999403132293889,3
45.795006462605954,0.11112172042285243,0.13412343901582063,0.8870042436447756,5
673.8980516766487,0.12032177809169298,0.1455093696333279,0.6596997297340157,6
107.80805440951653,0.11228691952137526,0.1345655090250148,0.8093151529594962,5
1654.2440005813442,0.14903827292619104,0.20618955204699893,1.0220331530580837,3
1423.3896891258255,0.1354556591072651,0.17449649260779554,0.7934482070882967,3
3070.08496937463,0.16898767404090903,0.23622796976414978,0.9742253621998712,3
551.3144889253533,0.12230741431703793,0.1542807222169359,0.8766243475015807,4
2672.6095911266875,0.1621396067355818,0.22462637428470777,0.9513090794569915,3
2769.208314007093,0.1460719761395012,0.18756959251022637,0.6599821940862586,5
7214.279180064061,0.21762993968586672,0.3139892049235641,1.0220331530580837,2
2082.458156678217,0.14734225603278905,0.19586571908948824,0.8383979043178365,3
1675.2565597001899,0.14671801333024637,0.19951275222265397,0.9642435060956414,3
605.8261837927581,0.12170576060734675,0.1507721578313067,0.7899444280047411,5
777.4559167097605,0.12603151505627463,0.15998903953350235,0.8407673569353704,3
1487.9723162440275,0.13415623595997206,0.1705504633531746,0.7349196395871623,5
2335.755911935067,0.14827475218025943,0.19531002521362098,0.7922381480119121,3
10457.239885008814,0.2356413359130784,0.3366677720900042,0.965352453500171,2
-1319.1751290084303,0.08942026320255536,0.09047753353343069,0.5823840844278712,8
909.8861510212237,0.12762096027827283,0.16177195856544133,0.810489893058992,4
710.1910437991485,0.12712748182211728,0.16484533893108166,0.9418601347613428,3
2658.7117464356866,0.1560445056209574,0.21052692863377154,0.8511793639410945,3
1697.2032382363977,0.13991852896879212,0.18214718027575144,0.8019785180660829,3
1563.4864194075649,0.13802153383549015,0.17894082549519225,0.8062608317519063,3
2248.9182782526,0.14857758207108426,0.19704662886579177,0.8172578052087709,3
1036.3045083990148,0.1283848200943794,0.16159643752835112,0.7651646414503606,6
2224.9826209810217,0.14602711239667773,0.19127060552254987,0.7757688394174702,3
3860.3909025598186,0.1804808408911413,0.25564523463472155,0.9863958977925114,2
499.1588168205179,0.11764744579359109,0.14078826432942154,0.6521476251508042,6
1935.722608648211,0.13697420295256962,0.1731068008570219,0.6649781848259027,6
6882.952111524052,0.192958087009265,0.2647059597613407,0.7831023827507995,3
2555.0456762568183,0.15572622972531466,0.2106487960627419,0.8712953299380837,3
3043.2508386694603,0.1620296221912213,0.220589327095513,0.8692010933150832,3
2343.4644780109716,0.15518565106431198,0.21152026752024544,0.9166498396448681,3
4874.495659427877,0.1848250325192567,0.2570952771777229,0.9001958234755204,3
4423.594623617686,0.18943418021517575,0.27056155830759954,1.0220331530580837,2
1386.142672865889,0.13172315959391198,0.16581396992132796,0.707092609276489,6
3252.9210283602315,0.15644923931740778,0.2068374719141502,0.742895226003187,3
3560.3989379057393,0.17877312224854908,0.2540651777446329,1.0220331530580837,2
645.3469856609959,0.12209739702975643,0.1511107915343019,0.7734029718314033,6
3351.4600677021044,0.16648496531788629,0.2281950152882928,0.8769750782355532,3
4307.6054262722355,0.17944285844087066,0.24985917187477755,0.9007835442642805,3
3684.7711172018026,0.1663800942783383,0.2255855067287485,0.8176224836168823,3
2253.491382667984,0.15949300300580949,0.22320578993603707,1.0220331530580837,3
2778.972264588006,0.159493739464233,0.21776658109811253,0.8774091483253826,3
2390.722803581669,0.15353483992967087,0.20777905831891982,0.8663345627275364,3
2874.7201639871305,0.15967384723162467,0.2167069796887518,0.8662171907601265,3
1569.6905852419504,0.14736303535601117,0.20316320905367327,1.021525972508527,3
5827.5888512120155,0.1875407479881688,0.2578463638918037,0.8228963859771645,3
82.78793477243123,0.11160089322738717,0.13220779541061356,0.7552315797422706,6
2467.4597980550634,0.15221680503891552,0.20360751993684972,0.8274693976119837,3
3690.141349703266,0.17281723237847474,0.24006289804383407,0.9045927454292145,3
1754.371643231301,0.13204568255027882,0.1633219599176301,0.6012031187416195,6
3039.4773821141084,0.17028360829808664,0.2399881583743991,0.9970879690139698,2
1029.321571444565,0.12893484068144978,0.16326669480367856,0.7861246343514494,5
-580.3314966934852,,,0.8406762813901536,6
2767.6622054549816,0.1459995902122046,0.18725384181925628,0.6609477017632143,5
917.2719757694967,0.12826267581722284,0.16337025156972235,0.8298571317672959,3
625.4220764070002,0.12236422224395939,0.15232870160143652,0.8053176497126531,5
-1338.5653154119784,,,0.7978127243880334,9
2084.2073652209256,0.1564017461229013,0.21804986860515788,1.0159340187372035,3
3978.848459148627,0.18181811417725846,0.2572396900191961,0.9893436992808838,2
444.20429877402677,0.12059063796759803,0.15221255414780904,0.9104983004280057,4
1905.0078589614834,0.1412027337126347,0.18292744548380144,0.7661400112545843,3
636.5559575859522,0.12345333869507163,0.1554745012314015,0.8479019349735835,5
2527.5486075516874,0.15730139839233742,0.21495644979113424,0.9017536919115162,3
-159.73136174896302,0.1070010415910474,0.1234883294500833,0.722914210647137,7
6598.187056058467,0.21150866594925904,0.3037537760690611,1.0220331530580837,2
4753.611342408604,0.19367188516225728,0.27792698564553575,1.0220331530580837,2
1240.7940818568572,0.14072273954843698,0.1915084883494274,1.0069775318690242,3
5.239219190141597,0.11009940498533984,0.12925532506997117,0.7396928697113697,7
2892.333093083516,0.16132972313007488,0.22046424093314274,0.8879719814222357,3
1453.8985252169646,0.13489306407664114,0.17285308042610265,0.7651850352972256,3
1575.0360640340923,0.14179552085133768,0.1885076343562105,0.8895313014511953,3
3446.566132852242,0.1598195426116945,0.21310018222939103,0.7591146471164094,3
1086.6957858224182,0.1332463445836765,0.1740465867012972,0.8917125738836995,3
1867.4721998353673,0.14372574421113316,0.1897005973543856,0.8271705741521921,3
4789.709343834464,0.1798861114967622,0.2475218048952229,0.8442989525727796,3
4452.60856907951,0.17609117698184493,0.24179341558156012,0.8355744974886146,3
144.54052410626505,0.11247310976668816,0.13264269666415202,0.6919649603287784,7
1333.3318318764277,0.1425993405715417,0.19467081547118137,1.010051141444337,3
-294.5388436458645,,,0.8717719596628537,6
2684.9027231951404,0.15659697139135462,0.2117841420698824,0.8520799153730227,3
2074.9722372026126,0.14889334805238835,0.19977466151649426,0.8701262776478003,3
1983.6483443578663,0.15010790161713883,0.20355507076674262,0.9262113614247416,3
2617.992012374345,0.16078386576537018,0.2217902986991249,0.9441252237439942,3
2950.2053880884205,0.15087357874581356,0.19676794296046862,0.7071172389079137,4
647.3806173234852,0.12445229393824778,0.158349629809527,0.8847450126546659,3
1066.8894560659544,0.12470278037662869,0.1518906927602075,0.6227131722230568,6
3065.6011431558723,0.15914441622680897,0.21444439466213228,0.813576558060487,3
2010.8459010476533,0.149885726959019,0.20272044788216592,0.9122830547859738,3
4725.037530706016,0.1763160129290554,0.240038305322014,0.8108016844864435,3
4715.967928837449,0.1806933644829769,0.24976266131889138,0.8627698141115193,3
3657.9280974116873,0.15973311270872734,0.21162413490601473,0.7259772167390235,3
7394.157527871743,0.2181936556080473,0.31336220796438274,1.0220331530580837,2
2565.9570143902124,0.1645840066412348,0.23164420806024286,1.0220331530580837,3
2935.143743706876,0.15836971121434545,0.2132076785805111,0.8328563583434174,3
2049.2368026034956,0.14401976211001968,0.1885184750024565,0.7793039146080382,3
1827.3822406259378,0.14382280640893444,0.1904503642688724,0.8416563258568538,3
2847.9273034214716,0.15512757335336572,0.2066681167365459,0.7973167317054929,3
1606.1283106481662,0.13902153372355322,0.1809552583305049,0.8138998866138781,3
3415.2271985440625,0.17724139427155025,0.2525096989411394,1.0220331530580837,2
4453.675490475043,0.17635298527302443,0.2420390508796118,0.842206279080018,3
1610.7827123177617,0.13572034768112648,0.17325111022692008,0.7285448851903167,5
401.09325371022607,0.11883461790866934,0.14748687858045745,0.8552135092027711,5
1584.2878771677197,0.1476200997620254,0.20353176934950173,1.0214837848314908,3
3696.915354150861,0.173378199939998,0.24067710681119936,0.9179459641763217,3
1388.4562389362573,0.13571248311054665,0.1759395309924002,0.8103389262683187,3
-2161.1663763153256,,,0.6813051454902396,9
5243.917355729043,0.19880618997622154,0.2854235794846318,1.0220331530580837,2
2032.8831494736673,0.14620673765175526,0.19344293542890229,0.8328270796206961,3
3049.984149542792,0.1702599558538168,0.23947243190741577,0.9981540146784389,3
2958.524810498489,0.1575785438332787,0.21120249233736105,0.8159203470696199,3
607.3768894100224,0.12205730014993608,0.15180134508627818,0.8068212574145294,5
1786.1069385004878,0.14605057764019883,0.1964011667003433,0.9050943026819814,3
2573.075638840269,0.1519957438923484,0.2019144790388964,0.8018925661551879,3
7933.3842870248845,0.19676777193244563,0.26824398187782206,0.746811738164974,3
5284.949739626401,0.18896251206342649,0.2638527579845687,0.8964464585988212,2
2796.501518938391,0.16805120451454056,0.23708270932693273,1.0220331530580837,2
3580.8353966716177,0.15795885431180068,0.20778813187316697,0.7175325660672746,4
2802.3013453998155,0.1536247318744245,0.2038141476365127,0.7800681202592501,3
-322.74749599101125,0.10274749941427219,0.116865821479405,0.809545216900131,6
3024.2410799970294,0.1679053035683865,0.2343723760823196,0.9650055577784835,3
36.18919992482738,0.1107155143309683,0.13087158026373802,0.7631369525660621,6
-4.838049106734218,0.10992127845706821,0.1276516865274971,0.6581671587667082,7
1593.9438813212432,0.14212131106596643,0.18895306978083687,0.8910334564001847,3
2819.3745258579997,0.15887542639420651,0.2154232803102787,0.864515774422722,3
3917.158923660376,0.18299168654521056,0.2603919438279263,1.0169113471644495,2
-298.0488620379298,,,0.9118270342119165,6
3417.0310101493756,0.17657594883839922,0.250353924870069,1.0182474516969433,2
2419.6954017401044,0.15327106927943535,0.20634608520776967,0.8601298580801894,3
4096.774074627209,0.17828716723834082,0.24867662596589074,0.9188359371467409,3
3391.2365114431727,0.16409440713468942,0.22281306772165407,0.8314793750945008,3
6584.98622214413,0.20994835027522638,0.3015744180906041,0.9925373529217175,2
3622.001365223056,0.17142996693764873,0.23747733331838392,0.8968211423190616,3
2408.474808404211,0.16091094639159564,0.22468997565665638,1.00113897046024,3
5241.819059990696,0.1852033776573081,0.25640700534822825,0.8533233153599478,3
5606.809228572353,0.20303989484982593,0.2926646443462232,1.0220331530580837,2
1347.2602239472728,0.13669619616357526,0.17881610675540288,0.8576341129306657,3
-778.1792701496636,,,0.8633525273667852,7
1295.8685465965152,0.13563908599571736,0.17673818755320103,0.854113045965073,3
3738.6890790359575,0.18127949648933284,0.258365053804664,1.0220331530580837,2
1126.1128928565204,0.13093705258697813,0.16707072495046302,0.7993015912630296,3
4533.352654884439,0.18277645027610567,0.2554603472497547,0.9134444233885486,2
2457.452251798825,0.15314253582637316,0.20554891347164814,0.8498014633316596,3
6256.021881672449,0.20881542373726916,0.3004564275172016,1.0220331530580837,2
2832.7910356711627,0.16871409290561135,0.23843038337363393,1.0220331530580837,2
2216.03991694985,0.1536905925124302,0.20936737642805384,0.9252094204344302,3
1458.9903164724217,0.13322583471081093,0.16850659646006536,0.7225802672895113,6
3933.3221424146745,0.16874360768888436,0.2289711055087537,0.8136908811746784,3
80.66994280130498,0.1118670476990701,0.13481908377216317,0.8602439604893739,5
3761.0251259762936,0.1798825512554686,0.2550386351147608,0.9970507516551614,2
6886.3268311307,0.2152205411774048,0.3110793371255569,1.0220331530580837,2
5452.356584562464,0.18576230288299492,0.2558826218159084,0.8427470073599336,3
2476.176463974932,0.15040807862387742,0.19928251043602357,0.7941735610124706,3
532.3715078284464,0.12143473032401747,0.15191123626646008,0.8507702840064912,5
2478.6087232330765,0.1445100591561641,0.18590621871062474,0.6895646942940491,5
2941.087063680451,0.16648772074659066,0.2316237339153304,0.9638572194670868,3
2900.925885956908,0.159300117211933,0.21565807807273818,0.854303688820391,3
1881.6956823929,0.15304340140282877,0.21242095372108452,1.0220331530580837,3
4665.56970089827,0.17926922206779636,0.24709506503459125,0.8505235975114218,3
3894.9928042403544,0.16115280805215665,0.21327198110629977,0.7131460797985132,4
4015.276307235389,0.18411889406597773,0.2622744623484324,1.0135454133936623,2
2823.92840282799,0.1540211419025582,0.2048571637173154,0.7786020856780677,3
2217.1411920786445,0.14289185959432874,0.18430526206866493,0.7159805238834218,4
3798.0415009124813,0.17827325619855405,0.25129950561276926,0.9648361732541655,2
2680.8907823721734,0.15460570171853763,0.2071365139288901,0.8205927726980222,3
758.1324946842439,0.12243307227818151,0.14994676284823077,0.7022223456194101,6
779.8728138026902,0.12620082049907072,0.16026200520500428,0.8482131896482509,3
5122.628622633011,0.1781604975170012,0.2420808172624675,0.7846662201898722,3
1581.2632699684389,0.14751814040137112,0.20322393566457322,1.0202794733656264,3
1067.7125601901412,0.13019451313839456,0.1660789543861029,0.805770865454895,3
1108.1770520134128,0.1310581903225284,0.1674652502209938,0.8148346800733577,3
7756.219870448667,0.22155506258404783,0.31893305877892997,1.0220331530580837,2
1659.3302171522253,0.1482175965419629,0.2038369973761292,1.0026527747720457,3
94.86432029542763,0.11199867423383694,0.13390136623384022,0.804996780067145,5
1825.3682961544137,0.14692659810798434,0.19771889255789582,0.9139521304596718,3
4091.738141668292,0.1657260980832689,0.2216970813897206,0.7497405065133472,3
-1370.6750726591708,,,0.8010434133968644,8
2210.8247283582355,0.15092520090092876,0.2032428371556307,0.8691317723062836,3
6319.598495738679,0.19865196595446835,0.27871440511662504,0.8971843815050828,2
2861.7443449563693,0.15804483743486347,0.21325259246368664,0.8408581952685307,3
326.05234938782417,0.11646224201376758,0.14165650627764997,0.7828867093954038,5
1770.5467411306095,0.14156316271937616,0.185438314187013,0.8129417288751469,3
2018.7506148540297,0.15093877152467033,0.20533513068003234,0.9294748435135342,3
3434.7192943916434,0.15786551996516207,0.20859938649264223,0.736476510843787,3
5067.428632968984,0.17867559278865885,0.2432421823108598,0.7989683526448824,3
3462.331298506623,0.16456128967038247,0.22296549303682692,0.8300332705374074,3
501.4883443727349,0.12106159784398189,0.15166599573622086,0.8648541888886837,4
5252.379701055663,0.18175476040087232,0.2485777791396686,0.8167978142002825,3
697.9700470619839,0.12864197142935158,0.17008428094632105,0.9848584211486445,3
67.83791297563131,0.11154026571175565,0.13397199502724105,0.8469276157087803,5
230.88045733882865,0.11395526331011756,0.13537881098054638,0.6962946508447828,6
840.4876563332507,0.12744441713293783,0.162763948711654,0.8494596094024064,3
1252.4850258123063,0.1353289808472255,0.17665248078810689,0.8658500188621796,3
1320.6197092750665,0.13971580119559807,0.1871341540405411,0.9522449789981413,3
2725.278158683039,0.15477368076162748,0.2067950484524772,0.8176355591145145,3
989.6377091691188,0.1316339962284474,0.17139072366935582,0.9002828095789983,3
-2821.7757852867585,,,0.683193968668411,14
1688.484606639529,0.14799377907984312,0.20249530115033848,0.9886153092988645,3
2683.8852486029123,0.16134942773578584,0.22280524561283532,0.9332948930219458,3
3076.890279308771,0.16796587938833912,0.23413282679175618,0.9529109502316603,3
5793.627572134307,0.17441008688147122,0.23153537746147781,0.6776002127964331,4
2006.7508651854803,0.1493207492745569,0.20161779506015595,0.8996139460152244,3
2960.041666310965,0.16587189131078056,0.23035988086448927,0.9458929241123498,3
4421.7880303377915,0.18957611481482675,0.27108874337136524,1.0220331530580837,2
2030.4440737026366,0.1544206804551323,0.2138295965462021,0.9952466618339247,3
1076.0785881173415,0.13055169616900458,0.16683259822693797,0.813620985449256,3
1911.240880841388,0.1437314446669007,0.18919151386235172,0.8140777895375049,3
1222.7969053153447,0.1380964580139335,0.18458273637879763,0.9596484143652128,3
3470.0475051720596,0.17293192486613407,0.24160703750712856,0.952214529721066,3
1016.2497308795535,0.1255644503222812,0.154743615201005,0.675205156515957,6
-371.8622649644769,0.10444906603934219,0.11735178573244415,0.6005857103913504,7
1973.992731188891,0.14114939878163568,0.18212995946469168,0.7457797886765252,4
1172.7152738518628,0.12853102985091028,0.16009161163055982,0.7042260128253046,6
-216.4389516699195,0.10621794743947252,0.121469893091944,0.6836178023540889,7
804.7389152163838,0.12178988624227716,0.14758292799306222,0.6424946647315024,6
1977.3880306934393,0.14938539005943313,0.2018302508415218,0.9138518149611754,3
2921.856554369498,0.16800157146208225,0.2355860804742406,0.9906448003345543,3
934.1375485981144,0.12445428068340339,0.15286948149678214,0.6777035565926874,6
327.93022261409124,,,0.9595496257880733,3
2856.245035364511,0.16855905624561274,0.2379703436345153,1.0117147909404007,2
1309.3575362395554,0.14168166147519518,0.19285623838877652,1.0032696424263947,3
1689.0189451981387,0.14377631701972862,0.19183964032399675,0.8922925209358102,3
3382.618644992725,0.17652837674559124,0.25082529332503334,1.0220331530580837,2
1174.2453007736547,0.1393238281585582,0.18904212633678985,1.0041604773220862,3
10181.203970260796,0.23192074834532833,0.32936919799612946,0.95577827949522,2
4755.668752845281,0.19393787373537635,0.2787659411449567,1.0220331530580837,2
2030.4787198976423,0.14243200033552061,0.18475753690290725,0.754957061795916,3
3312.3997660253353,0.16560192219267264,0.22612111421294695,0.8752134343544303,3
6916.673242213077,0.19535954996808869,0.2691990293827986,0.8080431502506011,3
1236.4659594392801,0.1335098623261729,0.17222774851343275,0.8205249387958251,3
-402.47967077777207,0.09927253422956715,0.11124282271121051,0.8730554673418459,6
281.25491951389944,0.115393787873154,0.13915222630457727,0.7628490057864605,6
1910.880254558414,0.1439816383339349,0.18955173515496437,0.8222938606482766,3
3965.0378270689253,0.17637887789605888,0.2452234395423148,0.9159617150821497,3
3538.067950367255,0.17887887526539997,0.2550581718209287,1.0220331530580837,2
2502.816335098816,0.15182039460078164,0.20216251962992832,0.814444556284768,3
3800.382062217919,0.1820149075138033,0.25940273572923606,1.0220331530580837,2
3442.885977604248,0.16443371946379562,0.2229060906374798,0.83060877203148,3
988.7964511352358,0.1306688452888011,0.16885750475830724,0.8664064424883458,3
847.3150579009402,0.13214272820769116,0.1763983621578518,0.9911505961769687,3
3945.69207700434,0.17130624407946016,0.2346346795824503,0.8449039430713579,3
3733.4540520504434,0.16972243793798045,0.2329434771343586,0.852875693810566,3
1317.942702037627,0.1359387705476365,0.1771468585440744,0.8524426034898066,3
1682.2067597702235,0.14218178948412968,0.18797260820774686,0.8581843713109583,3
1820.597349215217,0.14903420324180847,0.2031706102170574,0.9598076270184359,3
1332.1717707523317,0.13455189139385765,0.17351172366161338,0.8063946404500084,3
583.246059054938,0.1246848418156333,0.16103715549106712,0.9476675769444068,3
580.9750433510933,,,0.9787604230631103,3
2037.9030744243164,0.1444674068341556,0.18919742665366363,0.7970758241334746,3
1742.29767958192,0.13906931158298907,0.1795521150432251,0.7683906369359974,3
2420.2364398944233,0.15014575567547578,0.19898207147034558,0.8047492963511405,3
3022.40824670733,0.16415137066560426,0.22607530993409458,0.9018117635342066,3
4118.643117500712,0.18606412658873528,0.26586008080121243,1.0220331530580837,2
2064.7009239345402,0.14089757972669764,0.18116833754393152,0.7119174088500899,4
4532.570384144991,0.19117165766692784,0.2741151135851396,1.0220331530580837,2
1190.4121739500952,0.13216640097371057,0.16912417083003678,0.8070211973060594,3
3434.7625827760316,0.15229617792465433,0.19712506951800615,0.6519483693269392,4
2655.8529280492635,0.15673111485502889,0.2126326591485849,0.857887718829689,3
4788.603957054355,0.17942018376688795,0.2463169298222056,0.8410287993480651,3
2918.612360845772,0.15822678260483372,0.2133103591226245,0.830720666420641,3
2075.4374441204886,0.14783934053439235,0.19697182265153973,0.8520584282611913,3
566.9107902570746,0.11829385472083234,0.14154747780030458,0.6303735890036876,6
1281.9104208392337,0.14026185995953716,0.18946560931617573,0.9857882837503091,3
2911.2527804929514,0.16852962774510158,0.23679416686500196,1.0032703172025845,3
3719.838431718676,0.17397754131088733,0.2423197927309957,0.9171294958707824,3
654.959427453166,0.12056208763851828,0.14649948029400547,0.6865520947170513,6
3844.7698002544184,0.17743476602263403,0.24859696030434864,0.949714349894788,3
1882.8098736655722,0.14380340547522796,0.18964505254898545,0.8248130664599392,3
-193.49722506952637,0.10613784589868377,0.12235475022298488,0.7540489859694829,7
2337.8560373982855,0.14805020998928747,0.19496210379365947,0.7855159971190234,3
2259.96450402831,0.14561000480471195,0.18996327161057708,0.7596578936348981,3
-451.92862196878633,0.1012931476710037,0.11304888113008932,0.7182950645968942,7
3072.579716037468,0.16023686607768473,0.21593344394786984,0.8390296876824721,3
158.5969924326679,0.11407466400623892,0.14065816972033648,0.9141251234299487,4
2495.3894222846225,0.1542243509135005,0.20784593183125255,0.8581577025663643,3
5213.882697758955,0.1899376526181186,0.2661923917661625,0.9186140018379487,2
804.7987735969635,0.12117418762773018,0.14593150889049872,0.6154669526844188,6
868.7449310868378,0.13052598849617428,0.1711287941696355,0.9438530259880958,3
3383.683224237789,0.16295359816886057,0.22008993036652097,0.8187336269855177,3
3347.3789617506623,0.17587249094867735,0.24940921414781772,1.0220331530580837,2
-434.5365272673369,0.0991601005132907,0.11053930845537256,0.8513545041903394,6
2132.273021099598,0.1519318504264448,0.20650200630952895,0.9119572094967252,3
2666.2054926112664,0.1529818960321791,0.2035047800784014,0.796958474985444,3
1390.0850310860073,0.13494609779563693,0.17360998564035984,0.7940552989467884,3
713.8100880435876,0.12206500303559552,0.14955788032148132,0.7183944156777125,6
2992.8811814256537,0.15257925106398035,0.20022651972813038,0.7264276006254317,4
2204.3564896835583,0.1514627658018981,0.20433078009700692,0.8841981771706848,3
2453.276490132722,0.16157355636132711,0.22577954168191355,0.999857320949538,3
3263.144744111316,0.17244034640889366,0.24261966351659797,0.9835745333586695,2
2890.8977331329156,0.15834178058721593,0.2136750618868973,0.8396752527003504,3
2406.3484367635424,0.1529617180544847,0.20584628756987516,0.8568890730971934,3
1127.2477311081807,0.13236709978955336,0.17065770174285722,0.8449595928423609,3
10230.203033449387,0.2312405271641183,0.32797601061029125,0.9441773060259924,2
-311.99958094856015,0.1041134240365864,0.11816948797068111,0.7163617590381048,7
3446.7570286611594,0.17719983470260564,0.2514618495995818,1.0220331530580837,2
1961.5252384775997,0.15104544198829906,0.20627481508490747,0.9515228062978881,3
3571.2323631336803,0.1788381431927519,0.25431865164064216,1.0186092800582147,2
3827.350268171317,0.17393769026184602,0.24107516309268248,0.902036311907916,3
2575.4460264102368,0.14826800547971294,0.1935647692378552,0.7357417930285315,4
1158.4106996492017,0.13530680745643628,0.1784336733893725,0.9120402074717578,3
2513.631392218943,0.1550115771541641,0.2098485466778584,0.8636708216900815,3
783.354395749964,0.12506082497811805,0.15689204212176266,0.7982361890432731,5
2743.865322078158,0.16116661167188803,0.22156012441992062,0.9181335138107403,3
812.1842885680762,0.12635089436944325,0.15997139694809448,0.830336181556812,4
3662.310343702168,0.16820094258137033,0.22984918322836173,0.8458082884634995,3
4068.0421924644634,0.18570311605908504,0.26579319753800523,1.0220331530580837,2
6050.957572464342,0.19911616923236578,0.28066610029891326,0.9348655152991373,2
-61.63905266419985,0.10860789314028807,0.12823621994302808,0.8336023949127914,5
899.4012312254855,0.12531657677291155,0.15553251513829314,0.7320813533262235,6
-1757.0757741344135,,,0.7319454634092075,9
1788.3902910323075,0.1345604291491327,0.16852128016307688,0.6532960172956563,6
1626.4628013154838,0.13954339065630855,0.18202985356347196,0.8184681864702066,3
2819.0251177739738,0.16273245088214028,0.22431782668245434,0.928214239300971,3
-38.590360692707634,,,0.8800277452513289,5
4509.139255058966,0.18065405889019534,0.2509499403236988,0.8900926908834284,3
1271.03849407643,0.13800491241800045,0.18374177312616666,0.9275083152353657,3
1848.2946304530037,0.14345462539004078,0.18902199595031563,0.8302980906850247,3
2918.1508843056904,0.15752156935714082,0.21121346872932922,0.8249065772913474,3
2976.4414398076656,0.17128372842762474,0.24352816466016522,1.0220331530580837,2
898.6702470223784,0.1258432381015155,0.1569968502975826,0.752239474293083,6
4619.774967928241,0.1923901549256698,0.2763784584669339,1.0220331530580837,2
5974.161791386555,0.19597992824483298,0.2747448211805022,0.9037438813964853,2
1584.7316173696963,0.13594549082545207,0.1738211479334496,0.7458275383001715,5
5308.995441694241,0.1813176074573676,0.24746028442586976,0.8046148615291185,3
4810.495953118992,0.18609747720029193,0.2605772346709272,0.9209215610181288,2
285.7856428195487,0.11456527106602155,0.13566248238594208,0.6649841713680955,7
1577.5413554526522,0.14352951060063784,0.19272038357084964,0.9316980859810303,3
4165.958948798006,0.18666250232445242,0.2668318925909261,1.0220331530580837,2
-707.8790875336532,,,0.8222257344156305,6
6325.15476599421,0.20950674037540012,0.3015648589713238,1.0220331530580837,2
3215.4899981728076,0.1718671974202152,0.2418127417615324,0.9841726350455274,2
-1097.5926128506653,0.08256203462578926,0.07659364743230983,0.7980036359774144,8
1305.296029230072,0.1387213298751704,0.18464036187288002,0.9344130732384389,3
2070.7118349847233,0.1456266667320051,0.19191335478790283,0.8076374026615021,3
2845.6571463848245,0.16936087251760906,0.24047836223908237,1.0220331530580837,2
3818.67468418636,0.16470791956571706,0.22084030294936383,0.776822068757081,3
2085.8974579199917,0.15677335344225868,0.21901655651527108,1.0220331530580837,3
417.20435191054304,0.11742814815152089,0.14203560433652457,0.7283561201996799,6
2976.668917138595,0.1655004973163159,0.22933013991314513,0.9363116710841712,3
875.4252406299826,0.12435288297847366,0.15343401947829988,0.7070040092779958,6
180.80117675037462,,,0.9492406795272301,3
1501.193114323353,0.13170079307519703,0.16436979806439928,0.6690985711868948,6
1076.3978168807337,0.1365622569245716,0.18343505695920614,0.9882091592297986,3
2715.5643493279695,0.16689419031263242,0.2353796580955532,1.0220331530580837,3
2922.9685724969854,0.1605225438458547,0.21812252713134517,0.8707579777600234,3
30.154478659446596,0.11056814689873137,0.13007423507970084,0.7370384518694466,7
1405.4456084658807,0.13478515994911508,0.1729544113544762,0.7842188588059723,3
766.4443388782189,0.12351216849347113,0.15280710631068362,0.7444029979658854,6
7472.2014019178405,0.19675912456450528,0.26957429794165366,0.7820554939033796,3
5026.072438982764,0.19304327228528562,0.2739808883754449,0.9826333249733951,2
-372.6482008313145,0.10191091028455049,0.11497901647799155,0.7868992044042454,7
-982.6904612165741,,,0.8325484362113547,7
5379.92852857624,0.1960156831288259,0.2786558838255587,0.9675440123115989,2
2225.0038471535017,0.1502974729737617,0.20150710125108168,0.854305584921338,3
4618.415372798016,0.18183114453659072,0.2534429535087838,0.8829637462070301,3
-415.03167573455414,0.10204852214947097,0.1144039200016778,0.7184955971446396,7
1098.6662379658444,0.13503304482028403,0.17860251218953638,0.9415066062366774,3
3740.2375401114423,0.17586962367458908,0.2457476607145509,0.9476876808156588,3
1863.9542701544942,0.15024292812768186,0.20590723221175722,0.9660426066038609,3
-563.5784452909443,0.10002107117907147,0.11019814644150756,0.6717187620379463,7
3079.121023095457,0.1682608854412138,0.23466559365188008,0.9585048564658758,3
798.3533274009421,0.12369915917952315,0.152762835896101,0.730581781180613,6
3727.906690389453,0.1805907591759024,0.25706263805914203,1.0121102431409215,2
4123.64660132311,0.1709668291032358,0.23258300946727106,0.8160463825382892,3
1581.7520409797867,0.14012738996189,0.18442340771180174,0.8444176464718726,3
-109.19501363244488,0.10790576786712339,0.12535386350682534,0.7371024895231362,7
3687.0318017479476,0.16165817240107577,0.21523950953414897,0.7522174875917,3
1948.9442466031423,0.1466995175299417,0.19577822960782215,0.8660424481300781,3
2382.783086728323,0.15762866762479463,0.21746128559971117,0.9444371673203841,3
1407.7378091439641,0.13167112627988906,0.16545072538519895,0.6977800233708283,6
3167.2549008296182,0.16937863542470946,0.23634950815903724,0.9577350491170126,3
1509.534773625263,0.14608284142141204,0.2005980899513816,1.0163841263345212,3
1988.039315044533,0.15511440701211537,0.2163776988927566,1.0220331530580837,3
3564.914436637129,0.17890014491767942,0.2544067006121622,1.0220331530580837,2
2924.6883080191515,0.15673473159613424,0.209862551687911,0.8059334359882462,3
-2324.9375427285527,,,0.6425040148678991,9
6972.403102191087,0.21551453444953952,0.3108026996258558,1.0220331530580837,2
3876.463090681023,0.1801047693023065,0.25472870078483545,0.9774588692149313,2
4388.268008287744,0.1775149930769658,0.2450327986243793,0.8651776992836798,3
-1245.9704128649764,,,0.7055852177750511,8
1289.0224910441136,0.14014286757683297,0.18904809964769811,0.978195729557664,3
354.95805889936025,0.11727816322445508,0.14355091990255464,0.806486013063359,5
4532.856004882444,0.1821101270057625,0.25380344528566645,0.907243629754159,3
647.4112453318182,0.11896391502277767,0.1420724691891337,0.6081343945416089,6
2749.529176098603,0.15766684176851414,0.2134015474835905,0.8584795758373152,3
702.1213228027159,0.12439716458338812,0.156713446689173,0.8334736612914925,5
1436.8946838533725,0.13857312048521642,0.18242333123889692,0.8657555167688883,3
2034.1677894815252,0.15120799448250188,0.2059343703753257,0.9283925495071339,3
3502.4855105130405,0.16058116099675315,0.21387369309395582,0.7669462130873567,3
-24.525542796062368,,,0.9520821676667137,4
1798.0208508300868,0.1515539904969046,0.209994608263878,1.0220331530580837,3
-466.1980288259275,,,0.8707437602196002,6
1954.508834353858,0.14262831505475335,0.18582620154520563,0.7815034847533424,3
1139.0860701857805,0.136229199193258,0.18136737124641517,0.9502330735948722,3
1213.5150686265688,0.13422847949686914,0.1744029446688728,0.8534524710708716,3
2705.568331488257,0.16663658678753562,0.23470546367680079,1.0220331530580837,3
-1270.2948122200025,,,0.7549304806200123,9
219.10132174137,0.11450578000412862,0.138334437253252,0.7996156552104957,5
3719.641198296862,0.17097853797840795,0.23574473674088955,0.8736121956586489,3
2196.8002085503545,0.14992826735096978,0.20088208330053026,0.8555772261892608,3
3195.291718030566,0.1739445047060145,0.246745708186063,1.0220331530580837,2
1976.8776455587536,0.1549895043961442,0.21636070663007556,1.0220331530580837,3
-723.0776039119087,,,0.8576933566329525,7
2193.5974427603655,0.147708037614575,0.19555220560032469,0.8152343812890668,3
2127.3531974142124,0.1467025770807595,0.19420012451482765,0.8094746976533889,3
4104.95469325575,0.1786561243297001,0.249509146458513,0.9216901758161715,3
2720.4468682707984,0.1531605814910109,0.203402931373239,0.7892203503939973,3
2079.435074580712,0.14125902030200457,0.1816607762217245,0.7180130296036187,4
682.8534794567315,0.12520161893489787,0.1596180006526993,0.8869707169102714,3
1987.2375981429327,0.14590317705142306,0.19332934153680978,0.8388614727444089,3
2301.386157904222,0.1540252167208564,0.20966630353577786,0.9018950024748609,3
3111.687968781188,0.16469416643840307,0.22654224940633866,0.8916568961893498,3
6204.742007667801,0.19384430526970392,0.2692093540437782,0.8554772707408569,2
-722.5391398215311,0.0964444884869863,0.10381285650910288,0.6901724744551037,7
1063.349078134822,0.1289806924534787,0.16276074711804545,0.7706696690844069,5
3486.50391247198,0.16123510300494678,0.2152479771080834,0.780451586399374,3
-29.191668459160056,,,0.909304420093421,5
2820.131784584855,0.16684091907873153,0.23418370676627098,0.9934095843290093,3
1296.884354482466,0.13473595908144492,0.17430600524385229,0.8295335609527071,3
890.0897842660455,0.12528750084138668,0.15563730404410314,0.7360324341122845,6
-775.4146316964781,0.09539839451454102,0.10187550958726208,0.6882291945062443,8
4186.934442918564,0.18738426309155332,0.2688266622528317,1.0220331530580837,2
1482.832365960659,0.12975596564601805,0.16012076650495155,0.6219776557352126,6
3118.13766800026,0.1605535003770456,0.2171156670439814,0.8263516068062532,3
373.1787708768435,0.11720125543824911,0.14262418872349372,0.7713546685026598,6
3897.4525213651473,0.18346381239534826,0.2620922277004866,1.0220331530580837,2
1783.1303169610878,0.14592995069806425,0.19596476366059506,0.9055706948052322,3
2429.8470696809436,0.14884954632152592,0.19578251491220725,0.7807069235202095,3
6070.129666216735,0.20699814299314317,0.29763786084804444,1.0220331530580837,2
3788.443792295476,0.18203933252325444,0.2597927502130914,1.0220331530580837,2
-71.90565144317614,0.10836340551304603,0.12792092145555212,0.8358321208002255,5
3219.038653155793,0.1651059100466228,0.22607778519450228,0.8821552868029279,3
-1323.5681499529862,0.08148429603261322,0.0749333734125685,0.715950719801417,9
393.7723833796354,0.11923460057168998,0.14924106544822285,0.8958626568191538,4
868.4411137608548,0.12888265284636874,0.16607731249569047,0.886728777825407,3
1075.841379371114,0.1300192093390251,0.16556941979579287,0.7945084956623573,4
2545.7542265901643,0.14923431065017218,0.19603495975225094,0.7580168908354752,3
3238.5924544831723,0.17103945703092907,0.23959893130486312,0.9674108832968583,3
3308.4536457537606,0.15872873034177246,0.21145585333179043,0.7675231972702344,3
430.12347352246087,0.1207359888494466,0.1532008994545322,0.9292523653937729,3
1382.6869164289608,0.13786839330168738,0.18120785206301662,0.8740044833032773,3
1649.1375362166755,0.13897090737427792,0.18031182310805888,0.7975071226236822,3
1358.8216472121364,0.13386948432771534,0.17128979871249617,0.7782746182556965,3
2426.871490368828,0.15213683931960992,0.20363370060731545,0.8378461090825001,3
2195.615420029089,0.15847830395059645,0.2216818541957764,1.0191011329868047,3
3166.011926899536,0.1734632828986832,0.2458287115885469,1.0220331530580837,2
2302.77332103439,0.1537575622990517,0.20876158651590226,0.8993860538467161,3
4635.196261447657,0.1719713161673099,0.23165994882401722,0.7646503339901837,3
918.6782517515772,0.12807054155819061,0.16276252553852838,0.822576006925621,3
4444.124010652469,0.17655767816831947,0.24246919381330367,0.8468418071311968,3
5814.410912634245,0.19213557484017657,0.26746211225872674,0.8768906057519724,2
526.2308626659577,0.12113138840977627,0.15120655490936777,0.8389274843774505,5
716.8158155113636,,,0.9779983128038411,3
786.7923358387036,0.12486662897508724,0.1564233223305564,0.7853820404436462,5
-487.1379211623545,0.09942591382023239,0.11019243379269028,0.7781471348348731,7
3773.4073999326583,0.17468759265020714,0.24324301265041867,0.9207013356383398,3
2967.017393892089,0.1581643274330418,0.2124082523423567,0.8240386725467125,3
3699.1374316008123,0.18057615287380036,0.2568706686157385,1.0220331530580837,2
1819.5876996491359,0.1441667176301962,0.19116903522535722,0.8542226051289751,3
1314.513067117645,0.13732989121153882,0.1807734199388506,0.8925085258074047,3
-501.2996914191888,0.09997900507714806,0.1107719066201753,0.7344382511431718,7
1381.3000843130212,0.13884515669960823,0.18372119977902918,0.9007326753027257,3
2919.458988999501,0.15481024326581977,0.20563316101033707,0.7757152429895253,3
2628.0826665022914,0.15987274443523347,0.21959421180290517,0.925341336028772,3
5820.015584191084,0.2049120505436804,0.2950626931931766,1.0220331530580837,2
3991.2171748598803,0.17594031327280393,0.2442091939963575,0.9041304153142281,3
5300.940171704363,0.18544337271168845,0.25633887887524914,0.8522266512843955,3
-223.3226760989663,,,0.8577230649686544,6
1147.7885597385464,0.13319340150592326,0.1728119564868394,0.85591019569205,3
2265.1957379892083,0.15510993997513647,0.21191668474566544,0.9403969921043601,3
1947.1532607713477,0.1492845820506773,0.20241652091099244,0.916645114632416,3
2950.048471119834,0.17039875625587228,0.24102132874577362,1.0220331530580837,2
4293.319173576378,0.18806735823163767,0.2687702254384931,1.0220331530580837,2
1494.5860464212274,0.1403756717845681,0.18597252863310137,0.8891827569651654,3
5186.89904638778,0.19430421876440956,0.2760752301361208,0.9723608314564642,2
1160.7681736057348,0.1299855602562275,0.16406732027462573,0.7531177188699494,6
689.4349373655551,0.1284407432185617,0.16975061890589135,0.984566288046409,3
1712.2812054420265,0.141778218579475,0.1863520011826041,0.841054025849982,3
256.67151529185276,0.11401564224306643,0.1346154691907942,0.6509223211373094,7
5456.1323103996765,0.19080588443666785,0.2667753419926157,0.8987429189374418,2
3423.2756461425747,0.16743853658590527,0.22990969335914999,0.8763655185239365,3
3308.1893992079085,0.16264074682112556,0.22013617550255732,0.82526948543259,3
2900.1961639553724,0.15720936129973778,0.21131876769322847,0.8162868342774272,3
1461.5601249024292,0.1413348258605766,0.18894082179103866,0.9275897515040347,3
2581.9506420401094,0.1641993764628751,0.230713304505116,1.0088435957878372,3
5677.24567420369,0.18451140198394567,0.2526582091108139,0.7995248535398668,3
3465.403364686923,0.17788438209463497,0.25345041588698225,1.0220331530580837,2
1884.7929828142808,0.14161726919055587,0.1842164268415218,0.7796823280495695,3
5642.051343567298,0.1947549070092464,0.27401074323606733,0.9254224381666906,2
3509.5060595187124,0.16830090834719158,0.23097971574388798,0.8756501230383281,3
5739.033653047193,0.1973911872099961,0.2792962893781805,0.9429220634626839,2
1178.149455336306,0.12907156158025831,0.1615073263175873,0.716999370409079,6
4387.219606273782,0.17608414490778163,0.24202482902401246,0.8460149499301096,3
3156.1501466348855,0.16658041500268161,0.23005074961802163,0.9163898255862596,3
1473.9136779715209,0.14130400867597936,0.18877731405427767,0.9200103639949732,3
1755.2609157954525,0.1451503509292707,0.1947438910745404,0.894388754112623,3
52.33740249239581,0.11078921905959763,0.1284728878724309,0.6262983813645768,7
1278.465754555465,0.14149485758434827,0.19282589867616481,1.008300375453047,3
1810.484753327879,0.139364684661814,0.1796480192711897,0.7527965643756941,4
-1018.4082435339826,,,0.805877485876684,8
-182.53871435251907,0.1066789000730296,0.12260256851368471,0.7061480262774618,7
107.11214849078239,0.11224242400330699,0.13428505014508124,0.8021769171385716,5
1344.9027989853662,0.13728519323358346,0.18029359034517253,0.875616062242732,3
905.6086373028653,0.12619202529040197,0.15795523217384472,0.7594501326841561,6
1267.2302941169178,0.13499830916116484,0.17563297977030745,0.8482970713164288,3
4163.760580027003,0.1695749372601312,0.22971209447023283,0.78816281419703,3
2746.23708131592,0.1491884760090216,0.19439996137207344,0.7172667479870134,4
1672.8391229794138,0.14228138326388948,0.18827013157279,0.8647545707773042,3
1913.5081650476423,0.14915736959155768,0.20216660570986283,0.9296539566052077,3
3285.9941153078753,0.1709420653311099,0.23870433950760342,0.9586558919118653,3
4731.448445122937,0.17766844632506043,0.24327441032401112,0.8224789361258569,3
897.002044143013,0.1323651791881275,0.17564919032301987,0.9748003550652861,3
1893.9909913827148,0.1483607596404,0.2004218246569508,0.9199977503800398,3
861.6373246300745,0.1320354012312237,0.17592459940860866,0.9844801282973211,3
4604.018146502541,0.17570152383741514,0.239624713980993,0.8158504394870887,3
5629.94132644973,0.19806047899328405,0.28051124312987674,0.9733077652620097,2
4053.3304059610805,0.18530986066616612,0.2647781115629186,1.0220331530580837,2
414.99479711837904,0.12160044443680823,0.15728281179035547,0.9737447720482767,3
3738.4905339811266,0.17632772930455756,0.24730067242198858,0.9489450561240034,2
1447.4145309370329,0.14164850243623736,0.1903997450812313,0.9369600492413982,3
582.5205782741211,0.1223647267670458,0.15356145096666296,0.8457257711009627,5
3605.0115116977518,0.17109959577728664,0.2367809120572929,0.8960765012761557,3
3842.0454912543723,0.16886986859990433,0.22959996693498397,0.8317692167885525,3
506.79531666272544,0.120444314262204,0.14941614987965302,0.8224706321142339,5
738.6712586877239,0.12407959663778459,0.15497009820373936,0.7897596022491713,5
1737.0587351309773,0.15039396893007514,0.20791586674386053,1.0220331530580837,3
1499.995590832398,0.14601008338995602,0.20085031293674552,1.0188498511516109,3
-30.930835877022602,0.10933116747664828,0.12914766221420004,0.8105511015386208,5
658.5063325214167,0.12392773414148905,0.15631576004961972,0.850479920009396,4
1650.029603693611,0.13759251099563702,0.17702063069154972,0.7640459385141606,3
2350.5518730858585,0.16109326670284646,0.2258347089216841,1.0220331530580837,3
58.27424670651175,0.111523417002627,0.13580819102862735,0.9105079867096826,5
3565.0725528880803,0.1716232215891068,0.23805664910687485,0.91314229328803,3
-421.12398220564967,0.09958925847940919,0.11133942622127511,0.8498790699731695,6
169.8451605982306,,,0.8716393050748587,5
1280.2140132488921,0.13428349906971565,0.17371303972831814,0.8203471795253922,3
2594.970519267595,0.15731014170032726,0.213844755100763,0.8902034965203693,3
1365.129630448846,0.1319363922989397,0.16641602753916232,0.7229003989410125,6
3677.188384454721,0.15749017371572333,0.20682574873353587,0.6913382630665712,4
614.0995495411194,,,0.9824574952774348,3
4112.9723538973385,0.17490412890520018,0.2411574210429535,0.8705132327073775,3
2701.929784505262,0.15272848717468152,0.20278857378471002,0.7834281324202599,3
-290.4398726244663,0.10353241714428804,0.11830779582433028,0.8071040645917333,6
7587.743154545897,0.21187039107362585,0.2999649521883839,0.9275035641362541,2
168.01243284010957,0.11375108219535837,0.13796712356306676,0.8453218529208295,5
3165.502276182793,0.17363529929853036,0.2464923654901213,1.0220331530580837,2
4441.086732206872,0.17917973023868405,0.24838808926178907,0.8783792015166683,3
5404.456333576831,0.2008126091657687,0.2890328734174546,1.0220331530580837,2
563.6833988667643,0.12141818969439558,0.15096383452564627,0.8158915770202269,5
4041.2820877434287,0.18501084771687604,0.2640217935848341,1.0220331530580837,2
822.0554928482095,0.12720633729650216,0.16228737902965804,0.8562598432991613,3
2040.8419381805804,0.1467179671517443,0.1948469993894833,0.8377428125758842,3
1921.6018088345108,0.1463277030713471,0.19521996501280228,0.8667734032277198,3
2522.9763430842972,0.16032095539194424,0.22207019905181372,0.9570655942232251,3
2784.6467175841262,0.16086360123390475,0.2205834711516218,0.9022125044511996,3
3183.980330060559,0.15539460202126068,0.20461245337082806,0.7425190272336006,3
1825.6235195028946,0.14768858096986154,0.1996663637219172,0.9296830352871768,3
2563.0339883153392,0.15608865254525878,0.21162106838964978,0.8734040820871317,3
2295.2734784320196,0.1563896590269905,0.21546624214679472,0.9470472273477485,3
403.4755384293131,0.11762127649617472,0.14321336650555172,0.7594076609180018,6
2810.8263009218185,0.1590457742224317,0.21613078906448213,0.8665347578522185,3
3082.2035860300916,0.1693300086642921,0.23709709208087595,0.9749194878134545,3
1882.2556244738184,0.14611586229475512,0.19517618729369135,0.875154982567313,3
3466.735510923474,0.16982502413102335,0.23468893733479493,0.9060939454429118,3
1962.0723382728072,0.1398747592981636,0.17941585207008756,0.7208542984545487,5
769.8300476916303,0.1268703892063059,0.1626361142287351,0.8815262504688453,3
632.0581707955018,,,0.9838384193514459,3
3114.487060096855,0.15968375050151742,0.21489619813874017,0.8169597897518291,3
-1089.2839532855255,0.08897408178254412,0.08974384961256876,0.6822159767285023,8
1445.1662039310756,0.13381755006439566,0.17027996802207784,0.7408722477709819,5
3139.9644686902134,0.1731201276509637,0.24533805121536717,1.0220331530580837,2
905.389407846476,0.1302478714884273,0.16918950857070741,0.9096141239881507,3
1880.9345276183099,0.14641990266218272,0.19613154739708988,0.8797996179189266,3
3220.570172954672,0.16514796570245388,0.22654050223500238,0.8783062790568987,3
4312.617102762811,0.17415853275797422,0.23840183552238162,0.8305298493237357,3
2085.5268483669697,0.15149934294131528,0.20588816458148365,0.9192633758207013,3
2451.7452651961803,0.16139539297537342,0.22548249579776902,0.9958392670352562,3
1600.665525553319,0.13711650555414961,0.17664161539032644,0.7667390199856077,3
2401.6397241866307,0.16200209146136335,0.2275214677785698,1.0220331530580837,3
3931.443385648669,0.1803994212888029,0.25420284194697157,0.9801394383241535,2
1045.7294212202587,0.13659094216154702,0.18434240274000335,0.9996313844604136,3
3593.521884539483,0.16432968705294115,0.22163039751139882,0.8040719770278258,3
1991.8257810860828,0.14718828498562292,0.19643031700234131,0.8630671918259727,3
4.355236936644133,0.11008795254301734,0.12985286862112844,0.7741053868509027,6
2283.4423126915267,0.15751407093011946,0.217765594548473,0.9778200039715327,3
-208.02600677443507,,,0.9441116663490909,4
1945.575397704275,0.1498670897710327,0.2036106641749939,0.9321974640735176,3
1619.0106283434761,0.1430042135120857,0.19109906053381567,0.8986989892181826,3
2898.6810188004238,0.15902262650624835,0.21500163792879906,0.8507557284022442,3
968.9696888441827,0.13492474385711833,0.18149469047493771,0.9972797722070796,3
2266.5407850771403,0.14901151484618824,0.19803158790055028,0.8192392853967686,3
3338.698547770997,0.17397764711768104,0.24530820687214147,0.9928622696458276,2
2388.1792757150156,0.15811155179135314,0.21788372922856075,0.9591396846234066,3
733.4136701727547,0.12294438632288804,0.15178930861202394,0.7432847355328799,6
5876.567435794912,0.20515390231521452,0.29490933814013265,1.0220331530580837,2
-195.25723506438015,0.10547712359220895,0.12243554061315085,0.8373551102101254,6
3472.718396915745,0.16504411892810825,0.2237212153024302,0.837797581341358,3
4076.817169911291,0.18265518170146613,0.2584946070441219,0.9824293439088261,2
1508.6638492180055,0.14244631113888323,0.19121329711015278,0.93260256498529,3
-81.02612993879231,0.10845046760514379,0.1262897468977826,0.7383751121393367,7
1742.556089947395,0.13468817148004752,0.1694651077716116,0.665533672363792,6
-219.06551338939954,0.10560269396482908,0.12142547298717549,0.7547125199331413,7
391.83854602901704,0.11631819376498242,0.13899926759695524,0.6727518209404301,6
680.613992454793,0.12692372766687193,0.16516690527896577,0.952271334950959,3
897.8120309928064,0.13333316345651836,0.1786935418982466,0.9945848274959823,3
6206.430395375025,0.19654974320983457,0.2750989146188659,0.8825059588193904,2
2390.493720944475,0.14848216627369767,0.19533109893036454,0.7826756113979862,3
1497.3117983643501,0.1458735036025246,0.2003491965599096,1.0166045639192673,3
3174.254945198831,0.17222319641477954,0.2431602108794323,0.9973507252640568,2
4040.615303568062,0.18197547778454465,0.2570034485568613,0.981963209537802,2
2566.5875226368157,0.1537099059244611,0.20587938211847362,0.8333715916109835,3
1779.4033494329767,0.14331129547053936,0.18960781227433476,0.8485523593282471,3
5120.580700771213,0.1941660067126577,0.2764587848349038,0.9764475514214427,2
1246.4709330957278,0.13480141454119807,0.1753282696987299,0.8542509150129549,3
2062.4358675153567,0.1561519595905338,0.21739173950991242,1.0220331530580837,3
3096.116647399076,0.16666598136944233,0.23081306083659003,0.9299194816869552,3
3112.6102981652875,0.17262097283546612,0.2442919334294856,1.0220331530580837,2
2440.8184530216104,0.15551625811740452,0.21144288014074852,0.8946493248572132,3
1800.6944427044073,0.1496036671664115,0.204870213952745,0.9799161688753308,3
2024.9246660277656,0.14435952968196947,0.1893560789807453,0.7953211751674787,3
931.7733023021638,0.13004463048855544,0.16844514094009358,0.8792459979699857,3
3977.6634203655112,0.17595957904013637,0.2445553410780121,0.9042831361422041,3
-895.2098034781518,0.09307561676860135,0.09750108577354698,0.6839337923601108,8
2518.6040384388702,0.15281095976006331,0.20411177030182445,0.8302594024370998,3
2781.579902001607,0.16194058723604032,0.2229757363573299,0.9223641493657593,3
4268.009358371725,0.18251999574094954,0.25664616230424153,0.9506267257473798,2
1145.6361050682724,0.13876696622774037,0.18825769154245794,1.0044329309858868,3
3045.22746514627,0.1628781722303757,0.22230515883566115,0.8841460587018548,3
425.9134265419368,0.11910288736644364,0.14745091917320688,0.8391023033267575,5
7156.197884569326,0.2170104925240594,0.31288147915111036,1.0220331530580837,2
2517.345695896073,0.1640872082217357,0.23147983446542642,1.0220331530580837,3
1953.288326038687,0.15065886475013035,0.20583872734423497,0.9416681407402456,3
7470.989523017505,0.21909308070171396,0.3151306174899218,1.0216189256304493,2
1969.1769164039224,0.1472422463300973,0.19686832380248237,0.8707391788320424,3
6179.281340462502,0.1936458040059733,0.26908004215183623,0.8539710071974359,2
2571.7148157237784,0.15711606461964037,0.21374934117957306,0.8911578402318114,3
2856.0123375676417,0.15630867512118132,0.20960571197538228,0.8110860278940735,3
3916.3935834079057,0.17826636040499583,0.2497394835256273,0.9507833736723389,2
2389.860407510368,0.1540883925125854,0.2086503373080632,0.881676501397462,3
1824.6982681385205,0.15155028539629714,0.209858008529045,1.0081401046475904,3
347.8707513363221,0.11754886056533001,0.1448059977010417,0.841807840935724,5
79.78109490428824,0.11186628692585149,0.13495746923617846,0.86676803159388,5
3749.644230899437,0.18133355923755518,0.25827419545821617,1.0220331530580837,2
1325.5952024993385,0.13764085165166767,0.18144361706945347,0.8952534319043384,3
4030.537792692096,0.17446117536783282,0.24041194928176995,0.8806793445225636,3
4677.759563735596,0.17856428076165687,0.24532410081556008,0.8422331392201223,3
1278.9759313444276,0.13479953533196748,0.17487795240158452,0.8378691467963146,3
1575.461937484188,0.1452059102406566,0.19736171524054946,0.9690968557730665,3
-50.0049692098996,0.1089558339505857,0.1281604995174348,0.787204669647325,6
5717.849097504741,0.18594819335130525,0.2552214393599569,0.8141712581850628,3
4240.609107788084,0.18383673846255988,0.2600469432851241,0.9695573939152483,2
3276.0516085426943,0.17487294945422036,0.2477829097151698,1.0220331530580837,2
605.0940863962891,0.12507671164848946,0.16159677224895863,0.9454904442875225,3
1806.1206997054728,0.1516903168640966,0.21018979544242028,1.0220331530580837,3
3264.075636025171,0.16377189255435953,0.22294625008689758,0.8508855392950557,3
892.3225850208104,0.12552698532072093,0.15636469610617498,0.7422604115597596,6
2818.025387174522,0.1499245640196023,0.19535098478736473,0.7179371868260108,4
6795.079187868973,0.21337729455390214,0.30685468514129743,1.0203554523581477,2
135.33447654364227,0.11274041156157184,0.13484639394864645,0.7846564144330607,6
1127.4662547137577,0.13312480248541764,0.17290832097569359,0.8657259529300951,3
1932.2225458075447,0.15395373919136543,0.21396981510333712,1.0220331530580837,3
7633.1422807648205,0.21077623024284547,0.29702216470686843,0.9177583591217406,2
5553.601521056589,0.19515948247681084,0.2761068371950387,0.9321690278993219,2
2733.3490426789213,0.1503453090977928,0.19701392291717637,0.7394332573796176,4
1931.608152357994,0.15233608508578989,0.20981843810732242,0.9896310145307043,3
74.72062340444567,0.11159375937077132,0.13334146256493112,0.8096236590125184,5
4164.844421355798,0.17720085723422024,0.24620190608111445,0.8892611031303972,3
3120.4707254324453,0.17292460697735806,0.24520521722552074,1.0220331530580837,2
2692.0283871258753,0.16201327179278452,0.22392907318098879,0.9464370620673503,3
3496.3986993331278,0.1565982172081931,0.20570124210698854,0.7069571991602288,4
-30.116406271315498,,,0.888470494638,5
1857.1856292025918,0.14075001124283523,0.18223428263700045,0.7716855446590598,3
2480.243007220918,0.14969025105565384,0.19785476422148354,0.777630075329992,3
2551.0253308542324,0.15929401234443502,0.21922494516584268,0.9327670292518778,3
7153.9608102070315,0.21764255655107256,0.3148164187299699,1.0220331530580837,2
3813.8301159037833,0.1820908978443186,0.25932881876979075,1.0220331530580837,2
3104.749753863251,0.15305486073493743,0.20051177305249443,0.7149160647523987,4
2877.0859278538696,0.15934405845428048,0.21618522218996078,0.8576150096892897,3
1955.9591384601579,0.1543453833057356,0.2145409973076312,1.0220331530580837,3
1807.9611781263613,0.1406700892108347,0.18301641984362504,0.77949327092873,3
3441.738325077023,0.17770965271447495,0.253468860994326,1.0220331530580837,2
610.988562136946,0.1257695687554588,0.16387815448397308,0.9621712913883136,3
1942.0831863980345,0.1465027459546036,0.19520836216725004,0.8661146738541641,3
1192.8614563481356,0.12601187066934477,0.1537418889758556,0.6155645773333299,6
271.05540584826264,0.11537666468448153,0.13954470303579003,0.7814556346999388,6
4670.190569954232,0.18629037352047823,0.26239578465538216,0.9372341015931098,2
2028.3949665217033,0.14816595680586037,0.19829405356467755,0.8725627125662139,3
2618.3465409435225,0.15047494154750904,0.19768950643447175,0.7701915417844379,3
2134.889747861554,0.1419541818775542,0.18280385157959245,0.7179053020719388,4
2510.4019357327466,0.15734960222416705,0.21525058725856072,0.9069325300837796,3
1285.9226523612488,0.13722246425741108,0.18099509691019194,0.9032549954256379,3
4007.9313867264764,0.1822056546975546,0.2583826011898054,0.9839797529637461,2
2943.139346721419,0.15644243587639722,0.20901928784387563,0.798133849442997,3
-186.73501916421054,0.10622150944109307,0.12275784095054407,0.7588183728603062,7
3362.017123742687,0.1763317131963959,0.2506923143020686,1.0220331530580837,2
3611.608999261678,0.173271264856885,0.24161072572642292,0.9260714317066785,3
4717.57347682465,0.19270706947354488,0.2754279868851882,1.0220331530580837,2
3012.6467999930655,0.161173853737364,0.21928887001013206,0.8577147249790763,3
1393.0112574934858,0.14380879815898884,0.19679155992635056,1.012527934214938,3
2835.873962745643,0.16876490855020174,0.2385230208714347,1.0220331530580837,2
420.51061229202315,0.11774663185487955,0.14298193621743843,0.7485259184906446,6
-1018.5139977714091,,,0.846886171600112,8
2345.2202734333478,0.15349956717918764,0.20766476723038066,0.8834064429541334,3
5391.294550696768,0.18411385654490003,0.25324868334027995,0.8246529342168405,3
-514.3136821887472,0.09907885836973948,0.10939363958768807,0.7647002103484157,7
2555.76760066001,0.15902388408831034,0.21834444823107335,0.9289004049714764,3
5564.523726643475,0.19465686965268106,0.27487529269565136,0.9260077225656463,2
547.2061129465731,0.12313514106044753,0.1571504319559608,0.9248150495982734,3
2168.6798991101496,0.14412608446564262,0.18741789063151376,0.7529413109490167,3
992.6224847273897,0.13124219177279883,0.17029821402975356,0.8844247626287176,3
5362.5170287644005,0.19093292142460996,0.26746702404343525,0.9124673403955196,2
2380.1569696671763,0.15108630053264285,0.201725106394224,0.8293755177405716,3
1632.5366420429755,0.13382025325818173,0.16836030739523267,0.6779156985803643,6
5473.501385005408,0.18858057616134832,0.26228873912623385,0.8669652451154662,2
2643.010886429351,0.15917670816434115,0.21781529103063804,0.9097057005880644,3
378.98237924724026,0.11604632804828731,0.13836302208474083,0.6673927727417083,6
630.4652425026487,0.12094948692265466,0.1480440466655637,0.7272180035301812,6
1426.0325625926794,0.13346543849797854,0.16937167306405176,0.7421289602130611,5
2127.440322995121,0.1532590201664789,0.2097599871936836,0.9396379818495786,3
343.76592400164725,0.11881448147023549,0.1499254516967995,0.9313333362152348,4
4174.576505699921,0.18716510647172988,0.26835872872616173,1.0220331530580837,2
-1020.6050468295886,,,0.7653323358986031,8
6689.1412112451635,0.19880717132955397,0.27703182906407164,0.8666358948334362,2
3213.0413530829983,0.1742033797932891,0.24717853357287822,1.0220331530580837,2
-26.937862734120472,0.10948569276833953,0.1282166869179491,0.7403624514264704,7
1344.63905304812,0.13894694400278246,0.18479034579722792,0.9183950753958049,3
-1331.9624387904282,,,0.8459471230097679,8
433.5722334082283,0.12206903677142693,0.15803107146384718,0.9734148220170681,3
4259.154731290909,0.1723723619163139,0.23459772906207949,0.8176960970854187,3
9308.965349594611,0.2130589668155153,0.29573796118856993,0.8166011002120335,2
1808.5302267387917,0.1452031122967128,0.1937305947949426,0.881933615436852,3
1737.4663505307797,0.1462557965033739,0.1974740366880724,0.9288542529428935,3
140.3816210133066,0.11201903826695347,0.1303257896755895,0.6064929234157129,7
1378.7091779240197,0.14351810312909943,0.19627427561899818,1.0118733116247518,3
7569.237240330905,0.2153414212189091,0.30700147216921325,0.9691309176601975,2
1663.0652977068296,0.13912563836574918,0.18077440503566328,0.793332626081925,3
6500.976630040449,0.21080413887702898,0.3039922121912241,1.0097116973658025,2
5106.737551532225,0.19727367194218462,0.28311457904710563,1.0201934020107517,2
-1706.0567005531536,,,0.7416196269371037,9
516.9715130410005,0.12038158449722688,0.14906568853512,0.8048626874799436,5
1359.0852008300437,0.1353237687641013,0.17486676126754902,0.8186193592595584,3
2829.3791453947983,0.15830257217339758,0.21392528879514427,0.854010126064329,3
4278.257634939212,0.18420917112125615,0.26088479923528207,0.9651659015775608,2
9086.338970381466,0.2203903252304371,0.3106621076833108,0.9075716210859209,2
-174.22487816562963,0.10563851357092066,0.12353235751888864,0.8747713506753461,5
1455.6429570154178,0.13533915944117325,0.17376767416390074,0.7781569510185101,3
4516.0720571809425,0.17582048418662452,0.2406901887236018,0.8253260320404489,3
4428.655078235969,0.1880323355411747,0.26782722017451316,0.9975443560341593,2
2908.56608865225,0.1549930984891944,0.2057941386001403,0.7843557011575033,3
1171.727799071382,0.13926843884128176,0.188932562746777,1.0040161527772158,3
1185.4728224133414,0.13582954904040892,0.17902852164370417,0.9162209878169162,3
3734.7526636798766,0.18127168364117094,0.2584388428262173,1.0220331530580837,2
3654.651041576306,0.1781391445410918,0.25235292183024294,0.987713831959792,2
3117.266525261864,0.15003534373040567,0.19372105916154397,0.6689280132836659,4
5296.951950202888,0.1990274492286517,0.28517698924260915,1.0220331530580837,2
4121.635714879309,0.18303416820908758,0.2587799108609033,0.9824856103094918,2
2327.340383915049,0.14963100311497338,0.19886391350046326,0.8156148792218385,3
1598.4637526734837,0.14423655682112446,0.1945669342523615,0.9356101807666346,3
1707.6036343623155,0.1425068386322892,0.18839180480426876,0.8571564415413491,3
674.4431669915476,0.1214905154831286,0.14887854123790029,0.7171331883978204,6
1473.035071162175,0.13647785144667074,0.17648060456376696,0.7993114181594784,3
2068.7057088564625,0.1518007670216321,0.20634506297028565,0.9354372423060631,3
-630.9401066059802,,,0.8664596956809933,6
1334.2865825947295,0.13475900810790342,0.17383941169591716,0.8133110961382182,3
-1042.8478730139848,,,0.8000167667741283,8
1706.9998045471723,0.1433334925432974,0.19067268969120058,0.8734869121393215,3
621.7663168184071,0.12285026864410611,0.1539379615231155,0.8328997358477934,5
280.7461663210553,0.11605306603632931,0.1418538155905481,0.8327862346358229,5
1021.2503709406636,0.13188291383667095,0.17154275705106553,0.8874127861219152,3
1345.4493864032522,0.14028232931814277,0.18831180372690148,0.9534927244954599,3
2424.9238512262823,0.14939387694348633,0.19726383252091187,0.7895278796186131,3
3405.1675111507493,0.1649620523365229,0.22471543743631628,0.840962580712017,3
2074.306037525012,0.1566898188449159,0.2191835951471148,1.0220331530580837,3
2443.721117275104,0.1606675055840242,0.22396500693648708,0.983399555090312,3
2753.3635189347888,0.1623238282178136,0.22400524171898728,0.9370086888418565,3
3348.8031606466084,0.1680010537031194,0.23154356283048402,0.9010465487887143,3
-87.97508143474168,0.10831114691281984,0.12605710034404188,0.7401450948053856,7
1714.2221788589302,0.1299606816907271,0.15911298745559183,0.559516435847688,6
4175.901196523325,0.1871427023265824,0.2682522870916728,1.0220331530580837,2
4749.825759999759,0.17899528189709604,0.2457379698782461,0.8394791495433063,3
2463.670241399529,0.15441648753449047,0.20877412073932647,0.8675355345196296,3
428.32007512272804,0.12004113708699156,0.15080605393031882,0.8984464455981568,4
3665.4151972633654,0.16549245124042505,0.22343012074070434,0.8119079676868215,3
1777.7417399600974,0.14373202885035427,0.19070899369471594,0.8578490109777174,3
3463.241038977316,0.17093512317187562,0.23736534504059825,0.921496783308304,3
3223.716366604917,0.16464967952588275,0.22518072147031495,0.8724493116521688,3
1383.8559320239442,0.13549961457929388,0.1751689318067292,0.8103604889424713,3
1631.599644946773,0.13974439188741605,0.18247307335586813,0.8212212427683129,3
4720.383205366576,0.1801845098156264,0.24888729559024803,0.8531966043882986,3
2397.69795714662,0.15798103704792085,0.2177895301469107,0.9505884346023017,3
-190.72148751196048,0.10727852319873817,0.12196159672848811,0.590351738463521,7
-1168.5932121870273,,,0.8172047524081991,7
1180.8371544899203,0.1315111324321151,0.16792986472464697,0.7873348842913466,3
5739.7593319290145,0.196862222469008,0.2778172625119623,0.9405745135573489,2
1492.8506466013534,0.13893316619523838,0.182402394453311,0.8530841655055641,3
2129.763942068764,0.14881706390769986,0.19885990198708897,0.854036044053574,3
3246.9452752201537,0.17484063230613178,0.24853781754209198,1.0220331530580837,2
3021.447582617295,0.16797851343344522,0.23441197404536074,0.9684831031183387,3
772.0995471238366,0.12908908943245478,0.16914599471347178,0.9585506032745096,3
2570.809191676025,0.16040959904648852,0.2211006790741522,0.952854748551084,3
5906.508024559927,0.20551954886432214,0.2959479113873385,1.0175733556512754,2
1912.5078634366562,0.14656196075211486,0.19623968030027755,0.8706662165246049,3
1710.508799597949,0.13647152372177518,0.17357208680732586,0.7203724168112775,5
4162.601416815246,0.1746342456019193,0.24018623272095288,0.8601700582402241,3
4537.135274579344,0.19111996603014633,0.2738455239355971,1.0220331530580837,2
1503.4703186653296,0.14560347108590577,0.19956961103416693,1.0113713696231597,3
10456.260410753946,0.2314206600083708,0.3282627667547786,0.9235137519886828,2
5497.515495758606,0.2012523317766864,0.2888213914222434,1.0220331530580837,2
3992.120125868036,0.17126166855341585,0.23402916096565607,0.8394731880822686,3
-629.0976819378224,0.09745115925898065,0.1059774770656077,0.7248499645819898,7
2458.0047799262757,0.15871531135126138,0.2186378207450616,0.9495850688812446,3
4668.320673554313,0.18021479155331688,0.24867164125462302,0.8667406376662807,3
5565.200627607867,0.19437992631956152,0.27361456151120367,0.9302496826442935,2
4832.7497922036155,0.18880573934220596,0.2658989721734544,0.956754118506346,2
3300.4669280795033,0.164185024588187,0.22334182909362424,0.853083882003269,3
1353.3907994726933,0.14073601785539724,0.18939649374442524,0.9612757412522579,3
4419.303768796337,0.18674609511508608,0.2651136305299588,0.9810020930490697,2
2335.0826010134306,0.16100415603577864,0.22610281444176514,1.0220331530580837,3
-255.44565246974517,,,0.8635930956526879,6
2111.9039866160047,0.1436145809429036,0.1869902455617194,0.7544712814852481,3
2222.3908131518365,0.14693052320490108,0.19340714622521776,0.7934379185437808,3
2359.377859562353,0.1443791241357758,0.18661344441316038,0.7108912492740104,4
2423.491362823738,0.15920795540350813,0.22068755877880905,0.962785546126391,3
2840.4122239596722,0.15403813531502242,0.20458922323123263,0.7776567376501274,3
1972.7056024839783,0.15474939846790223,0.21551571385971333,1.0220331530580837,3
1347.7829454946889,0.1342348494339604,0.17232356188178527,0.7932213554160803,3
-609.8041651362496,0.0985650577985325,0.1077911483773278,0.6959044112490989,7
283.620358840118,0.11598355674404962,0.14159863686909377,0.8169885821012024,5
2725.5598307053574,0.14725669517874854,0.18981031706534854,0.6941894482415177,4
1026.274357028622,0.13393780383503323,0.17704997692908364,0.9526246928223778,3
2432.237259929311,0.15515141842197405,0.21045526190700908,0.8926467081044498,3
4066.1408560278524,0.18313867788247087,0.2592106864427478,0.9958476132419608,2
2914.905187196026,0.16062065690539387,0.21863054896348327,0.87177202544491,3
2071.3995773941388,0.1474340558912446,0.1961902708182606,0.8435711041037495,3
1470.2457260487124,0.13926227835190733,0.18338062489438023,0.8728411853613883,3
595.3225934725147,0.1243989349910408,0.1596973700088711,0.9323053848969184,3
852.5329631961897,0.12995836407317254,0.169620452502204,0.9383272195438243,3
1491.5203476329507,0.13809763944291265,0.180149639805677,0.8347018931579672,3
2558.479533534551,0.1574069565298487,0.21489423521816212,0.8957834513922782,3
6178.575038022811,0.20811908987752756,0.2994661030235875,1.0220331530580837,2
54.65992492515501,,,0.9608155838877231,4
2510.25757633939,0.15965047295467233,0.22028233337623537,0.9521922121895535,3
1768.3655632676246,0.1512163928020528,0.21000598259670367,1.0220331530580837,3
4073.5848667941605,0.18290115961262926,0.25921527172467906,0.9847406708622501,2
2137.1219935332406,0.15264697656566573,0.2077147412470367,0.9295134386030701,3
2547.8088642943153,0.15692806288643624,0.213515195335276,0.8941311047288798,3
2253.753588437265,0.15630363694053812,0.21540790114886477,0.9616392172408841,3
-1240.328506630181,0.08763022240900684,0.08718985747927949,0.6446002612421032,8
2853.395858636759,0.1690230216119744,0.23893058020912578,1.0220331530580837,2
6247.8013619378935,0.18371928686065084,0.24844029139785562,0.739599472056765,3
3171.5667592322907,0.1656358652857307,0.2279888468779973,0.896195025034344,3
941.0866503290257,0.13242737769533056,0.17468742148848831,0.9585964211224491,3
2272.3546872984793,0.14830486329992712,0.19611896564929335,0.8068500895277403,3
7206.374632694924,0.20885523453944185,0.29503388221091886,0.9333697148942219,2
2357.679305596752,0.15894237753918788,0.22046164431267248,0.9808049243358042,3
3667.3169625663677,0.15627663678214954,0.20376059153713877,0.6818605354705681,4
1166.351232308218,0.13916191669522965,0.18878010204680326,1.003971605771522,3
1924.9776115526759,0.14821795239540744,0.1996678663548664,0.9065814392448142,3
1263.5052856127093,0.13505985843748936,0.1757580026767755,0.8530246993486424,3
3274.952491461536,0.15520467698152063,0.20413364313571952,0.7192977401669033,4
1452.0589101376318,0.14117134698426526,0.18879636835954447,0.9262821218786385,3
-537.0882011944385,0.10183800141089709,0.11273523757727164,0.6035666029519573,7
3698.1051249781062,0.16418661736770446,0.22045216687256475,0.7877035875907216,3
5065.8767775445895,0.19645413406615264,0.28102842907283054,1.0220331530580837,2
5598.313638917435,0.20254368911682835,0.29122933557082437,1.0220331530580837,2
5724.39970945862,0.18882784960187568,0.2610843850030506,0.847446550230278,3
2404.661841905687,0.16206139430196342,0.22764469401954562,1.0220331530580837,3
147.68198734902836,0.11312690802969887,0.13610678063487291,0.8113519055115311,5
4612.5593468220595,0.1849446934117623,0.25936639325700517,0.9334810841929422,2
3317.8390600964262,0.1755876695951884,0.24922192234334947,1.0220331530580837,2
2601.622836031025,0.1640481439586438,0.22995186516091054,1.0026893730647688,3
682.891351956441,0.12285294456842169,0.15259715395495743,0.7775365286144699,5
3405.3993970010174,0.1771821981424182,0.2525680536473375,1.0220331530580837,2
1442.23724309982,0.13442539275401943,0.1718934657772479,0.7567705130285912,5
1602.7444822958012,0.13651610317847374,0.1749908564059297,0.7536766030725616,4
4154.455120354019,0.17877663344133904,0.24923333323749836,0.9176311223245053,3
4338.803981618435,0.18863234303316861,0.2696917215209397,1.0220331530580837,2
3966.0007192030344,0.16864589427705146,0.22828599069871416,0.8104401867820453,3
-532.5474704370026,,,0.8866633666272355,6
1754.4201207736696,0.15083716392637148,0.20902719222904118,1.0220331530580837,3
1715.6090021248533,0.13455548143369922,0.1693533732037395,0.6705638313980044,6
1174.9483604532425,0.13827630380455963,0.18610321303640387,0.9862675258328613,3
1894.2263318405305,0.15339126198232414,0.21334523053192245,1.0220331530580837,3
1599.494038182475,0.1400941980471544,0.18370620477890048,0.8417570345235993,3
2347.9174644946866,0.15358699008484117,0.20783423208304155,0.884389141313376,3
5701.3552696329025,0.17666755765903877,0.2363154880349612,0.7114692215867928,3
7912.894972576631,0.2140184017684078,0.30290140399010845,0.9239623908899386,2
1899.539235588119,0.14855560546257046,0.2007934460321849,0.9225969028519752,3
1439.6661955828315,0.13728265530553477,0.17873612393195804,0.8358645490534329,3
3380.9796170425852,0.16541582434447272,0.2259183524944092,0.8518973350751935,3
3803.7540430696085,0.1697322904658904,0.23188209207255567,0.8482651380476829,3
3011.3833637812177,0.16009802290636804,0.2166509977072564,0.8433021534724384,3
3082.402686198783,0.1617463076375316,0.21970575774394085,0.8560700856216583,3
3833.1801746683054,0.17576562376962102,0.24491884346862208,0.9286260656134012,3
6275.549788891571,0.1881055630986339,0.2576702042704708,0.7796332885553533,3
398.7097497319872,0.11969945865557752,0.15073398678487143,0.9163017611111621,4
961.8089591758072,0.12768013791728663,0.16087877096542796,0.7827313143609124,5
2071.202079628555,0.1412116778761629,0.18143004087505687,0.7213408973785271,5
1542.8536616882532,0.14439324451632277,0.1958478647033189,0.9631934277951387,3
1279.6799213543454,0.12744641683766533,0.15647876083894519,0.625637325633711,6
5658.883204728409,0.19866064444231601,0.282433787136688,0.96793441949532,2
3144.4105652450835,0.17007176526203696,0.23874145698719074,0.9669558858470692,3
1182.5565240739547,0.13232605533239616,0.16993236940597856,0.8122432086789219,3
-132.5220119978291,0.10702709323622914,0.12513792275040037,0.8235133766875147,6
1365.9971267504714,0.1373315814017587,0.18008188354506277,0.8672648408389311,3
1882.6428443183752,0.14183590443717556,0.18507587604108267,0.7812095138883729,3
304.39676670191636,0.11668861342068343,0.14339466582714522,0.8455863768977838,5
3641.8070022212387,0.1544771795360248,0.20052243309364715,0.6560222133282732,4
1915.8522632744443,0.14693097205708916,0.1966440427415364,0.8825805754838493,3
4332.685029599325,0.18542965026308597,0.2618722255087051,0.9873530117385098,2
2157.567640374781,0.15396254272927767,0.21088169438335175,0.9463739920533241,3
2571.813050886936,0.15318338992756253,0.20488234928161547,0.8200892012544481,3
3459.159770568098,0.16391169486769294,0.22179912186802545,0.8184115223613427,3
501.48576206335156,0.12081893538615988,0.15083179027642474,0.8510678757093739,5
2524.3853431519824,0.1621356248358097,0.22658008320977394,0.9866634809635619,3
1873.8322407160574,0.14003115007744787,0.1804755776649472,0.7500859447833566,4
-542.3068186478235,0.10049468720617372,0.111020425102106,0.6679543533312454,7
1810.6492280108491,0.1448876470059986,0.19308936119341527,0.8724514298526171,3
-627.720990057907,0.09856813806773063,0.10769053609019467,0.6798783178106149,7
390.64299607910414,0.11755881463514017,0.1432011405309822,0.7759768523557414,6
874.628920120738,0.1227429161451255,0.14921580568279752,0.6421245739911403,6
1955.3120849015102,0.1445499370646758,0.19049329113058777,0.8199376961953831,3
5494.981702792223,0.18787489073602048,0.2604057656481019,0.8594340568513363,3
2616.853188769438,0.15142116245206128,0.20057974893061326,0.7785726887546093,3
2416.8979156012015,0.1571812576837147,0.21565694720302422,0.93085212465946,3
6718.718711947223,0.19582388761018593,0.2711854230612517,0.8274941977973407,2
318.2625809468318,0.11571767320674556,0.1390619703375706,0.7271248727851329,6
5538.856432404219,0.18139521676730508,0.24656747480148627,0.7810717898213198,3
1827.0801283876547,0.14541487629185212,0.19404501129174606,0.8798334268914652,3
5000.0265479467935,0.18253575617582102,0.2518958979992022,0.8517902802839292,3
4021.7649138383586,0.1678987838653484,0.22675653842343313,0.7878626561330451,3
3131.017402576374,0.15830005177731443,0.2117865731215716,0.7915365088666,3
1752.0609178098289,0.14022363806861907,0.1824357932666317,0.7887027571105556,3
1401.8422702728346,0.13689140502756342,0.17877976445251992,0.8353720504729608,3
4331.428889210759,0.1856726172708477,0.26314506802809773,0.9832218479999405,2
5115.269519589403,0.19304016648020478,0.2741821014518791,0.9615243894353889,2
1659.3323447921814,0.1402167863901923,0.18338685032867946,0.821256252146343,3
1177.532209578625,0.13121350052842906,0.16721853902890874,0.7797662623100611,4
2621.9898412540897,0.15233690595523514,0.20253853933591015,0.7940349345393534,3
4228.521384530234,0.1828302125253686,0.2574576348477422,0.9628800738039714,2
4230.204547569441,0.17793009820115915,0.24684927648559096,0.8947657583085816,3
2552.4710231273407,0.16471312727699122,0.23265957691764927,1.0220331530580837,2
2416.4105812687667,0.1623111070075538,0.22820134982721355,1.0220331530580837,3
2709.919776345286,0.15755002713758587,0.21343015177226335,0.8660922505347803,3
5581.394391337135,0.17703092597957948,0.23775266971806558,0.7243369167315252,3
5615.353187033418,0.18940430123584526,0.26301193646722826,0.8638731748858594,3
-432.91345542540387,0.10245947246967264,0.11458673138622547,0.6706581675012722,7
3169.6037863439296,0.16546888818065786,0.2274120015903464,0.8963877587009951,3
1308.7190835680692,0.1366180673700001,0.1793102305162393,0.8722081684114673,3
3048.772538756893,0.17087683114223184,0.24110464790137487,1.0064046381039378,2
6560.650476276302,0.20260120928096514,0.2855831324039174,0.9196679559664181,2
1247.303338006979,0.14085103915876973,0.1916580503835576,1.0070616544266846,3
1506.5034011125579,0.14610098268740335,0.2008946924113843,1.0181586393124376,3
2243.7881131640493,0.1593864564513752,0.2231685728263983,1.0220331530580837,3
4516.099407434312,0.17871897299919512,0.2466026089852676,0.865632122245308,3
3290.280409618098,0.17199565094997527,0.24132849350644398,0.971204845066146,3
3308.921813303812,0.17022779213048128,0.23719443771806262,0.9395309151121074,3
3616.926110664683,0.166118169431229,0.22525934070436052,0.8271753053764768,3
400.49229495949214,,,0.9725060538432964,3
1679.4067880860923,0.1423680045656511,0.18823090801124634,0.8661459965352648,3
2234.696853243436,0.14622611092381707,0.19156850262061204,0.777954445221862,3
1683.7846873949234,0.13825421124620335,0.17822613240532523,0.7685919473583684,3
160.8162587612079,0.11341664655137723,0.13667672886331275,0.8149111939589434,5
1448.2649890780212,0.13940574276484774,0.18436188546875204,0.8824516922319569,3
3880.615656301999,0.17866880104156732,0.2515130147738092,0.9559656441351297,2
3698.5966087006177,0.1714791935283756,0.23683645647943197,0.886187678795085,3
-1761.1390933197265,,,0.6950012734688908,9
1924.5086368204481,0.14511550511379032,0.19201555366889805,0.8431705590544558,3
282.34077785143785,0.11665414478757162,0.14432441863646092,0.8892353993627604,5
2248.123383745316,0.1481622216905635,0.1960894324962283,0.8095524323592386,3
3173.309668973752,0.16357581181600833,0.222771355957957,0.8699512146502398,3
5307.639274614027,0.18532058449800393,0.2561587337131641,0.8487693838327418,3
1436.2553178756696,0.1401938670307573,0.1866585696514449,0.9068154273661451,3
3030.2128567157465,0.16565133717849678,0.2290458204533934,0.9284251980202539,3
3559.92410901384,0.16081178407021068,0.21394625144639576,0.7620090965722107,3
1430.5334859428954,0.14465993634230476,0.1985942105660797,1.016696919845391,3
4824.5755045437945,0.17860222501112732,0.24504285354978494,0.8192540955049187,3
3099.9523024989253,0.16713287882557779,0.23184523109266594,0.9364947799895372,3
2114.1845746320264,0.15712327686205757,0.21924154174266736,1.0220331530580837,3
2736.0762073344017,0.16671171533325835,0.23553556167425996,1.0040969395677732,2
5777.742544164245,0.19192818122892277,0.26702666825403865,0.8804604262596226,2
420.24429194226343,0.11936805306913811,0.14874173792013612,0.8636705927521324,5
791.5541363402447,0.1249928332303171,0.15650799639424806,0.7898143406688128,5
2487.479733128187,0.1500586768045651,0.19865057758233884,0.782329476269359,3
3867.249049221489,0.18328611160104635,0.2622101464708975,1.0220331530580837,2
501.10977790879855,0.12047572204764948,0.14969820151236496,0.8309320542821301,5
706.6067903706576,0.12352648111509554,0.15396403953309348,0.7910825892634282,5
3729.135958975331,0.1690616633921309,0.23104336720716678,0.8495861621537603,3
1605.2269546788166,0.13905309833853616,0.180901547447138,0.8165243397887082,3
9593.980178699958,0.23565898723327344,0.34014445209613764,1.0220331530580837,1
905.8283204752814,0.13305539616558232,0.1776232938351313,0.9857895109193565,3
2217.470572391174,0.14327009335270308,0.18512980660434558,0.7235371913133711,4
2275.632694678942,0.1539949565260031,0.20966546770578132,0.9110134807512027,3
2561.2461429436903,0.1427177137959916,0.18145047028538097,0.6417276430948836,5
1687.6763263095424,0.14963190949620192,0.20709459432182487,1.0220331530580837,3
652.9829112541871,0.1208477807772397,0.14729230042157732,0.7037832435348448,6
1585.2197546068228,0.14466002100289194,0.19560084900585933,0.9542229225806684,3
1571.8563007789232,0.13691686240863418,0.1761255127570621,0.7763919572318306,3
2917.6397460386497,0.163292207646191,0.22485623733809917,0.913014779193542,3
3701.0647444900114,0.16954430189725828,0.23221269406749342,0.861955451638942,3
673.7806900003022,0.12326859155691638,0.1539602245346032,0.8059506132638861,5
359.70749160551935,0.11922577913192073,0.15073953078099298,0.9330102710034095,3
1721.3625048987078,0.13949433730849709,0.1809425513009046,0.7830868696862793,3
2821.188236517314,0.16202047067454262,0.22324132543872113,0.9092507005552375,3
2596.505554753667,0.15536432342541961,0.20947912118353995,0.854461579575364,3
1337.9506380321045,0.1427080570654653,0.19492233170531104,1.0105959310336403,3
-116.8635631630813,0.10693924098013668,0.12668984033662128,0.8943546807112148,5
2887.4785793147057,0.15186117380117142,0.19936380966319117,0.7339953191633163,4
3374.1817646045065,0.16150595968438206,0.21734072869185184,0.794842294760031,3
803.1600762237744,0.12481288752887851,0.15580206303911842,0.7737757816207353,5
2182.27906615803,0.1503797292662057,0.20200750910298668,0.8695136696097959,3
798.94111630271,0.12281334513472758,0.15028447836466513,0.6927852727171839,6
5381.954682236873,0.1856601543696343,0.2567646131301444,0.8413578791615466,3
1439.5012283240967,0.14234036362595365,0.19212402567791287,0.9608444577682822,3
2044.606915177107,0.1438514029610815,0.1881679174237434,0.7771853031185936,3
3130.14903393312,0.15664895395448183,0.20781982304451957,0.7698800777012333,3
-553.0535989694874,,,0.8021180233585262,7
3474.593214334641,0.17103935446848484,0.23694245878978112,0.9268662514112618,3
3388.7366446615033,0.16451182654964217,0.22338753359981642,0.8421788694536955,3
1292.772167592991,0.1308246325700566,0.16447767979789202,0.720779344307032,6
2182.8268960396335,0.1477203798598566,0.19559641234900482,0.8193747345670181,3
3775.0105576050178,0.18161446609174164,0.25862300848602904,1.0220331530580837,2
2189.1057687060384,0.1550272761112865,0.213134474860999,0.9566383779368016,3
2693.3865879258806,0.16299362016125096,0.22621218550993943,0.9628866284851997,3
-478.2849773757831,,,0.9144538157436337,6
2596.3656141967867,0.16505944385362456,0.23241649490482819,1.0220331530580837,3
1570.7451171514847,0.13279880418231185,0.16650083281183475,0.6723087442843948,6
5058.150989428088,0.19420129080499463,0.2765156452151132,0.9903701831621102,2
2345.0130602628833,0.15880147751267945,0.2204196639097063,0.9803908249536316,3
4098.465830177003,0.18573074221649225,0.26517515548257503,1.0220331530580837,2
2854.157693106118,0.1539711269438158,0.20414905711149917,0.7759580597002464,3
1673.2335883383769,0.14324093390368953,0.19060401634924348,0.8872436275091209,3
3147.300547813634,0.16655436324163025,0.22984931890277951,0.9201405540481769,3
497.90089877496933,,,0.9133495985111881,3
1027.0146542004034,0.12951371682493126,0.164856659990619,0.8068242921490002,3
350.29977260974135,0.11877463805967639,0.14943935096271166,0.9229895909025652,4
630.5496184140261,0.1270171764213956,0.16714305731256904,0.9820562773274125,3
3934.6773565628882,0.18371707434353093,0.26206778111700246,1.0220331530580837,2
4410.301513901896,0.18923796222479725,0.2701801497638372,1.0220331530580837,2
607.9183066875818,0.122839936300079,0.15447540878521981,0.8429048087588898,5
2739.9187155343657,0.15210300003682278,0.20073625971963344,0.7690806681946373,3
1096.5724413810813,0.12772142591011293,0.15896628700011206,0.71350235790949,6
4363.752637117367,0.18864194426660102,0.2691617820579268,1.0220331530580837,2
4816.040120290279,0.17653706153942042,0.23995738468547642,0.8031654374002037,3
3539.208543739183,0.17391202455164606,0.24311695191754554,0.9548063038449669,3
2160.6997267743122,0.13545988479227164,0.1682812078637653,0.5817928164704067,6
6717.1783003296905,0.18564713363193733,0.25053746205303473,0.7217659746460751,3
-972.1221191339105,0.09117541578125382,0.09394542531426855,0.6903047536937723,8
1816.8659393385906,0.14093615452529784,0.1835274679051509,0.7829406970243714,3
425.611631748125,0.11897087286006355,0.14699803801995592,0.8304221469666401,5
1347.639830072263,0.13921201038738223,0.18518647662858714,0.9268207171235925,3
-442.65952721057334,,,0.8989410305776858,6
2514.9920268386936,0.1612985806147663,0.22418259838050295,0.9798634664167585,3
295.4846671793231,0.11605879622602518,0.14119531447358902,0.8034684652489439,5
2013.6412160267155,0.13970549226614823,0.17856465916956954,0.7041153118018137,5
4010.016812171326,0.17788201825624134,0.24897233229021373,0.9209001609508856,2
1985.3963916182283,0.15231113925574397,0.20909310585957427,0.9692546394699617,3
4310.728392800097,0.18846101780009125,0.2697298468880036,1.0220331530580837,2
2987.382834171385,0.1599913475049107,0.21659872713680675,0.8465266606439643,3
860.9303820653997,0.12487317731352053,0.1549972885621173,0.7375258087075798,6
1747.4601690926165,0.1376712902723739,0.17639739724018005,0.732375019595418,5
-485.4690227161185,0.10053202150456855,0.11169525182140208,0.7222830558417412,7
1084.9226819627859,0.13114686894296032,0.16837729777726057,0.8265344547933232,3
2286.9078973211545,0.1518431260196849,0.20465398363812715,0.8650368615871558,3
2571.3962030577495,0.14811928041644942,0.19343101395970738,0.7320751796442818,4
4007.9845152792063,0.1849368467029308,0.26455801565934967,1.0220331530580837,2
3159.606593919964,0.16790035474996334,0.23342877852846874,0.9317987142417207,3
-730.3704109652632,0.09630779492226793,0.10355272029682967,0.6894400859612942,7
2664.675309682203,0.16607067950335475,0.23428980940188926,1.0182526031655654,3
3174.792157877616,0.1648403887667883,0.22642651310270598,0.8802647094157436,3
2313.2430946146796,0.14865851802469487,0.19666799577389615,0.8019227207066559,3
2976.695347455832,0.16125285766747768,0.2198071843806247,0.8659444249289628,3
-1338.7736548351145,,,0.7458168635715813,9
1266.6928901604751,0.1300368034196254,0.1629081869821676,0.7075466658663149,6
814.9568349578205,0.126204238947139,0.15973106453930092,0.8191322309422007,4
-532.7667031924708,0.09959035404231145,0.10990829369911811,0.7211085986445002,7
2821.883971709273,0.16703972021750818,0.23450919284987332,0.9976605566176078,3
3960.2330797602585,0.1750208601501072,0.2424853736694786,0.8955643002486475,3
147.92826651848415,0.11220900428443203,0.13090115702834734,0.6255753364444273,7
-593.9220100821069,0.09952068062739275,0.10929034647851954,0.667399135397507,7
3010.9296680599978,0.17116147085671407,0.24195697299073804,1.0220331530580837,2
3418.4188545921097,0.1674144274637911,0.22983031300427686,0.877595048622788,3
721.6454796715597,0.12536578595645553,0.1591832209374843,0.8594976426229629,3
3053.2184482777366,0.1596367747807563,0.21540179690528025,0.8264049694318328,3
1369.8821325673332,0.1324426530954952,0.1677630889207649,0.7329170696088046,5
-58.820013651681904,0.10900068301584727,0.12633466881161437,0.6771658753509898,7
4854.282357514418,0.18316896018613993,0.25464090702953396,0.871451546172158,3
1900.2909973939638,0.14037635511454027,0.18113480846641322,0.7486866351031566,4
1708.0480428797723,0.140020666683995,0.18232188404872435,0.8000314810185318,3
2477.4211841366077,0.15532232314635624,0.21089423240373437,0.8786238166925671,3
2128.6528436904387,0.15738157363512073,0.2196990742591879,1.0220331530580837,3
2512.2927502828147,0.1486856907575203,0.19470464267233184,0.7596153775421988,3
3171.4862962102684,0.15964836956000006,0.21448134977272276,0.8048624635519706,3
1053.9457941353849,0.13070529194119446,0.16771629647901137,0.8295273141886603,3
2893.3120577437735,0.16838892129217126,0.23667937415011692,1.0050331012357476,3
-532.5283784239077,0.10071843140303828,0.11139974489087764,0.6658865505719427,7
1033.70070661877,0.13117486007186016,0.16928409453212223,0.8575268292098087,3
-449.1817552204662,,,0.9342999947237105,6
2617.3841335669463,0.1653788482481105,0.2329160843873979,1.0220331530580837,3
385.9304284787013,0.11773528829435241,0.1439760055816805,0.7967591152221734,5
1429.1357526239083,0.1355518082390518,0.17467976512671163,0.7934444777890965,3
1613.8055719481035,0.14433742438686747,0.19433573256610548,0.9346946998395331,3
3464.7113891966123,0.16386646483870212,0.2212656464829706,0.8210885888426451,3
1163.1837806885947,0.13164494244083474,0.1687032690693741,0.7978603976409772,3
1705.7427550886953,0.14251881710488307,0.18836362611364169,0.859034426727963,3
4699.36180243051,0.1886670263236738,0.2671592332124419,0.9664081753469649,2
4355.21467199822,0.1692917433623734,0.22744783263187857,0.7657139732330582,3
4165.078580230739,0.1682379491514439,0.22604385609047317,0.779092784785301,3
1221.9218246267865,0.1328490745087948,0.1706652827091602,0.8091006516340397,3
626.569700915508,0.12610494622340415,0.16426055503216044,0.9607163349516311,3
3492.211834788978,0.17804414527718113,0.253291342436205,1.0220331530580837,2
2361.9730676092317,0.15301295160516026,0.2066398534432665,0.8666933144793205,3
1412.1292492037198,0.13425366265018968,0.1714101342113281,0.7691288971778152,4
1225.1719739963987,0.13112166170658385,0.1661457939664615,0.7572900418334642,5
2104.7228119891597,0.14590710897127795,0.1919299940225756,0.8072109812140706,3
3143.7501971407623,0.16756036893311835,0.2325068147962156,0.9330531021707209,3
3630.955430759025,0.176990578513869,0.2495113086391939,0.9804263869847546,2
3059.0916389425834,0.16275277287240902,0.22202509380549598,0.8780994763323196,3
1798.701118625542,0.14499691513738075,0.19368466734667894,0.8769344872235518,3
-922.5653335453175,0.08983355150885475,0.09149533662002797,0.7502280213231176,8
3996.719748992575,0.1781913130125759,0.24890507441159573,0.9368831287654448,3
5521.51326473715,0.1937290331843542,0.27261457498825625,0.9260511109460982,2
1472.6900528996036,0.13099307619909267,0.16319351508700497,0.6570103526138141,6
-698.3411689234747,0.096515165642586,0.10406304802363595,0.7050208781053156,7
380.08660601280184,,,0.9561433026630485,3
1664.6428604707478,0.13558923445771145,0.1719892927558249,0.7132081148073423,5
4422.058609651168,0.18984438607749327,0.2719941351802846,1.0220331530580837,2
502.14794480115523,0.12220794571658189,0.15559538484703814,0.9258142036185318,3
1965.8795315957482,0.14946263944266325,0.20243252166837922,0.9161981108377266,3
1544.6356419896865,0.14106496401100235,0.1869754139555881,0.8855964359914527,3
4176.4024946587515,0.17072395116801997,0.23194496385804095,0.8032232077202449,3
1913.332966066915,0.14613810833134275,0.19506466602397265,0.8630669490953042,3
622.6214472797461,0.1223210202163955,0.15239995008341795,0.8037889222435238,5
3333.30365440678,0.16973753981892514,0.2359146040889755,0.9267244299572975,3
3237.271504728104,0.16193244550977398,0.21873439221271843,0.8313138179111499,3
3586.7899169100338,0.16844350838164246,0.2305208622958162,0.8663969474425024,3
2351.316082620925,0.16124047191315188,0.22641675518680138,1.0220331530580837,3
2407.0269217652612,0.1508126408020872,0.20075229671747372,0.8187486192902348,3
2921.409512090444,0.16069032383384185,0.21937012143662282,0.8643266618666182,3
5305.913129389155,0.19515442677311512,0.27710714243075923,0.9681101490745401,2
2504.7832020875508,0.1582439774076193,0.21691467748896692,0.9297134568727154,3
4827.073621898706,0.18690242974662402,0.26242233894299716,0.926527228701462,2
4899.98242477581,0.18622880600805738,0.2606694665893884,0.9065871061676054,2
-1261.8556562989202,,,0.6848120307307618,8
-0.4486701247775784,0.1099927571341141,0.12775013884438524,0.6537747729952592,7
2245.8085350903434,0.15926887306113716,0.2225823482491251,1.0220331530580837,3
-490.94484571694477,,,0.8181568891559231,6
4066.796712879836,0.16660481416874975,0.22354398322750052,0.7664008518952902,3
1222.1846190217286,0.13605302107735046,0.17898569551725813,0.9029338353758743,3
753.32994794919,0.12394026845627198,0.15449488999875036,0.7692883894022688,6
529.4174530464012,0.11881203452658157,0.14389609942827525,0.6949327326884399,6
3411.450856394747,0.17711404092387972,0.2521529732301133,1.0220331530580837,2
2405.4853216091915,0.15296502446553858,0.20562497361806886,0.8597759789577336,3
485.7936228489025,0.11765336552371086,0.14107464477110626,0.6661094024586983,6
3586.0918804005114,0.17932209784312367,0.2553629364938388,1.0220331530580837,2
4148.33120312206,0.17699507489705865,0.24575223064821333,0.8902755820581573,3
2696.526274856632,0.16135980533135805,0.22248429700157435,0.9327844530201223,3
1156.735427558046,0.13006694966784377,0.16444067776901644,0.7560696837396651,6
2038.1790817740405,0.14196148248393003,0.18375381666846805,0.7414621367261895,4
1737.3589331922046,0.1430714299762258,0.18966137046827503,0.8563444582201909,3
6124.366960065489,0.19448504703141226,0.2707874037689181,0.8720870337147704,2
4747.762453522049,0.19359200980343305,0.277779135772289,1.0220331530580837,2
3114.900171989962,0.15325720409728094,0.20075406362229842,0.7177908108750728,4
4675.290114566977,0.18516705185247712,0.26006371232942915,0.9204307932246528,2
1483.100703777992,0.14036136283511955,0.18611119848574165,0.8936587920840289,3
-485.5976245471922,0.09973432854008027,0.11062153547736672,0.7646166196582436,7
1523.414222156877,0.1393971695311848,0.18316060574106816,0.8521261465786282,3
592.8401470011613,0.12095507436988558,0.14885496122551564,0.7611729941094624,6
1594.1137713971661,0.13847391172239443,0.17976167746201108,0.8050634633466108,3
4503.654525633456,0.17789154556485307,0.24538575285041592,0.8513883255901501,3
2576.181596452218,0.15417969924328645,0.20692339279739827,0.8387700124195242,3
3317.187009709961,0.17593335624660544,0.2505141726684087,1.0220331530580837,2
1144.4111669556362,0.13438053976478842,0.17599625774819289,0.8944918108746479,3
6762.867200390559,0.18881607564362643,0.2565392653466915,0.7526738070760679,3
3409.186023706049,0.17500336931825589,0.24704881323159497,0.9934742439901454,2
1834.237909467031,0.149647033321071,0.20448154072219044,0.9682953756058088,3
1739.5252136677318,0.14903025932944736,0.20438069922711297,0.9908329272284448,3
1214.898561504112,0.13433395090596606,0.17452712716403768,0.8574177415652235,3
2666.016456549756,0.14842655019065212,0.19328762178702164,0.7198511758337548,4
2918.4091825167134,0.1568254318830441,0.2098617876436037,0.8114283831194757,3
9139.794820138597,0.23182576713033998,0.3336591624080029,1.0220331530580837,1
1214.0954812516309,0.13241368155358946,0.16965719372637975,0.7999834418626123,3
4206.443873459197,0.18041137247410013,0.2524286682997626,0.9319611576201252,2
-650.7800210726314,0.09446849032601679,0.10091218624584145,0.8157312909733202,6
362.2477265278716,0.11852273431295549,0.14792945940534993,0.8945569379892335,4
4857.460146067432,0.19172384467728998,0.27233076243137483,0.9881776088902593,2
3250.5837484748154,0.16580938893102934,0.2275834295418463,0.8848379780799237,3
-708.3624919645689,,,0.8745429464059942,7
3597.2648026744264,0.1666488517611469,0.2264610026591981,0.8390903908283323,3
6964.365112443677,0.21191567307905645,0.30245000160066404,0.9917184400263618,2
1298.3517934838235,0.14191330782450676,0.19359119275322884,1.0093588261784059,3
2954.0682956205596,0.15596762165041583,0.20767111505865615,0.7906908612039527,3
-1293.0942242974982,,,0.7500658477004895,8
5572.5329615588425,0.18415132408890714,0.25225915073533545,0.8076997870460126,3
2365.8402917935555,0.15794036026290992,0.21801700851428912,0.9593219440773425,3
-997.0125733869735,,,0.8815654815675812,8
2345.0459054158873,0.1579313449108667,0.21835832249562376,0.9638609316660434,3
2618.2766759844726,0.1507500393493502,0.19845871824181818,0.7733589029743883,3
5441.399101169931,0.19775931175581724,0.2818546761343897,0.9832912566880952,2
2614.9705552161818,0.15091937529705324,0.19913731707893023,0.7740472037239768,3
247.95781178061037,0.11509654990613857,0.1394229531520978,0.8012973388660019,5
-752.4642362544281,0.09436498862032751,0.10023082409197742,0.7366528517497724,8
1438.755612229233,0.13420388245667708,0.17118576301272698,0.7548787186104613,5
6256.525536816466,0.19048310893131196,0.2621826533541025,0.8119402455927258,3
4674.171478461891,0.19255379739206546,0.2758103294450849,1.0220331530580837,2
1074.68375379553,0.1303045448149532,0.16635050059230708,0.8043066140046442,3
806.6096824649409,0.12707753788699847,0.16231456054629242,0.8619801606548211,3
1992.0909926938593,0.15016865900925047,0.20374200918668073,0.9230229079694485,3
-871.5941199385869,0.0920966620777563,0.0958152008499383,0.723924521673465,8
1358.5125475775096,0.1382167386707806,0.18244604043757137,0.8947868410937833,3
3000.885185986865,0.1666759323776205,0.23237545668234819,0.9434292527634744,3
-1058.539606331914,0.08646928056105027,0.08482191522416542,0.7484696582455402,8
4737.910172873659,0.1859256645750066,0.2608018351220379,0.9271464227536621,2
3242.772467739888,0.16992726243443032,0.2369479958604643,0.9500623183334894,3
2905.9146671186804,0.1697829982269468,0.24010875130879866,1.0220331530580837,2
2854.225259373277,0.16674715180752175,0.23367790857919327,0.982620686959329,3
597.267628972341,0.1251645627191465,0.16226496189374306,0.9532559152778486,3
525.8259039091554,0.12048841748583075,0.14905219269185183,0.803078025463348,5
3398.247106336734,0.17619551209318166,0.25019911465497,1.0103667397099076,2
2895.8455192990778,0.16957514609730423,0.2396388776076492,1.0220331530580837,2
3756.932937555834,0.16884271177686974,0.23058783297819907,0.8396174384855554,3
2264.0398333262788,0.15617784428986856,0.21487328714865722,0.9573333995853142,3
2452.8392367527904,0.15474218071722134,0.20947111425375625,0.8780257298766223,3
3412.5803016067703,0.15737659665146567,0.2077504958859208,0.7320584007282049,4
4212.970681618799,0.17575144284273847,0.24231597379293815,0.8672976822731561,3
1872.597152900873,0.1382457865529432,0.1765459892138097,0.7091390110271776,5
3400.9162203357246,0.1676268500128572,0.23040007441522903,0.8844262164480766,3
2688.267486441988,0.1509154514033981,0.19836206830368613,0.7608411689000584,3
2388.5876277462735,0.15776964968254106,0.21769585279944295,0.9458068212137791,3
3866.487190736264,0.17169060508822437,0.2359753199150873,0.8629198721543853,3
1752.3269157805116,0.14958618836271861,0.20557705606443047,0.998260286245852,3
2481.276402238102,0.1608894682809478,0.22359994748985632,0.981798805339575,3
1154.9037866488598,0.13484738648339775,0.17694408862553251,0.9040203127074549,3
3564.922592494852,0.17901420954349306,0.2548217807263427,1.0220331530580837,2
1340.8558167284807,0.13661776245462537,0.17884763878428203,0.8567002868131652,3
2630.4457067939165,0.15946172322064747,0.21894348333626115,0.9139582822033844,3
427.0566439996039,0.11926106433838869,0.1480287412328835,0.8477258890100464,5
4160.634249609608,0.18636451650145325,0.2659202812035802,1.0220331530580837,2
1825.3847230781446,0.1414888185040582,0.1846188643050482,0.7940576028697389,3
1785.2882833975716,0.1363051107591673,0.1728109659263282,0.6907186771540459,5
700.1931500323448,0.12174200456588555,0.1490100441709729,0.7114348853442544,6
3911.246904315887,0.15799703977954777,0.2063660359161077,0.6710553454868261,4
990.9233060812699,0.1308072160507436,0.169119999238319,0.8708399368484547,3
3062.7028609311287,0.16578966594661326,0.22936587392723598,0.9203227550890478,3
-133.02145311984154,0.10704213304670704,0.12507693981806373,0.818224569871378,6
-603.3196899132387,,,0.8704728793872137,6
5516.784155112869,0.20192102741966667,0.2906327274173238,1.0220331530580837,2
5633.871522580956,0.18241680496694246,0.24843720723365553,0.7810948566798745,3
1397.22368629051,0.13931119374356066,0.18470599659631268,0.9052532990054692,3
2865.3569785429154,0.16939167545915557,0.23995062957546906,1.0220331530580837,2
4626.453505607849,0.18564980859810026,0.26080960425169897,0.9406376975828219,2
2233.632861368232,0.15290102683284212,0.2075185152883932,0.9023756990633637,3
1717.062777811463,0.14359097403093987,0.1912709901473136,0.8745784311166298,3
6683.35134613718,0.19881306385259453,0.27652965194538415,0.8731088474867705,2
2583.3558635418935,0.14765596192346495,0.19216533442922804,0.7232361293785255,4
5903.646333484232,0.20522821011181808,0.29470577496031186,1.0220331530580837,2
2788.6232124948538,0.1605368302452917,0.21987744479774846,0.8948881281732983,3
1868.9395173931273,0.15126901524181458,0.2079820839528111,0.9907413167998629,3
114.0995033753878,0.11211802213574631,0.13273455444850696,0.7347534307972138,6
1001.9462319032331,0.13339293584540426,0.1763229437063274,0.9476659859727419,3
2166.5564429745236,0.15274213240954854,0.20788807397038916,0.9192284777343614,3
1742.05465209981,0.13849874322031622,0.17812826799308826,0.7563023110968577,4
2121.775702062034,0.1423061683716242,0.1837498351564136,0.7277299667983667,4
1713.217899295805,0.13628547279186023,0.17330870517598673,0.7128216397545459,5
1602.1098955826487,0.14810307928482877,0.2047650644428359,1.0220331530580837,3
3126.2373911633445,0.16003663521914868,0.2157250898442726,0.8187596354963643,3
3713.7423627847547,0.16839588453522084,0.2296113163825794,0.843518772775156,3
2947.022025683985,0.16179961060634016,0.22118476173927773,0.8823335774037657,3
3685.30995838511,0.16991087583564876,0.23330578844761474,0.8679021641961028,3
-393.08465589736363,0.10227012673572064,0.11503580278185838,0.7317143300879205,7
2158.248803094166,0.1441767989426807,0.18754582910296452,0.7574791695151133,3
-771.6022691836962,0.09275411282765163,0.09728700031264453,0.7726534872787867,8
4112.22509395347,0.17310681637909514,0.23683591772132787,0.8510156699823885,3
9444.28300507805,0.1941640503164308,0.2588618014777239,0.637475484638048,4
428.8469860013911,0.12046803957064187,0.15228095363636385,0.9204080604876919,3
2769.0447127958864,0.167640810742887,0.23642846804978038,1.0220331530580837,3
3395.7865733786957,0.1693681846574691,0.2345472791421344,0.9091705423088741,3
2789.9405170819646,0.15890718098635268,0.21598897819130797,0.8689757728406508,3
3517.5303035451348,0.15840341130651725,0.2094095239863236,0.7299330051188856,4
4309.829891698309,0.18237513140456943,0.25613299591423117,0.9409927723089468,2
2923.5480948227787,0.1575783614054672,0.2119378190265706,0.8178069607401335,3
4564.177251220925,0.191159649914971,0.27340759139005966,1.0220331530580837,2
1054.8180003979955,0.12838856939924886,0.1615198227407746,0.7529509026811171,6
8216.717437462175,0.2105455081231412,0.29435150625577083,0.8676893958843938,2
1986.570959448071,0.1494005878581448,0.20175797898118622,0.9111216107218875,3
-102.61851947983519,0.10834617152627289,0.12470123545572277,0.649996637909331,7
-1292.3580580213031,0.07985049561289088,0.07127102206541172,0.7541652727796626,9
1552.248056405316,0.14654695766785153,0.2010733783292381,1.0127982200865,3
3788.213983168854,0.17242942860684712,0.23782554833414907,0.8895479196765854,3
-1312.9336803856252,0.08870539469498911,0.08918747763200374,0.5972368654195577,8
-1302.92191074404,0.08520177879131556,0.08253459370826025,0.6640544702931895,8
1606.7184854010231,0.13718716998191666,0.17646045042401964,0.7698407625375091,3
4726.32803927395,0.19292734217633553,0.2759925848426066,1.0220331530580837,2
1088.7503482876311,0.12816682902493998,0.16057669407564387,0.7269789276222507,6
3157.5384663221284,0.16944968093876014,0.2369104424615216,0.9574987854450294,3
-1193.4143273218922,,,0.7278580326011781,8
3320.384798331992,0.17244624530476357,0.24231282807522803,0.9692980190250458,2
2620.079628576821,0.15346384746608244,0.204738584329607,0.8180818504973102,3
-601.0807181372402,,,0.9004085564044194,6
3732.565334121738,0.1740935723868461,0.24201606944079682,0.9217350086733438,3
2800.719891183876,0.1550739825064738,0.2071999276276984,0.8029488399300762,3
4433.558542391766,0.1897459455570242,0.271411125575105,1.0220331530580837,2
1765.5501388752011,0.1332605118156607,0.1658313310460472,0.6284522213608336,6
4273.031992712953,0.18709351373217945,0.26680064073480025,1.0115201074073967,2
5134.377257550786,0.1972464239654073,0.2825704072289227,1.0194714252784467,2
4751.1508995723525,0.1763193644668718,0.2403747042029864,0.8026187364814034,3
581.0493172655296,0.12023292621051954,0.14701057080837932,0.7310828349789785,6
684.0935594150876,0.1258892351651412,0.16172670858904897,0.9166419308702449,3
2499.0118055707694,0.1634192317726047,0.22987389855807125,1.0178056041096972,3
2854.648303363768,0.16797316163829243,0.23708405013458111,0.9967814885839544,2
4328.837966985017,0.18788759764083812,0.2682461406180664,1.0119164323834533,2
1961.00113871485,0.145548672730456,0.1928119325537409,0.8390358051785073,3
2462.196733433775,0.15512025931948298,0.21005102725212052,0.8846539809820386,3
5173.923114952251,0.1816276257036407,0.248593060507119,0.8253288925720946,3
71.37755398054458,0.11157998538692485,0.13370336454645446,0.8324030927190217,5
2320.5291694137845,0.14749165649118373,0.19372552998211176,0.7805468856376752,3
806.0397584988411,0.12872296721625393,0.16714801753078065,0.9277763416482439,3
3319.1843253037696,0.1722670103297787,0.24150174127062202,0.9714086098793387,3
3927.3020595818202,0.17185574075310792,0.23579156165287712,0.8570680841833581,3
-963.8258519177177,,,0.8425280451965155,7
8678.776323311673,0.21176223667216618,0.29523173271518327,0.8455482620546677,2
3008.6154834177596,0.16759900057913912,0.23340359524590898,0.9678124722991424,3
3429.6214288438055,0.16267361488917237,0.21969386415476036,0.800701412596013,3
7154.4150197503795,0.21651022445548732,0.31139070037752403,1.0220331530580837,2
1342.2344165181555,0.13934788696651595,0.18576503503973077,0.9317386734900686,3
1693.0617068309602,0.1375248000355896,0.1764369670290762,0.7479474661919965,4
2441.9341919468898,0.16282003207907114,0.22926831389559083,1.0220331530580837,3
4537.217649560114,0.17073661808890392,0.23002081972736055,0.7562443236574773,3
1401.2466606106977,0.14398054603543645,0.19711391735181683,1.0130249545837067,3
3107.9084276742074,0.17250554357742662,0.24399370603168788,1.0220331530580837,2
3492.0251574575486,0.17798487149757425,0.2530798696392593,1.0220331530580837,2
858.0024345654717,0.12801733431551837,0.16381313420824883,0.8618193400479959,3
1592.1747047908746,0.13795541604713432,0.17870282039020818,0.7909661118908339,3
2376.6788541645856,0.14555359484538719,0.18891474773845407,0.731016005791186,4
4762.804136392893,0.1708686397881138,0.22846377604219015,0.7392207743807033,3
-26.08608110955788,0.10946860729968651,0.12880731054792707,0.776363414268046,6
1939.5511488796508,0.15219462503910114,0.20931634022563228,0.9842187832720163,3
3287.1502038349463,0.1731688783384016,0.24444835847498322,0.9854210626044257,2
3444.9730515767296,0.16141219653545708,0.2163939369957007,0.7845478815483228,3
621.3332845868864,0.12061871651790175,0.14722534019419983,0.717961070490186,6
3100.3634341316415,0.1716889024464763,0.24203070177791233,1.012075298780652,2
-222.01076094018214,0.10574083274241276,0.12130386324333814,0.7308722049868892,7
2350.87479816345,0.1613134175107916,0.22673414344535558,1.0220331530580837,3
1633.0565793019268,0.14005156659504797,0.1830736950905703,0.8294883099556902,3
1546.6589266205388,0.14129381416332765,0.18765107542640186,0.888852715371253,3
5863.445738467262,0.1945807964040796,0.27220148328597127,0.9014324364010518,2
4157.91314599078,0.17553782984468858,0.24224671627198407,0.8722015839995791,3
1262.1170556975135,0.13988918407267195,0.1887643497851969,0.9871695456467381,3
639.4345178530112,0.12301410315549227,0.15409745686411047,0.8229929180388424,5
4476.7841091075,0.1781395540778249,0.24511058409625547,0.868619302582437,3
1747.9098662406366,0.13912695262588393,0.1795808979137291,0.7685110351981562,3
-179.59444962748037,0.10676639745834113,0.12267516373940457,0.7011654465722066,7
1334.3638080313174,0.13661423830671998,0.17885799141440656,0.8606002939965692,3
5513.905465049367,0.19886750640362155,0.28424444158663387,0.9824201822932171,2
1852.6418873034447,0.15263086996583303,0.21203994820752997,1.0220331530580837,3
1873.1551532197288,0.13721344694004073,0.17380843965602255,0.6906569701532729,6
4284.959801859507,0.1639319774712022,0.21684780098185,0.7031331743819611,4
917.608763397949,0.1267028780670444,0.15896802226361617,0.7736863077810129,5
1855.4564973883996,0.1454995658419648,0.19418873962895308,0.8687183664564094,3
1909.4726080441835,0.14214819814005752,0.18540268852884761,0.7815470488871921,3
332.39990169377046,0.1159835250403376,0.13952405565687515,0.7298020817217221,6
-912.3018541707897,,,0.8864946176576749,7
3351.4974770186163,0.16599942552202268,0.22685784546483778,0.8723818134062652,3
6972.219005131563,0.21598343948508045,0.31222617657949747,1.0220331530580837,2
1011.2695436018213,0.131785928460431,0.17134326602899813,0.892000914130578,3
1789.1465895008948,0.1370813834742876,0.17469534800475237,0.7057070678217277,5
428.2889720821619,0.11796200251492342,0.14354762745824703,0.753253511216689,6
583.2518503105073,0.12262246444688574,0.15428078913610083,0.8596261432713418,4
1114.6255045435275,0.1380640135206705,0.18682956762859254,1.0019847080344269,3
315.57494068217704,,,0.936060347493451,3
5103.119135741048,0.18440044056951602,0.2551383648140473,0.8635585448095378,3
3442.6382938018082,0.16927772220633414,0.23361218973441286,0.9029131853650455,3
4682.350029280416,0.18068228256943264,0.24947493397303336,0.8720182638060526,3
2621.6035252657825,0.15548584992584438,0.2098749809691071,0.8467757831931991,3
2836.2744594202636,0.16375262542778732,0.2262342962152616,0.9439883604849568,3
1284.6880334935968,0.13635190385602983,0.17896075923308677,0.8769525296283078,3
1711.2531921012846,0.144250120394645,0.1927384327427717,0.8945498259825284,3
2542.6350817996467,0.16113128140104893,0.22373023796317282,0.9666600701233914,3
1925.9808331291244,0.13746916195068482,0.17444044194235178,0.6764856647840973,5
1531.2224979249665,0.1429527455348762,0.19205242562966302,0.9364561782082458,3
2356.716687450766,0.1612370678240041,0.22617831073985148,1.0220331530580837,3
-1397.2897448361523,0.08186447302487068,0.07593595077141804,0.6824855190942359,9
3064.892530960104,0.16985361874903904,0.23856702774501173,0.9862177456873591,3
2035.0773892571542,0.143225466667991,0.18634608987085816,0.7723295683389869,3
-104.85451694590706,,,0.9243079651752273,4
2518.7167472076717,0.15157897062881606,0.20124662825037382,0.8089196490625691,3
3289.638468282347,0.16600182992815463,0.2275457985102549,0.8819533471332135,3
6886.359129528049,0.1909739241152238,0.26075720486987836,0.7615472451102627,3
2159.519878954439,0.15169266802813583,0.20529316434185607,0.9026339706865779,3
2115.3447425763643,0.15395925643497324,0.21135039899563707,0.9602016522798913,3
396.66608764734997,0.11858979029766491,0.1466917175745039,0.8450668617314383,5
3310.818690467676,0.1693227950626351,0.23522477320693724,0.9242174433037074,3
1950.2731077712579,0.1542682260967922,0.21447997813484113,1.0220331530580837,3
583.7482570421477,,,0.941996090188357,3
633.1890033348283,0.11840774388438152,0.14080982093728384,0.586264394606099,6
815.4595178973177,0.1314127686975553,0.17508750620145294,0.9899565863947161,3
3924.494427869459,0.17122287668644282,0.2346002496542497,0.8469583793805707,3
2559.464995856532,0.1578614695908982,0.21569492452435954,0.906330449199164,3
1595.6093307360327,0.1333838524466955,0.16777355484464357,0.6774256089764352,6
1077.2113171992892,0.1372839949054651,0.18559960091697578,1.0012020246579436,3
700.7864873701395,0.12506172003977556,0.15880671430277293,0.8636918488146502,3
2551.1548946816733,0.1513323466241673,0.2005401823236753,0.7957864365548764,3
2810.596325178501,0.16074465100991808,0.21969937874673634,0.8982961331114294,3
4946.62553144967,0.19156501180304988,0.2712280937263132,0.9754081096516373,2
7649.780430926012,0.20766525839280808,0.2910293410684972,0.8787548771153635,2
2398.2881523134233,0.15594572315585536,0.2128018744537258,0.9148206214654057,3
3099.4726844505803,0.16596787962444068,0.22945899533224295,0.9151801030925177,3
1417.896337955739,0.1344545061916506,0.17209616989966883,0.7690060226612063,3
3805.6274135404947,0.1683542763010337,0.2289302537472394,0.8279771754664204,3
2674.407640948862,0.15395872442404657,0.20573001008378922,0.8109052100712965,3
3665.0353078840544,0.1672979162196498,0.22748647422486107,0.8364419018881497,3
2257.834993376953,0.1459777366995696,0.19093638997292145,0.7658721684232205,3
2286.511118881605,0.14440501319359106,0.1870682274950014,0.7298230968708157,4
362.80820181277403,0.11875863986033439,0.1488119369085326,0.9101402168525925,4
1305.5466314509872,0.13320816379750794,0.17043500211511853,0.781076333312155,3
2528.595015819571,0.16391678378586227,0.23036095636634857,1.0220331530580837,3
4408.801375329335,0.1891493014037224,0.2699054192642507,1.0220331530580837,2
446.0473584488856,0.11720113461519761,0.14044260079845122,0.6783760804255181,6
5725.416520452995,0.19496272311234866,0.2740347002258203,0.9178818801071223,2
5276.142957326724,0.18490239045895576,0.2556079321737343,0.8456049870682786,3
3900.7716680100893,0.18351210056689526,0.2621799895292497,1.0220331530580837,2
6879.416550199828,0.21498593015221562,0.3104613399027585,1.0220331530580837,2
2034.5481049724458,0.15302983614474214,0.21013553170050725,0.967979272771193,3
2847.9922517034224,0.1552897451712852,0.20696930003978198,0.8006251400899103,3
1961.0166921364075,0.15057194384517064,0.20512970868403493,0.9417261507801841,3
1845.2700249394038,0.1476943527121876,0.19981728175152969,0.9181944549819574,3
1280.4825648433236,0.13972881112622415,0.18802516421856127,0.9722666331896987,3
4767.81783787673,0.1712817093013655,0.2292546076063445,0.7441094969308143,3
1843.3765340775853,0.1408332450069793,0.18273652312745986,0.7757298503117246,3
7462.18193678683,0.21123869114017002,0.2987133499438643,0.9374648693868197,2
1088.9148920488208,0.1301440630981233,0.1653279316053159,0.7960183613867036,3
5336.322410035048,0.19018102853424357,0.2660069989578915,0.9066275352980385,2
2856.186734893373,0.16308310185622768,0.22539485470515508,0.9184205710945768,3
3526.5412576646922,0.1691676256695246,0.23306130549972298,0.8821464084971834,3
7.683368433895872,0.11016248190462652,0.13048252361168128,0.8005874532237642,5
3996.6465011290525,0.1824067238416319,0.2585908752720571,0.9925788565880993,2
879.3106600348876,0.12723419235881014,0.16123445708526563,0.8165296974077548,4
29.858259380254225,0.11044462762793048,0.1278678024342298,0.6175151444108055,7
6593.849957521526,0.19710314305875734,0.27422081504446394,0.8538551489177957,2
2085.002245264441,0.14901596102217815,0.19976948868643374,0.8716587424671067,3
7253.434149785936,0.20467558168274994,0.28602261095329595,0.8864121328530788,2
1117.2019829395913,0.13136360381186027,0.16816895698975712,0.8192988366114565,3
2846.0591348637486,0.1686620616148503,0.2377535541509133,1.0220331530580837,3
904.5011012091152,0.12438791014328676,0.1531809291820537,0.690383145582345,6
2875.277397031855,0.15344016477092745,0.2027801402586192,0.7635910387083817,3
5626.481999075702,0.19750586269155976,0.2800814251837438,0.9587503826658038,2
1804.411119454805,0.1447125622002205,0.1926191238577304,0.8721678706418322,3
5201.475394107439,0.19227807315000972,0.27145201635794375,0.9471213985892543,2
4857.076013861922,0.18025388848272994,0.2479609186513699,0.8400871416000819,3
361.2268002730963,0.11816174237592351,0.1465615332377638,0.8685363242367474,5
3885.176769864479,0.1707094088482336,0.2335201347221301,0.8484319083074887,3
5378.471388576212,0.19927018216194484,0.28539179387953484,1.011675905298692,2
4895.652572432376,0.18821002210579538,0.26452015164068143,0.9371230721664949,2
5623.939044111589,0.17901115401691642,0.24125417562026996,0.7461677359114182,3
1726.5336004028065,0.14668395197886638,0.1985869560936408,0.9440029773012819,3
1324.552579842294,0.14242005347750825,0.19434162418001505,1.0097352732416816,3
3421.7518646847943,0.16877900218269135,0.23308408142147533,0.894698494376528,3
2424.7126509379004,0.1403524712652598,0.1771614181952828,0.625023828329626,6
2430.4142214954927,0.14883841449045584,0.1959800300273855,0.7778670767012109,3
3560.485441142833,0.17411899624148647,0.2436948025078891,0.9506813543593544,3
2404.2637060154334,0.15419538141268285,0.20853292472747856,0.8822564546007652,3
917.2516269150544,0.12730887075103964,0.16061522102008896,0.7964929021434206,5
2324.843993164666,0.16082091527405284,0.22576455715461635,1.0220331530580837,3
3072.5594567543003,0.1697695073081377,0.23786775937114735,0.9875694161024529,3
5231.45673565469,0.1831753233404015,0.25236120419103836,0.8285108785986527,3
290.8141166641701,0.11498036863195013,0.13714251427409185,0.7007634681402978,6
4194.5685505396505,0.18049105844847876,0.2529831532810931,0.9316002209996777,2
118.55869053308851,0.11208241956237544,0.132229061176804,0.7034635744753677,6
4955.509538428782,0.19182368069141376,0.2720777350612481,0.9736032045854351,2
6759.1004252681705,0.2134630729888159,0.30748242370173096,1.0220331530580837,2
6838.46820391507,0.1936502266960815,0.26671549340608175,0.7893935655778661,3
2704.1447231230763,0.15421363796895093,0.20575297486411726,0.8121968019915482,3
2488.0069679299368,0.15017139089413833,0.19837394015394244,0.7902368653800913,3
1621.467239454422,0.13852184495854095,0.17970509970564308,0.7945721929279405,3
2835.952302862828,0.1584781812090114,0.21451453051940916,0.8528242785128183,3
1347.1293631578085,0.1385993959325788,0.18380100719368783,0.9083526238271039,3
3545.801115893352,0.17099910659271697,0.2371682428936766,0.9035169792697255,3
3416.0057270182924,0.171497414530495,0.2394328222504555,0.9343533876484642,3
3789.9942909376455,0.17503527544113237,0.24354628798864722,0.9265363111556824,3
2129.008534726693,0.15734830318306198,0.21953817482790328,1.0220331530580837,3
2967.5224514208144,0.17059646336256262,0.2412056564269733,1.0220331530580837,2
3747.910814847796,0.17248916446560544,0.23833247075963299,0.8963020912281155,3
6327.192826117163,0.20913836295749205,0.3003866481551086,1.0220331530580837,2
-280.28026238266057,,,0.9421383794785817,4
1002.1172847524351,0.13245459598274462,0.17355845989768573,0.9180005907018577,3
554.2131318508224,0.12263992406969922,0.15523958578996827,0.8919096677241884,3
1741.4461211753005,0.145729144274992,0.19612225764794855,0.9153150095926316,3
4765.5094073354485,0.19366068602430458,0.2776514967703406,1.0220331530580837,2
1411.8433262425074,0.1318963353451182,0.16575435538252348,0.7049051103768419,6
1593.242406080442,0.14768617195122716,0.20329748282165389,1.019295149726173,3
6819.329738326636,0.21119413727283246,0.3029835369794455,0.9823435355060564,2
2042.807979710725,0.15600625306024088,0.21768525320658225,1.0220331530580837,3
341.4836836478148,0.11615028072747013,0.13984903941000087,0.730357550162128,6
1137.9346738148517,0.13194241664596126,0.16941766707495848,0.8258388954882261,3
863.119198395095,0.1301888767808123,0.1702543842227897,0.9360347171505148,3
1656.9084678822542,0.14588960323235373,0.19830120172227908,0.9453075792578982,3
1398.4002424910702,0.13735260969315283,0.17958146434684752,0.8542769827969002,3
3787.544313729804,0.18169465425398812,0.2585841278450971,1.0220331530580837,2
4620.603345110682,0.1775234621170967,0.24397342882948575,0.8305557155027743,3
3214.0303183276346,0.16929060382917666,0.23577039954543583,0.9459680616739786,3
-564.3301808311008,,,0.8145607772332796,6
1034.01441400635,0.1300372936283566,0.1662863724948693,0.8184377811264175,3
4863.897644237796,0.1891314611402777,0.26682767121092177,0.9519420455089151,2
273.4876558106784,,,0.9670376197524678,3
4519.816084918485,0.18235068829271767,0.2548916659397946,0.9068291491467421,2
845.7272594808376,0.13211888997539067,0.176418015535819,0.99149906701491,3
1872.2837032517893,0.14572575763313586,0.19466382282844275,0.8664372370172405,3
1189.1598555604198,0.13568241169405157,0.17873406713024448,0.9080673875082379,3
5730.427776203733,0.19801936694402694,0.2806996186896868,0.9511937864093367,2
10973.903295995036,0.243964597469494,0.35113942883908744,1.0220331530580837,1
-1482.7674676011413,,,0.7419249145641381,9
5039.74966004938,0.18915428293748848,0.26533409976545963,0.93347487808862,2
-2797.203446110079,,,0.6301320552148177,10
2263.2171224442286,0.1516586994615864,0.2041377199104318,0.8717549680494491,3
1514.659464256632,0.13851958804107206,0.18106877042755515,0.8339521437902035,3
1687.4774618292022,0.14288840608678582,0.1897601245542319,0.8712324536492773,3
1551.698097021887,0.13920769912820108,0.1824073569354368,0.8351225559075862,3
2951.7915257756663,0.15353543799074035,0.20235278782201938,0.7517638934490206,3
220.10758479922907,0.11416462018287349,0.13677622504073955,0.7505504296083155,6
4403.712482413877,0.18930969091507,0.27057439015552526,1.0220331530580837,2
1354.7590135847274,0.13385623042022418,0.17149993247548992,0.7771465121018121,3
-913.7844589779656,,,0.8124125009284054,7
5332.682981101039,0.1872268675042506,0.2597624264726618,0.8716374960237188,3
1104.6820741558015,0.12718787630610678,0.15772384168249115,0.6892757443895582,6
3589.065171295566,0.15625387277714256,0.20476907997599486,0.6854058710182673,4
3598.642330624113,0.16211008328436943,0.21676128155177143,0.7718228478669895,3
1588.6537511265403,0.14445121607732297,0.19522604665289692,0.9452914456904021,3
4043.7061900010085,0.1848503126331707,0.2633947840582551,1.0220331530580837,2
858.7678809689705,0.1261018870447061,0.15834722062154477,0.7882241559709734,5
4851.222107327764,0.17114534012257537,0.22944050608748515,0.7241972728656911,3
2457.80172069493,0.16279882936378276,0.22855579395836684,1.0220331530580837,3
1261.819273330696,0.1314865092900618,0.1665450148713717,0.7524369965069845,6
2751.9927493131663,0.16087336636937827,0.22110511620339823,0.9078504887087896,3
2451.752604076886,0.16269245561998108,0.22835875716191367,1.0220331530580837,3
4464.270368628915,0.17501210977407028,0.23940113998323798,0.8203106156208767,3
1651.3211056110713,0.13788077303970578,0.1776281645663403,0.7713053955519359,3
1774.5771558857691,0.1465378746256647,0.19775362028885868,0.9201965990628366,3
3171.8095595758864,0.17353458272427819,0.24647318434326743,1.0157963632992943,2
-605.1237126235185,0.09880688795146854,0.10818667429794009,0.6893201348469578,7
1237.8846098629213,0.13860430560489478,0.18597382333355197,0.9619935134674671,3
961.6766302780088,0.12669689288395602,0.15844508310856326,0.7447677355161982,6
5876.5392830144165,0.20535164520779284,0.29553415580558073,1.0220331530580837,2
2384.4619842047277,0.15096698254737934,0.20137734904565155,0.8264652099330555,3
3270.732719810401,0.16225459374154527,0.2192309694415599,0.8297691484691011,3
-971.8154398633945,,,0.7751994017891766,8
1555.3046072462612,0.1340682630546326,0.1695161576199098,0.7107927203566518,6
1651.8845153710527,0.14706950058443913,0.20079717493063073,0.9817205439879567,3
723.1375754114462,0.12442767481152264,0.15652771422246592,0.81443128654374,5
1754.3222679150522,0.15075565641018335,0.20866091895004504,1.0220331530580837,3
3618.618038318796,0.1796598732418716,0.25570870322007966,1.0220331530580837,2
-814.5799002228154,,,0.8770085941731944,7
4165.390867391623,0.17180402365620467,0.2335633004357078,0.8272382240436763,3
624.9921770950818,0.12020419564623808,0.14594545773052242,0.692727729303336,6
1229.3743576623447,0.12840887586744432,0.15923179264646029,0.6752926464580481,6
-417.53934697148424,,,0.8852846644667262,6
213.53031508637503,0.1146949974102427,0.13957538844988449,0.8393465778345869,5
3187.7101088076015,0.15720922903010429,0.2087191957027244,0.7676836733650492,3
5337.9860736467945,0.180178445382171,0.24506170442364236,0.78701314694302,3
2571.1978923564457,0.15755876322155024,0.21496397233240713,0.8970597528133744,3
-290.9018527454595,0.10281762040012837,0.11778015679228707,0.8605477654886641,6
1649.3816958647867,0.14303428585553776,0.1905767586438742,0.8896462028806967,3
3411.41240112689,0.1687864543732758,0.23271091243805134,0.9019606395665501,3
3538.5698799444626,0.17160762472649366,0.23812790413103357,0.918917171691175,3
3295.7441203471376,0.16674122893555254,0.22926462638934025,0.8908274219364049,3
-689.5105037271451,,,0.8743211575635491,7
2733.8407782622166,0.16725410398921675,0.23615262463135875,1.0220331530580837,2
198.25392739590652,0.1139253640157222,0.13676849120674892,0.7763762727091443,6
-181.117164653555,0.10597346905951785,0.12299575820852626,0.8149464838148882,6
1044.0664108606006,0.12589428524470356,0.155214116336174,0.6736262324010611,6
2613.527858318993,0.15453545372620284,0.2077957069122931,0.8318615385534709,3
-312.7445242075535,,,0.8912795490766658,6
3521.326052978032,0.17406613070725147,0.24399740571316209,0.9563265966507478,3
4265.58301889934,0.17662219626508885,0.24394822985996145,0.8702384724674432,3
2086.1243431451862,0.14588838655226943,0.19217770590039435,0.8107793997401281,3
1295.6130063128726,0.13757220736624734,0.18188839790200292,0.9065607232050747,3
2668.0724058796454,0.1664901317305521,0.23547662505297928,1.0220331530580837,2
4015.092490590148,0.18097189894224366,0.25503557822448786,0.9715181718271501,2
809.4781661534995,0.1274835013612574,0.16358614996242982,0.8738205442151001,3
2866.962926072891,0.15486140538287152,0.20586984229594243,0.7897834685331125,3
3616.475768599855,0.17978804371996385,0.25622771521484533,1.0220331530580837,2
2217.443715428763,0.14954082362191917,0.19960622701219105,0.8441134008058536,3
-279.7305057702712,0.10330165781260803,0.11848208667361179,0.8493248974073089,6
1316.2419006333637,0.1389485329541458,0.18522131230547534,0.9331997191027366,3
4640.906086092331,0.18665010948425337,0.2629386620672448,0.9510509539968522,2
553.4675588662642,0.12411762354686293,0.16020133622587313,0.9500722675672739,3
2487.8013001335844,0.1539519050509625,0.20693635194147653,0.8589284700508419,3
3853.3440944542585,0.16304112812467794,0.21715215550302674,0.7481802441168783,3
1136.6119492427372,0.12922452476668703,0.16244143020958302,0.7407837158696815,6
6198.369644984139,0.20846859832363407,0.3002529507226427,1.0220331530580837,2
-622.0667580256961,,,0.8647400148878106,6
4706.10180037614,0.19321495082267579,0.2773651742456422,1.0220331530580837,2
4715.7714042634725,0.1803354995328846,0.24858698815442043,0.8627394436977045,3
5103.87980573142,0.1800761730086379,0.24653825446075645,0.8057131782982799,3
4014.947810615381,0.16148731201465127,0.2132463756483048,0.7030752756553721,4
2688.1342566084677,0.1667908891193292,0.23594365294266023,1.0220331530580837,2
1962.4924684324792,0.15443045607680692,0.21477661974095102,1.0201724074218046,3
1238.7002877832265,0.1348624789075985,0.1757156805742852,0.8585280710064918,3
4438.08722325136,0.18966809315261346,0.27104572347525396,1.0220331530580837,2
981.5406195846249,0.13019524004203048,0.16765802997633728,0.8551602075903948,3
3984.132691736402,0.1683501373221588,0.2276256244284014,0.8028582505273338,3
4685.365853178879,0.19252103119124514,0.2754691238107626,1.0220331530580837,2
2537.2731383522582,0.15486071986251776,0.20885792340995976,0.8599176062699312,3
818.4731274251632,0.13147804263862783,0.1752084982264933,0.9899483255487864,3
51.11740301099715,0.11093580018718971,0.13048359217027614,0.7225877805303615,7
3605.7817601912207,0.16792319042478998,0.22966130216445885,0.851047613321542,3
2444.777986650824,0.1592477901773236,0.2204860050100251,0.9581530200385591,3
3803.496912644012,0.18198425374102953,0.2592129127082444,1.0220331530580837,2
817.5129255976593,0.1264657770793747,0.1603002644460503,0.8295783608234012,3
3412.7017624505816,0.15679172321206356,0.20641562387299928,0.7243593141286407,4
1278.0415367413248,0.13974357227471046,0.18791566009640526,0.9759477762978794,3
1515.835918276207,0.14254866268256594,0.19139212607351508,0.9316421512343135,3
2605.6987290838956,0.16248151584113663,0.22626014159468472,0.9733057117970688,3
863.1729833118955,0.12410819757960781,0.1529597285863929,0.7045995095614237,6
6451.1556791605435,0.21053640676909707,0.3028881722137157,1.0220331530580837,2
913.6195670687249,0.12553598548938685,0.15592445654292536,0.7317328428864717,6
3797.919489694525,0.17508331312483275,0.24380616437665595,0.923532750241026,3
-484.9595939061119,,,0.8675380648832387,6
254.30298863274604,0.1162930753827823,0.14440219177267866,0.9093946345882736,4
1313.3042766818141,0.13565957816281302,0.17647789636976083,0.8471302038522853,3
3818.652237293401,0.17864484377550982,0.2516305624405505,0.9702660919666967,2
-541.9206466345171,0.09864333431696651,0.10849961070289284,0.7553829888865223,7
1060.6570472793046,0.12839955365698194,0.16140547212198725,0.7511001089985706,6
3486.443866997905,0.17696193210658753,0.2510008412082243,1.0053346954711708,2
2506.9933949538,0.15083389057381286,0.19970084787710218,0.7978759662676865,3
4574.585531541224,0.18366993032213944,0.25697993581125056,0.920859681584853,2
2813.2033864922614,0.1591405413593748,0.2161322169704363,0.8697187131860783,3
2456.6602575801508,0.14516333657184077,0.1873513478200039,0.7075988974800683,4
3538.7260233233105,0.17457762153781006,0.24481351099166204,0.96272067567799,3
507.862358527963,0.11960986006597527,0.14674011573752072,0.7694543353364396,6
354.6766388692086,0.11744918937574766,0.14416845985033439,0.8217210685030012,5
753.3953676609655,0.12694104581287322,0.16308973848063035,0.9001509480575705,3
1205.0250041276333,0.13335932272675555,0.17226567323887138,0.8321078254724007,3
4695.653361693487,0.17909432217211355,0.24639704370310941,0.8460858741458145,3
4535.962284734237,0.19090148719415087,0.27313264934819026,1.0220331530580837,2
2949.242513480633,0.1661230360535228,0.2309289653650922,0.9536911414304656,3
-415.66703104131443,,,0.9328021369724475,6
5616.030076441033,0.19328986182317748,0.27108608131129597,0.9106195188377391,2
-1430.7349952849402,,,0.7256687099913873,9
4081.315574289542,0.16986962166338343,0.2304654858668073,0.8075901078774781,3
890.0449214304261,0.13311605587514355,0.17812264607018735,0.9928838006486331,3
1356.7510001592443,0.13882954898981556,0.18421885748321076,0.9102051430179674,3
-395.51584560886533,,,0.8478392458708718,6
3700.616596084032,0.16450720087823353,0.221357185099987,0.7893628827558271,3
887.177193582834,0.13129176997881592,0.17276939096009306,0.9569350337745222,3
2061.794874913049,0.15629208122718413,0.2180476750861999,1.0220331530580837,3
369.0272975310994,0.11851223001840483,0.1475647062110511,0.882965860106214,5
3756.7962710770566,0.1663995668061034,0.2249384884431493,0.8089477878531874,3
3723.2832549038285,0.16864298466598485,0.22987780069051952,0.84769425435864,3
7562.2605606414645,0.21725843141721268,0.3109542900914676,0.9915341370578369,2
-288.9650484114556,0.10489393937596109,0.1191328113076452,0.6852281834479621,7
3670.4022841520396,0.17112973714338298,0.23607296057416535,0.8882317648460798,3
-432.80578270356386,0.09933419645649336,0.11081780587646793,0.848005815700052,6
3261.8953156078305,0.17087400703849198,0.23890470391925195,0.9610956791093862,3
811.678445518432,0.1244038823209849,0.15455025659666716,0.7503107169708294,6
2305.743222161385,0.14876262179341215,0.1967173224893486,0.8086287928486225,3
2127.9935097941325,0.1480716225088146,0.19725076806917058,0.8382745312195266,3
3720.524675365909,0.1807454830369352,0.25691006856650345,1.0220331530580837,2
1474.0677698199163,0.13461469467811185,0.17183628994644093,0.7516225712896568,5
2945.8769602797656,0.15576524095131392,0.2073813302158669,0.7879480124119195,3
2418.9979383540035,0.14781688039302035,0.19392886829464262,0.7599919599005766,3
1700.2952664119223,0.1430281346000811,0.18979066647716536,0.871498740478625,3
2424.3391324364056,0.1548579005138891,0.21022602454067965,0.8852579688347292,3
1688.647954313566,0.14404851754170528,0.19252449529194568,0.8986481092857684,3
2506.915123519234,0.14186474423086112,0.1799388690895285,0.6367256153224972,5
3221.9629402249293,0.16937914766203904,0.2359505755823193,0.9451475069382723,3
5151.655510222194,0.19845165907208867,0.2859577073671973,1.0220331530580837,2
1887.12997680723,0.1483076813115986,0.20020234300500309,0.9230232216120925,3
7290.773410515073,0.21113630076233675,0.2999428295930557,0.9439151788246581,2
6327.38589702106,0.18365251829500268,0.24778527254638905,0.7343751287822372,3
3010.5720456193903,0.1714548991663833,0.24309883320602238,1.0220331530580837,2
2621.3335123072507,0.16099796953367335,0.22219336379275778,0.9476443262033024,3
2234.0297488587184,0.15029878814748376,0.2013191890004237,0.8529707761376749,3
2477.2368305541795,0.1470242579568549,0.19162094398288898,0.7335072855761368,4
1277.0116501400882,0.13311697878561976,0.1704572738346542,0.7927912981658183,3
393.8949396879551,0.11667623862049373,0.14022112078764626,0.6983609578705113,6
5084.890946231089,0.18204821428207651,0.2505120834321133,0.8346291743985513,3
438.6543664979468,0.12030178130735295,0.15127504320753365,0.9013604715526743,4
-559.4698294928927,,,0.7771400789110182,7
2366.179954031649,0.16155350445869773,0.22710299339742057,1.0220331530580837,3
1418.9458446618685,0.14440966285892504,0.19810311152832583,1.0157121239606288,3
3065.7115741535754,0.15563158481299985,0.20616891219069658,0.764117540809725,3
5598.487241524646,0.1885848576955141,0.2618893682414637,0.8505805991800256,2
3252.178522918005,0.157688835071167,0.2091901625000901,0.7654301751181116,3
1037.0426346010356,0.13532075020439158,0.18097383918357082,0.9801326089797627,3
695.0821436520397,0.12210820572272497,0.1502196985362389,0.7318157665385078,6
503.35948643125926,0.11997544877385738,0.14800954969341557,0.7975529974963811,5
3272.6684711627518,0.16569118445731879,0.22704214006080295,0.8798534708533242,3
4374.340944176675,0.17639737764038732,0.2428584647172102,0.8509639974003004,3
4911.843714792586,0.1798987699680765,0.24639301798233648,0.8344965631594593,3
2099.6789186877695,0.15553335902122856,0.2161908523663442,0.9876624934602887,3
2498.5031803353713,0.1581634452641083,0.21728695042584154,0.924543929741375,3
2137.3507014085167,0.14806976409372516,0.19708479047330918,0.8363451620649325,3
2938.4035066662354,0.16469178376228227,0.22800783020866222,0.9297514366954852,3
-164.70761587223356,,,0.9493797832935617,4
2921.4489008116493,0.1590431629979321,0.21537353744461146,0.8405984702735229,3
742.3584842553335,0.12388118187964212,0.1542403646037201,0.7792670087229899,5
445.0541415804545,0.11826604735224466,0.1440582014347456,0.754310194352527,6
379.0708052169038,0.1178428079753758,0.14476788843094257,0.8131170327471969,5
2467.9419514221768,0.14975891287303972,0.19815441330392788,0.7812033714159168,3
5006.765330826851,0.17530606449727199,0.23675696207319566,0.7629154862028954,3
5004.286861730659,0.18392659988458035,0.25500228085948035,0.8663133813818088,3
3956.48637264437,0.18398091668586858,0.26246158735411884,1.0220331530580837,2
4927.6578583806995,0.17313602397862266,0.23272262245409364,0.7447355280646373,3
2144.774333277626,0.15609651393833704,0.21619585075022774,0.9927343351722208,3
6619.388700866904,0.2121234235197335,0.3053473113061046,1.0220331530580837,2
884.1918785159853,0.13299619849894953,0.177976343163391,0.9930334318370316,3
-1897.9549739208128,0.07507668551043029,0.06309047622589789,0.6186610953705304,9
1313.9772460757583,0.13483893987740891,0.1744032226846684,0.8236303737419826,3
21.78641411985941,,,0.9519157168685423,4
3083.60496669358,0.1684919683700173,0.23489100470906127,0.9639860565483672,3
791.7991164619405,0.127143202161642,0.16284339154699415,0.8761173353347034,3
245.2818396734437,0.11513362142559345,0.13973852864819497,0.8119688691348257,5
948.754856182936,0.12915568163116406,0.16519120112498067,0.8424359221099138,3
4115.466701868774,0.1848740610709683,0.2639253403754993,0.9976509159898511,2
7362.924581938054,0.20144452770955473,0.2794827805413661,0.8379831674345765,2
4626.71788033456,0.1868590046633472,0.2636273506886937,0.954287341987186,2
-1378.436654306721,,,0.7565967577510891,9
967.0960627367687,0.1303301329058741,0.16829823704429148,0.8691511150456792,3
1986.7980662866864,0.15251229133573363,0.20944410964330018,0.9742863979564684,3
4052.312462165865,0.16875674759403408,0.22837351670605133,0.7954794002754735,3
2675.839595968658,0.15506162264009615,0.20814862760744288,0.8302644247019642,3
2059.839870364919,0.15198788124253046,0.20747486060499792,0.9362473718569122,3
1525.4376539352186,0.1368400216530063,0.17652716582779251,0.7909111554742665,3
937.7549183292206,0.12795843583317035,0.16241592726946702,0.8021712665302998,4
4332.824681103837,0.1668960394848909,0.22229071896690583,0.7403650845403521,3
2078.3528444111666,0.14484811620277477,0.18972878507393037,0.793123649175396,3
2561.017559987426,0.15773730594237348,0.21548808599545738,0.9026646335873831,3
-183.60922668711075,,,0.9478062798627449,4
1725.3459955786313,0.14265267975406465,0.18858734780060332,0.8534338258358547,3
5650.1516914105505,0.18675645337825705,0.25678794344348727,0.8350953736661906,3
4075.3140914214778,0.1741900019186687,0.23955535924542354,0.8697718691906637,3
444.21214097628234,,,0.9782759446116692,3
1960.879624377318,0.1436678022236265,0.18861944947129816,0.7966076990842825,3
679.7931690589453,0.12758477701536322,0.16726356610779478,0.9689000922555121,3
5604.3868797044015,0.18379770017209013,0.25179483854444695,0.7958393438862829,3
1903.6538222311024,0.13778582151853702,0.17524466329341518,0.6904217676265968,5
1069.9201877165463,0.13336969794700052,0.17450105562493265,0.9075876914210528,3
2852.4413713636764,0.1568077705936048,0.21041145726157995,0.8238683644397081,3
-1365.635917107282,,,0.8225283366608619,8
845.2137774111351,0.12653745460429489,0.15986321395357664,0.8138831689574477,5
868.3102835478527,0.1282639218346049,0.16432977627700893,0.8634329238212527,3
3963.300315274051,0.1784629655826393,0.25016240747863777,0.9417838346651898,2
509.3496711292481,0.12349640080783506,0.15979949617722014,0.9612918511555282,3
1974.1688245472817,0.1391662023071149,0.17782144315824555,0.7011580526186523,5
4088.577187085366,0.17171013107645192,0.23505186300662906,0.8238604114182929,3
305.7553787909501,0.11602218086300131,0.14064186461801004,0.7798693777183744,6
943.5184407938261,0.1286832688566392,0.1640280600448023,0.8284278296419177,3
1617.2980206822238,0.13721619693178586,0.17663572119163296,0.7641705473993382,3
4865.448743276957,0.19245412039563237,0.27416838819262923,0.9931025675729112,2
4003.346211237873,0.17319602768784542,0.2379980118035746,0.8658858851849656,3
967.7898688313744,0.12873859687888403,0.1636791850445662,0.8161763719906552,3
3128.0677367357466,0.15442304928037634,0.20342446213326187,0.7310082798219895,4
-1205.0977296133278,0.09041773644203205,0.09233009233130363,0.602548328768575,8
363.2809918088763,0.11768029342401862,0.1446284621546511,0.8274477164486972,5
1518.9086341805855,0.14374084151077116,0.19429303159668054,0.9609790739269221,3
2680.9523760929346,0.16622017727440835,0.23393810927736924,1.0220331530580837,3
3883.408458149911,0.1808726661765832,0.2557509941001628,0.9943334294473775,2
932.8468782000693,,,0.9692244653475108,3
1619.4703866096029,0.14829650306137418,0.2046953497003415,1.0220331530580837,3
3357.7933656350137,0.17201580296396063,0.2402719333003916,0.9629391592853527,3
5263.570184962187,0.18026911803863185,0.24594972639533808,0.7923909007566255,3
1275.3315874502878,0.13568863473965392,0.17703685821470574,0.866829728848769,3
1766.991771794263,0.14576967159264317,0.19574455502479393,0.908328387848779,3
3593.6103460926365,0.17926812020559735,0.2549628769869741,1.0220331530580837,2
1182.2029437885506,0.13037993560037653,0.16470795047171127,0.7562266498672493,6
1281.6821262394076,0.13411822751204455,0.17323172086234995,0.8154537192514151,3
4939.3886697325215,0.18429620972747215,0.25628201271938456,0.8776158417753342,3
565.3821400292117,0.12541133809409077,0.16420323454258326,0.9791945519200439,3
5064.656159308991,0.1900624713489379,0.2674302650822937,0.9383346736520208,2
174.72169636709938,,,0.8244182251149743,5
1448.1276081722344,0.13930866431855976,0.18415458954004865,0.8795390493003052,3
2305.4353885645655,0.15110954024039536,0.2021619417970215,0.8528018308324808,3
5324.312241151416,0.18095117046796078,0.24688490725093287,0.7958701681341651,3
2160.6950105878227,0.14945427330812897,0.20007969896432773,0.857254699379373,3
4776.320952219024,0.17619290573520635,0.23980239246593563,0.7998658492609412,3
2150.401294529401,0.15596907254312103,0.2160437856113276,0.9858413139400564,3
2073.098358310475,0.15644670233414218,0.2181975123730808,1.0220331530580837,3
2207.4765337360977,0.14814815527406616,0.1964989136831719,0.8193964513261436,3
3557.380279415158,0.163614979666545,0.22062473669247992,0.7962087061921684,3
1049.9196423737467,0.1301512869542421,0.16622142719570548,0.8146366604084475,3
3266.096969114157,0.16424507800547872,0.2237728788586537,0.8600379057938458,3
2057.499474469687,0.15105360678599036,0.2053667292359023,0.9166853293960266,3
2408.0795829756607,0.15250959974227954,0.20456737099539174,0.8505306840038853,3
1747.6640645419627,0.14189668789103962,0.18628923108608436,0.830723110016256,3
1183.9921171789651,0.13263871426970586,0.17049883004783628,0.8237745492013936,3
-542.179296681933,0.10166618389457657,0.11249100828135854,0.6081362740933987,7
3271.530376797154,0.1737305796264991,0.24596851483329377,0.996561705309127,2
2556.131678799235,0.13791093706499852,0.17122905321484724,0.5576655960047402,6
1545.214879853934,0.14678839762982543,0.2018595981931867,1.0180511220268327,3
1526.9606018019504,0.13858188683343545,0.18111802713101502,0.829982742249697,3
5600.6357134432355,0.20243812713779336,0.290852634827752,1.0220331530580837,2
2933.763889534693,0.15878358771051354,0.21420284216401342,0.8392632309694593,3
800.8473795351792,0.12449750468385906,0.15486620301817314,0.7634909981311536,6
5083.152611206312,0.18504649497581346,0.25678346276508834,0.8720414477682441,3
952.4500623042737,0.12702410955394045,0.1592809897305415,0.7644581404726088,6
2204.2451652727423,0.15381414499324825,0.20993956735765096,0.9295624944646581,3
3403.5165844404137,0.17679582806131294,0.2512124779517762,1.0220331530580837,2
42.478891294901594,0.11089756295914416,0.13186883615853728,0.8024417375993058,5
1887.1238285324973,0.1461438904529132,0.19534835249687604,0.8722788582604137,3
2610.7949249991443,0.16031711985779112,0.22086248517298376,0.9368699555113782,3
4611.763857283761,0.1845879795149813,0.25869637378127663,0.9278565530131603,2
2667.85709522374,0.15494930600116277,0.20818767442324315,0.8275562550521723,3
2631.316204157459,0.1631180436696923,0.22709037653221462,0.9818446864487497,3
2741.460621307104,0.1558008566001263,0.2090080985726672,0.8311948604386875,3
7445.178015410485,0.19260840088600165,0.26146390604844777,0.7417330052014938,3
2403.5477310505157,0.1418969690018912,0.18074490274848362,0.6565433408118334,5
-61.23524370122915,0.10887083691814045,0.1267683332103844,0.7196498789594287,7
469.75334907988963,0.12025968839943743,0.14997514380265786,0.8564142270382213,5
3961.5769523816234,0.17130951071158054,0.23431167136186565,0.8449905263000124,3
3956.74013543876,0.17731556963808548,0.24770058948051887,0.9265178611248526,3
4328.026308709058,0.18216361754075483,0.2555696282783174,0.9350393523968231,2
2323.499533926753,0.1473173143606801,0.1934102575029101,0.7753496415612792,3
4696.145731193335,0.18469939119877382,0.2586505437615416,0.9145662763410488,2
1355.44402714656,0.13583119003951657,0.17634628008054282,0.8322597403731268,3
4288.966689300008,0.18683745893831663,0.2663641281804302,1.0023974511573293,2
5590.290773511086,0.17707183586753672,0.23788116641371748,0.7231052307204319,3
929.5671907761943,,,0.9164820325904607,3
790.7409232696959,0.1240617358475902,0.1538203173369766,0.7522595765032036,6
1579.5801997830583,0.14512117752910858,0.19695279632433088,0.9667440488336349,3
1640.4810045494562,0.14648739825624946,0.19940219366908424,0.9739286036707783,3
293.623395244991,0.11527462388976348,0.13815280937888025,0.7273982163146246,6
2491.263098634381,0.15970404304753177,0.22080924589681677,0.9562693133056106,3
1823.4160845083252,0.15204314062539198,0.21089325282409846,1.0220331530580837,3
2960.4160460989024,0.17009054995205594,0.24029247028229295,1.0133228952566258,2
2564.302626961688,0.15033504676575832,0.19802816244682625,0.7770147352410001,3
-235.05039172295338,0.10497920185234763,0.12075854990434892,0.7875380238171973,7
3187.2547161654297,0.17053031796604046,0.2384960819857952,0.9747184708119802,3
5785.436142432978,0.19870300602960925,0.2814876105388977,0.9570342195981862,2
-242.43188343692873,,,0.7972563845873957,6
782.7990234644284,0.12343265069048359,0.15236131979218046,0.7286326193508977,6
4304.6604421463135,0.17756628472288866,0.24504217659487043,0.884507033331313,3
-225.99153921264428,0.10498215631832866,0.12107899180882672,0.8106246729695031,6
1885.4311335882205,0.14155899913603212,0.18432846599498592,0.7751975503008949,3
6552.30695914701,0.17677746627314267,0.23313100768373257,0.6480566253560747,4
3441.421454116353,0.177220241264331,0.251694538267475,1.0220331530580837,2
596.27608445889,0.12492913627038435,0.16138890953952795,0.9466290815166439,3
4031.6154802454066,0.17912888932114585,0.25105990386000493,0.9403995109092497,2
4362.450846792906,0.170755359510531,0.23081532952819547,0.7801959834698158,3
2698.2553116059835,0.15998102037501666,0.21938292691083916,0.9074759014304842,3
-491.35485897153615,0.09806464739303922,0.10820420593372548,0.8385583038685794,6
3010.414973205834,0.16123057769891613,0.21924306580258418,0.8612118423281176,3
7593.3273829762575,0.2074092269199355,0.2911698646836157,0.8758153947810587,2
2383.11957944085,0.15274308231764738,0.20518906134857387,0.8629553998490386,3
-421.3669573238839,0.10126876229342088,0.11343707140713381,0.7584011215006635,7
1759.1735365371637,0.14994249094906997,0.20636358984593242,1.0035314626434635,3
511.38485730157385,0.12178648087856345,0.1538581130193052,0.8944262010547201,4
5881.007348677118,0.20513190137407944,0.29476775175098746,1.0220331530580837,2
767.2303318119824,0.12596447163005,0.1598225024834392,0.8486786069933822,3
2248.883599834641,0.15289753998158637,0.20712173835017894,0.9003400905232026,3
-182.17666652826148,0.10636550947474463,0.12279146567398133,0.7542353776501344,7
1145.9949229992096,0.13379339430921394,0.17432654464118968,0.8766201556272086,3
5760.492783638887,0.19624687198920585,0.2762836135992984,0.9321893958560331,2
3081.1597645201336,0.1650239167514883,0.22722932553260763,0.9068145251467126,3
239.3229561100711,0.11403881730893778,0.13541331133073986,0.6882272852851193,6
112.89990528145373,0.11331414425239929,0.14132218365557492,0.95796629065401,4
116.23109614675366,0.11310407555911298,0.13930079856254457,0.923827913100425,4
358.039271803308,0.11812581605836386,0.14655458797678875,0.8716233596909204,5
1647.489832301343,0.1458603961765221,0.19757617952382137,0.9576651937877151,3
2899.556274385789,0.15696840514692667,0.21029894785569922,0.8178697512425745,3
2396.999377429724,0.15431961429330843,0.20921184887301936,0.8829834796954343,3
4234.230400074433,0.17391821740429808,0.23772612306001972,0.8451893147884556,3
2019.666197775241,0.14757660930599742,0.19711595650569513,0.8616960436143826,3
755.4399396555341,0.12671071038130322,0.16236021569202425,0.8887579131896186,3
1566.9603485301718,0.14734853471363757,0.20324987502317532,1.0220331530580837,3
2141.042258576021,0.14905330447427337,0.19936622827226527,0.854695777401521,3
5883.561776511597,0.20486830021882269,0.2938882083162754,1.0220331530580837,2
187.26466655778398,0.11498594959939511,0.14300216294504936,0.9299029437792249,4
2535.628817025479,0.15244874309000803,0.20330042457317174,0.8180388176024443,3
3901.9048806325104,0.1630113441940922,0.2167600147313351,0.7416239248104529,3
-403.4711762206497,0.10355082570813468,0.11611879167285233,0.630479267519395,7
3460.570707947003,0.17177277349801445,0.2396549573168159,0.9301576489472352,3
3538.5140150458474,0.17620956581304198,0.2483485578079126,0.9888236240284234,2
259.1336957014264,,,0.8142592731592424,5
1928.2777852508543,0.13726423070711463,0.17372754054449618,0.6742513038024411,6
6532.270968334325,0.18252023815803115,0.24467946291988482,0.706847016747389,3
7094.706741391948,0.2157225431101324,0.31055789899910446,1.0126334760965088,2
1572.0174367282686,0.1418088834133414,0.18837554106739846,0.8934316332885498,3
963.514533301863,0.1276230929812755,0.16084443081836075,0.7777048718861597,5
86.95023670416492,0.11172603702375458,0.13272011386670785,0.7701913330496399,6
5623.943430941645,0.18429007787572124,0.2520810369460378,0.80636610219359,3
1457.1477816943366,0.14146801910865187,0.18936587032949323,0.9328303313869238,3
1608.7387105545574,0.1388148126775377,0.1804697288604075,0.8073710882308176,3
1774.6888041006505,0.13957740118994486,0.1804630118893329,0.7691526213577944,3
2303.383500547307,0.15905462118917063,0.22149487345668606,0.9981278161373187,3
1975.9646817251303,0.14030592512444856,0.1802009454049766,0.7271737929572321,5
6103.7391679994835,0.18473061379336286,0.2511326799849486,0.7624402904788619,3
1992.6214669985648,0.15262494074331703,0.2098828996240627,0.9719196532089628,3
1460.6799525161555,0.13502146051832825,0.17279157954762922,0.7696309804712764,3
3374.020339811215,0.16030395496936764,0.2142886721430841,0.7817715935590277,3
3039.6834916768025,0.15628737920214913,0.2079349197478223,0.7776193665769149,3
5352.0166458540425,0.17290041826618108,0.23001009499530484,0.7025821277332273,4
2780.6137709650857,0.15908755383670728,0.21618655189195127,0.8773124311984803,3
2341.1533865015545,0.15102154857086142,0.20210242908979126,0.8362984488313872,3
2688.0326067424003,0.16640739953927558,0.2344319181847823,1.0220331530580837,3
-409.2622951520421,0.10167999698887797,0.1140902604633084,0.7493329061653722,7
-1489.0931828818577,,,0.7594970450215767,9
1691.2009950751453,0.13652209612928354,0.1741255108061523,0.7245521407875182,5
2021.7199483324584,0.1543850835727426,0.21375460672315966,0.9987792535412224,3
2864.606253409332,0.15369868336301806,0.2038054936016124,0.7656400692234233,3
1292.0026081074507,0.13226539279294236,0.16828856317843022,0.7595860609834775,5
3055.9474334932515,0.16789532924813105,0.23387269422491958,0.9596099075562262,3
-654.2684019668146,,,0.7556388194933381,7
2767.9639135209577,0.15558289316559243,0.208367129358885,0.8210408217954746,3
2816.2770591491712,0.16857217241977196,0.23844194195698948,1.0220331530580837,2
113.48142808116873,0.11239486624435815,0.1346794923905691,0.8071997948877064,5
3491.736752925545,0.17505016361392334,0.24660860456097,0.9753608359458247,2
1971.0416010191168,0.1546033611877647,0.21494823641733093,1.0220331530580837,3
2195.1810295558416,0.1486022966743804,0.19761888675020603,0.8322068862118157,3
3291.1910398921864,0.16603897333134232,0.22744166646043598,0.8840775881931202,3
833.3260759269356,0.12401628142815756,0.15314780264452565,0.7197217146435898,6
1472.6978903508314,0.1385553401486505,0.18154890135356255,0.854022767147101,3
900.2052816139116,0.12683984892782982,0.1599327316909694,0.7855670581402392,5
7221.389373279419,0.19823368818179007,0.27356880668194217,0.8157967300119495,3
77.63072491609181,0.11151383284436635,0.1321501312339024,0.7593512878347322,6
4801.7668096878315,0.191696976908861,0.27301119090334397,0.9917742968961505,2
929.6118522596656,0.12909408590894597,0.16543525480265098,0.8520143774139525,3
3221.220838610597,0.1658869196947308,0.22784354996911138,0.8934599914242636,3
3060.42089983358,0.15773462745110006,0.21071711129625326,0.799417115166996,3
6353.448443152296,0.19392438757167843,0.26840754139047923,0.8452096465870556,3
1587.643101624991,0.1447328136392571,0.19577236853001517,0.9546681861414118,3
3949.8523972826256,0.17632428262440952,0.24514085647970205,0.9184699845856594,3
5809.8338777253775,0.1764487848216959,0.23583913153524924,0.6954841005250866,4
3317.762230233356,0.17581796411141112,0.2500760311118939,1.0220331530580837,2
1762.0819724251396,0.14063620391889345,0.1834428121845122,0.793209577309237,3
2499.043482972294,0.14729852936316096,0.1918435347466584,0.736269373417079,4
1307.9660374882305,0.1341572415411975,0.17271194356653724,0.8078378263807778,3
3722.4024642003246,0.1555934848102425,0.2020831752659433,0.6647808082181834,4
622.4223256202397,0.12159609813152204,0.15011610719648166,0.768166371474663,6
1207.8052988748655,0.13335754489453389,0.17225700917679204,0.8301622884067827,3
7236.896252627661,0.20946609055235962,0.2963391749814036,0.9351815372977214,2
2914.1990220346343,0.1581973620101962,0.2135565297026915,0.8280098804265632,3
6856.230640951254,0.1937206609354689,0.26607333059255334,0.7962896973079031,3
2335.7386567929216,0.15325221106122627,0.20768435418831357,0.8755992161129453,3
3711.437285243943,0.17736225139760792,0.2495579966645892,0.9720373747362597,2
1963.3066463239725,0.1546123779035043,0.21536327280409756,1.0220331530580837,3
2148.2836236863386,0.14906663641550047,0.1992598828719565,0.8535819600894405,3
1422.51389570453,0.14450728635592902,0.19835312083341708,1.0165772155399329,3
4163.765895498544,0.18039668070478007,0.2529421203707898,0.9358119108386805,2
2547.78066660103,0.1642395929691702,0.23093564335940758,1.0220331530580837,3
3182.95979002942,0.1582508672026962,0.21147440070744783,0.7795960770793042,3
1408.5110711708146,0.13338593375929123,0.16948752400730877,0.7453336649403093,5
1221.741209933533,0.13486792360345137,0.176068377685624,0.8663992251599342,3
2085.863049303278,0.13950596224058248,0.17789354682936392,0.6778962586154342,5
-294.6912594577589,0.1043601663129266,0.11870240310381634,0.7254298563683734,7
3024.715922843286,0.15852811865097471,0.21271378965175247,0.8191183096776273,3
4373.3664142384305,0.1792624248035281,0.2489200346062717,0.8900240993931609,3
5591.552743281511,0.19398570785397168,0.2728516353992745,0.9199453503133129,2
504.09406532602264,0.1201967062882432,0.14874730283518156,0.8096886405548652,5
335.49715458017073,0.11790461601976861,0.14676672579407754,0.8935214021969842,5
2924.031505323273,0.15707348534006088,0.21064618399595925,0.8113068167080673,3
2259.2536193713204,0.14789790206787076,0.19526060038333523,0.8029199528544602,3
337.9370022456669,,,0.904642306825815,4
2978.94931857094,0.15393206838061813,0.20318640016303105,0.7514378583451274,3
1878.4464305787358,0.14735923066546097,0.19812152349695678,0.9045121212337136,3
4366.26692882977,0.17772210725970586,0.24539600388961846,0.8734152775939352,3
1649.4158523536144,0.14822704622238242,0.20424698352289855,1.004506820168457,3
5605.150499010626,0.19311005235322223,0.27075427985182626,0.9098546602103859,2
-442.93777519061103,0.10263946712157124,0.11465790131751423,0.647585444810674,7
1863.1386582783166,0.15131528874808284,0.20820137709379194,0.9937171903699203,3
2044.6344403801816,0.14591635081278587,0.19259288234679844,0.8239573751209677,3
5098.324886797778,0.19001326479919958,0.2670978675003425,0.9335805907918324,2
332.35725714145894,,,0.9710574429693296,3
1333.6669407565391,0.13468520634960443,0.173777104810506,0.8100878272899681,3
606.8020401537635,0.12487033264515052,0.16085573032614775,0.9387723293206857,3
2361.4009912959214,0.15120994741155308,0.20206860908147062,0.8377609183802001,3
4464.980229208846,0.17000117194256745,0.22820539660060607,0.7626794881239899,3
1020.5383908251341,0.1305908247085427,0.1677912491257303,0.8477236989724162,3
893.7874533693891,0.12800500468219977,0.1630416102492746,0.836675826474338,3
962.8187395816378,0.13378915593648347,0.17828485618301787,0.9778695342688746,3
584.8780689217506,0.12142423283903556,0.15052858582366757,0.7934916201408113,5
8307.004738805854,0.21398655884795514,0.3006376688059391,0.899603662861273,2
3450.8621572276793,0.17730490760932305,0.2517366260013659,1.0220331530580837,2
1170.604657523735,0.13102549416935294,0.16661825185437923,0.7802265371672427,4
989.9899806047799,0.12719591416416737,0.15928538237476464,0.7475348530944357,6
-810.6963963254542,0.09389747613267904,0.09918611562388834,0.7119739943983625,8
-98.07712463145907,0.10842893209446633,0.12484304284389514,0.646441889536799,7
3590.237063455811,0.16306479027080065,0.21893849650368796,0.7861154724351181,3
932.2994159275956,0.12807303481404236,0.16241693988085903,0.8152072972185105,3
4216.732333687684,0.16706248936088744,0.22374942333481157,0.7518838414997808,3
2199.172679659775,0.15699407755528227,0.21775939053222831,0.9918559155727749,3
2885.62688610715,0.16946332756851917,0.23955017595144462,1.0220331530580837,2
3143.3209277645624,0.1679474445131746,0.23363420612186026,0.9365283212260537,3
-1190.948778656227,0.08395687365737106,0.07984848914984469,0.73258864085223,8
3268.1156213125237,0.17098160702162202,0.23913848468509974,0.9609788575956684,3
2244.0781149201953,0.14891810135613925,0.19825417350366478,0.8207454786219599,3
3011.0482367939703,0.15763147603711336,0.21073008513794772,0.8084646114394601,3
3892.939128933052,0.17075197012345597,0.23367388433798633,0.8465772119283639,3
1257.2244917619892,0.1411058401987248,0.19232762762949276,1.0088178693535101,3
3834.977875519833,0.1689762652324134,0.229816510774981,0.83498998047357,3
3128.0309604566946,0.16707583909701493,0.23149333685978488,0.9292855031846866,3
-1139.6599449269113,0.087428002175966,0.08677672628327857,0.6902114244430239,8
4066.9177691218974,0.16524562053327824,0.22077580802651942,0.7471272696544158,3
2186.328489932254,0.15331076693937576,0.20898714549402939,0.9247094318457891,3
3867.724444905097,0.15840923208620555,0.20724514001776695,0.6841624728435307,4
2178.2244707647064,0.14860201684923602,0.19796210318600063,0.8348724281340018,3
4137.262344042997,0.1861358783370634,0.2656724826374557,1.0220331530580837,2
4201.345251679636,0.17751881326285007,0.24685395808191968,0.885684922484419,3
2161.9434380235443,0.14109521414748089,0.180441468891695,0.6967729607468196,5
3614.561849575872,0.17705721230977362,0.2499781249331136,0.9825742566705126,2
4453.852737261996,0.17958987230140344,0.24896530499354416,0.8844377359751463,3
4296.775155184366,0.18820767213164802,0.26917455905495447,1.0220331530580837,2
3570.06100471013,0.1792907576542348,0.2556788836016494,1.0220331530580837,2
5040.7184384577995,0.1939257677393471,0.27643562420817025,0.9845572955002834,2
2115.9606898218335,0.15717944431071373,0.21940297117944282,1.0220331530580837,3
1958.756820354143,0.15115071200707464,0.20652016416715924,0.9552345397220073,3
3731.055894635366,0.1575745900608581,0.20657008613161454,0.6867970748894886,4
5505.853145550591,0.18955592166712454,0.2636599122637564,0.8804636899019417,2
2184.2680390927044,0.1459321704659488,0.191379865480667,0.7847973186748483,3
1651.8185336365639,0.13717097811540954,0.17612059355669774,0.7518816020220394,4
5703.835542097323,0.2038894961339793,0.29373741929412067,1.0220331530580837,2
4437.178968189797,0.18698528306176748,0.2652701823368262,0.9841814372865971,2
2029.265982542517,0.14396114897444934,0.1882921999500468,0.7869651048314567,3
1028.0277845958915,0.13415207560537967,0.17771563402930043,0.9573778590552181,3
2305.4995866176077,0.14816582135426876,0.19563216840506356,0.7942961096355023,3
649.686659306113,0.12058495216488158,0.1466069618851179,0.6926836426561107,6
939.9021377822253,0.13425765522333677,0.18017827958610722,0.9953364362341075,3
2443.9594843863206,0.157103009682578,0.2152853393221449,0.9209164473034418,3
3017.9090261681795,0.16383037821997282,0.22511249485032753,0.9006858439818746,3
319.2068302861673,,,0.9297246603939735,3
3346.641386638986,0.17147660906975948,0.2394436945647613,0.9538580737576292,3
6862.811553302209,0.2071959111408433,0.2939494792470214,0.9385118137621233,2
2515.332915356137,0.15566901153079016,0.2110959153047588,0.8779008247911315,3
1865.6789212979893,0.14502941948176168,0.19285082110945956,0.8560379057444084,3
1697.2874493562426,0.1383866577903064,0.17845314320311445,0.7665661621682542,3
1756.4223120390895,0.1442907745449702,0.19223695790096823,0.8791144934701797,3
-22.176763535992137,0.10956968245254761,0.12854519453376273,0.7490861801506844,7
2259.849949414702,0.15569936147558117,0.21356327267312733,0.9517006485534854,3
3628.247638844704,0.17981788254601277,0.2560217121594179,1.0220331530580837,2
9646.020690750178,0.22498845126947348,0.3179917601140915,0.9142134650965777,2
5745.650294237608,0.18712410891948827,0.2578664551678229,0.8211038209541358,3
4095.60162826765,0.167814706236095,0.2261329238233885,0.7766060373614797,3
858.4408189369952,0.12430766016905181,0.15366800964729924,0.7140591684006086,6
2211.716555375745,0.14933214571174183,0.19922013155992316,0.8411504071830075,3
1023.5590302612272,0.12894948807716,0.16350284677901075,0.7883758072973323,4
-519.9279815438218,0.09981310350067363,0.11034352752521956,0.7232604687666182,7
3058.139348339268,0.16925264390611117,0.23733995349575712,0.9770062953181571,3
3053.231997662464,0.16421268946833154,0.22540775324050633,0.9021838009117976,3
-2076.8683975361423,0.0734675366052216,0.06031505509563434,0.5943513722965786,9
3033.9726915654787,0.15605058108430975,0.20726150491773299,0.777049517854406,3
1442.9677539799136,0.13656804125212155,0.17693700261861528,0.8155807911203349,3
551.9000891417445,0.12042709919560368,0.14809907013786872,0.7730021358086705,6
2377.910972289211,0.16172817686665444,0.22734869472333233,1.0220331530580837,3
1303.068642398985,0.13961354622033473,0.1871269052546268,0.9590605674805505,3
5841.982211291307,0.20361249345778565,0.29164650921738944,1.009408942336903,2
1274.1707080096887,0.13423436431457958,0.17332937609426155,0.8261640528859393,3
1354.1021961506835,0.13922697007847096,0.18526835834127275,0.9224690072645866,3
1717.150525899474,0.14293680326936736,0.18925221852041435,0.8644073618588138,3
3577.458837477217,0.17208852298126656,0.23923721382343502,0.9150153164486403,3
2969.66450615862,0.17091092791852133,0.24234215562210007,1.0220331530580837,2
176.58238436791055,0.1134979795723666,0.13605626164771822,0.7739457870767644,6
6958.869491499462,0.21508504173607437,0.30968079927260994,1.0220331530580837,2
2253.1447748616365,0.1567551969483248,0.2165472247106664,0.9699738121017187,3
1856.5544527300465,0.15275267108172558,0.2123813302310737,1.0220331530580837,3
1805.7295921518487,0.15038469233213622,0.20713597075882717,0.9908491409507231,3
2017.5897683315577,0.1470999934989778,0.1960842852109636,0.8516182227212286,3
79.69979139798394,0.11149936933820759,0.13189479582997599,0.7369317740034487,6
3091.308721037998,0.17253604902816733,0.2446458488921053,1.0220331530580837,2
4131.507923881748,0.18071205456990358,0.2537131196186238,0.9471028111217916,2
3708.639000449069,0.1807887921926522,0.2573889577979571,1.0220331530580837,2
4931.3352852639655,0.18994651482616978,0.2681195714136264,0.9535160078341233,2
3691.012283743567,0.16955693672225608,0.23198094889921775,0.8672555108216884,3
5723.7965487803085,0.1833902853059954,0.24969445521674058,0.7868264242447869,3
9927.131758863243,0.23708405180132108,0.3410307563986862,1.0220331530580837,1
2917.9450462729437,0.15683982078253397,0.2099632693985768,0.8110431632959468,3
4407.8349476134445,0.1879849633502091,0.267563032830367,1.0038201302574432,2
3368.570988188945,0.17640432999614863,0.2507715409425145,1.0220331530580837,2
791.6265214394092,0.126919858891506,0.16214914034571848,0.8677904361370482,3
3217.098512255174,0.1596573499416991,0.21364545479118535,0.8023926263986035,3
1934.3221411815882,0.1475780581175059,0.1981383143782295,0.888435626176245,3
3598.5005781548343,0.17967699798809922,0.25640296615092667,1.020896886123807,2
1243.2284768579539,0.13594684873278318,0.17839420828422592,0.8885010860737536,3
995.1639357578974,0.13383088065529591,0.17747347998956686,0.9660029135262068,3
2747.2784737677252,0.1543820884231537,0.20585714580156494,0.8049933232687104,3
1975.268010524136,0.14181910173274445,0.18416618585233668,0.7535899848410159,3
-1163.2284368122878,,,0.7603614034280822,8
-284.57110124318314,,,0.8674320126913131,6
292.49108363718364,0.11546934848556706,0.13902752173653432,0.7486158993044548,6
1005.156757140703,0.13532889734087808,0.18160122555382263,0.9908998115552137,3
1290.7370178552019,0.12963860475665573,0.16194256074086305,0.6825236942199214,6
4355.697533656471,0.1880568849099291,0.2682764897785091,1.011429565668405,2
7325.497785574668,0.21838114416805182,0.3148109206093067,1.0220331530580837,2
4199.2965504146505,0.16439681120464228,0.21785445681780408,0.7235990440898055,4
5084.047457188143,0.19263801262986824,0.2729096003735322,0.967598616366093,2
3142.468937022607,0.16305458763836217,0.22241712877039396,0.861827458306902,3
2830.696047747058,0.16789772274914871,0.23622151192212185,1.0120281405932336,3
3301.1776511162006,0.14967408431502927,0.1926003079675866,0.6292282401301105,5
1916.7847547944664,0.13733258047868732,0.17396563915626762,0.6788118944678897,5
3349.985382494481,0.15511553337182704,0.2035603916336186,0.7054818040756167,4
2516.7938221850186,0.15497204172506826,0.20945797408567157,0.8652586214526633,3
-1232.5414116283252,,,0.7636431795822829,9
2323.8745919986645,0.15304308294407745,0.20663761974428776,0.8825591558750545,3
-248.09719200913887,,,0.7486640423522967,7
4595.378460976406,0.184892664959807,0.2600210268508817,0.9278627663080643,2
4452.038273435145,0.16521036373492282,0.21851070968968994,0.701723822656472,4
1029.2703259749703,0.1334438500237411,0.17557822080161717,0.9344149893750288,3
3689.178690772255,0.17362020693226446,0.24155921495766963,0.9196739972283665,3
408.48162268849813,0.12012188755561512,0.151890931077287,0.9244174144865372,3
33.6909157418649,0.11077518883230371,0.13262845643876062,0.8527404300178997,5
863.0616885926281,0.12981130886946632,0.16891915154337767,0.9249557955827598,3
306.86647033833606,0.1164365334407194,0.14218835851643238,0.8182621402455718,5
174.71725555303578,0.11449202179192075,0.14145559923963455,0.9158564384903667,4
4231.358178664043,0.16974946682312297,0.22942911865247878,0.7842188578666653,3
1626.3200762927563,0.13489269182318825,0.17074273469934265,0.708271253878608,6
4182.106677460282,0.17548088291432576,0.2420805686240784,0.8665691672364763,3
-179.85357207763144,0.10710905585042386,0.12259760030046894,0.6421568245976847,7
2359.9133467538254,0.1464712101822443,0.1914333101580269,0.7481058074639806,3
2530.855694979022,0.14291485116282276,0.18219825444775778,0.6493977650836705,5
3829.6882377670754,0.17233843605217772,0.23712410580046714,0.8835663425878482,3
913.5502839080651,0.13369362343164543,0.17935271146707238,0.9953911374577659,3
1242.2428708062964,0.1387175689967081,0.18581900274366492,0.9670572923324876,3
2310.4507057918845,0.1566212462694239,0.21526510632866125,0.95334577563417,3
1641.980396618963,0.14775322417463033,0.2027754519775044,1.0010673828943533,3
3447.372558978665,0.17803036674322364,0.2544656125442998,1.0220331530580837,2
3361.1592177862453,0.1588366876891087,0.21147561081415917,0.7589591735062006,3
2583.937102952167,0.1649918199473177,0.23261025071915353,1.0220331530580837,3
1721.8996817955895,0.13875809143446532,0.17890755003845699,0.7692033970634975,3
1419.3938765953674,0.12988601493225366,0.16106595824658143,0.645110444600449,6
3302.5426980459265,0.17262534484598296,0.24278821023617642,0.9768813367699154,2
692.5527930733928,0.12413694243596182,0.156161979558965,0.8297617911987488,5
2734.8207481828235,0.16172487942212685,0.22325087448625708,0.9263082388480315,3
4529.635628333881,0.1722216394166935,0.23276994811003532,0.780244940955267,3
-299.49987749046716,,,0.9369023150866824,6
2445.7202279447606,0.15516600387645665,0.21006582581758268,0.8923418338233816,3
1350.4276209439772,0.13275197973380273,0.16878773861426458,0.7487710727044083,5
3600.7662863213513,0.16951141373028802,0.23252328810558542,0.882042643941135,3
3933.255259670158,0.1840333658114105,0.26320925268773876,1.0220331530580837,2
3390.719889363119,0.15739286220659784,0.20786931888505933,0.7362480242381008,3
1297.9447619411173,0.1418971856045573,0.19353412491291241,1.0091364662158506,3
1874.7455718225833,0.1455812242917091,0.19394830616402034,0.8664251728075534,3
-15.199668927941786,0.10967377222777944,0.12971939069029764,0.807407363378356,5
2632.632357727788,0.15616844422393114,0.21085541574066158,0.8614521271555949,3
2061.314692424222,0.13592791010773914,0.1697840353046558,0.6140997227725978,6
5041.356975160389,0.1779086607117279,0.24197815058905695,0.7904992060238731,3
691.2922771708952,0.1257232466686219,0.16112228778347343,0.9012003047392179,3
2049.6761104803436,0.14519423702213322,0.19108191345148953,0.805147687366147,3
2726.7046369130408,0.156908546118757,0.21188333104128104,0.8506546944683475,3
3628.5156906167776,0.1694048913658662,0.23257160914399724,0.8706036416567078,3
-636.8664861868347,,,0.8378391863519067,6
486.806483309755,0.12187647379923873,0.1550866767636763,0.9263069584111165,3
4855.565138008602,0.18125556580198465,0.25030920996177886,0.8503026091510695,3
-455.05220224514494,,,0.8932967098386451,6
3320.0374444362374,0.176198384309555,0.2513957494367788,1.0220331530580837,2
651.4479950734225,0.12165506226738221,0.1496194127254058,0.7467798610376695,6
4363.617506994451,0.1835661163700934,0.25840993057390726,0.9481959940289649,2
980.5644582008747,0.13019513993067447,0.16742743203321883,0.8588586396382378,3
1182.912416401287,0.13781272459600585,0.18455347516282933,0.9744348533112334,3
3481.0129249311685,0.17444760893322386,0.24516784173101774,0.970325509984133,2
2921.5577355297355,0.16950808480041815,0.23933571507295714,1.013187933763465,2
595.2220404720641,0.12108330400833439,0.14910228519856905,0.7671151770197228,6
1231.0945768652928,0.13061854619545557,0.16465274909496663,0.7416203882843361,6
1676.9898667998646,0.14268413134714136,0.18918503236509426,0.8728534660870251,3
5239.098270799897,0.1920976208888533,0.27045306658292245,0.9443818741197546,2
3397.14752870495,0.17698478926185998,0.2520829765679083,1.0220331530580837,2
4426.35128491755,0.171442818759715,0.23164956387518038,0.783709302541955,3
2685.5076878411214,0.16309272179814807,0.22685242503030165,0.9630607746191676,3
2471.3290495483066,0.1632821043051081,0.22999945962546917,1.0220331530580837,3
2130.327249258117,0.14975062327039274,0.2010553817175606,0.8724467762568688,3
3940.1342311137023,0.17644706872570168,0.24583071554479835,0.9179804798004074,3
1548.9329969959817,0.1469309302058719,0.2023312254295888,1.0199283384790927,3
4186.761265520189,0.18699382447139218,0.2674958297669946,1.0220331530580837,2
4386.255640574629,0.17541386352213517,0.24074833836730253,0.8357106875070714,3
911.048756223438,0.13180710902233844,0.1736188911569116,0.9577457306031305,3
2732.288955600516,0.15483171902787946,0.20700415321298352,0.8156312304470975,3
2395.1213933447025,0.15301100266024154,0.20628357995356061,0.8582403143233484,3
2028.5466696195147,0.1424710985929778,0.18484420725762898,0.7565303523654502,3
418.4720521194945,,,0.9539033290371102,3
2436.159327906961,0.152713404336464,0.2047001295897644,0.8479469153005447,3
2885.533146163744,0.15595091395016428,0.20840421071388848,0.801143504114244,3
4674.718191932661,0.18760956847563653,0.26501118994492573,0.9562974241832796,2
1164.3751375217516,0.12994445049762368,0.1640625523999916,0.7481399609292201,6
98.51397814581827,0.11289849257118476,0.14050065498340703,0.9571409528956595,4
168.35552553625516,0.11464050028016573,0.14290017106068265,0.9407367769639027,4
3500.082736392784,0.17847291784310074,0.25462441491363275,1.0220331530580837,2
1274.4793769380105,0.1395728309086735,0.187728072040045,0.9710918199413596,3
3182.860300922616,0.16551213422753788,0.22732542320045473,0.8951938594554526,3
2606.0473084359573,0.15119874116990112,0.1999293888045941,0.7797617537672761,3
2688.688004038392,0.1589880336608986,0.21695379120610594,0.8952823801106842,3
1770.276392840034,0.14774890785283784,0.2005141755111254,0.952176912939276,3
5924.696666100979,0.20502133375593987,0.29369963148201345,1.0220331530580837,2
2491.0164466097835,0.16343918012789804,0.2298763146893179,1.0220331530580837,3
1461.0794438485577,0.13777207918046774,0.1797441736260226,0.8387978171955215,3
1307.6932984129755,0.1329833317965495,0.16980202836002722,0.774327463238093,4
6963.138813252377,0.20688790515778244,0.2925389530413668,0.928982222061142,2
2809.1633445241864,0.15133862710990803,0.19882923439017763,0.7394129027192813,3
1347.424647223695,0.14209418215859843,0.19310228325921341,0.9986103558728493,3
1638.594363532812,0.14431626854975552,0.19381585605915463,0.9252594793901138,3
2362.415452454421,0.15560271211234067,0.21273138563083194,0.9143915861783404,3
918.1413734024202,0.12499608508460372,0.15451826765820445,0.7071767250984102,6
843.316203135417,0.12771968857432514,0.16337040262806118,0.8597883480585224,3
1748.3990549557998,0.15067051692494718,0.20858859305881197,1.0220331530580837,3
2338.8145629379937,0.14702217962567377,0.19255617948438158,0.7667546956458899,3
-1072.3188056296542,0.08960604083390536,0.09094010132494076,0.6765245042634868,8
320.6556683322623,,,0.907003215415865,4
1033.4812891966608,0.1354351896327899,0.18137073609141222,0.9833632524946948,3
2028.685576354981,0.14354374050471963,0.1875287859824311,0.7761940021791439,3
160.79218395362906,0.11260714024410849,0.13237612004377303,0.6654087281601996,7
644.1357858250446,0.12214761503219054,0.15122053203049293,0.7778829665378688,5
3000.8175924788266,0.17146127840424016,0.24342977947635516,1.0220331530580837,2
1604.4336598181512,0.137964552892936,0.1784688811949309,0.7881930724528976,3
2697.9915214147863,0.15516913536002902,0.20814479720720558,0.8278313876240009,3
3275.5859619424036,0.17356339770403797,0.24481362668302611,1.0012923304413053,2
655.7877546326118,0.1214326109749891,0.14892303093129167,0.731402578667541,6
1311.5990027015794,0.13481996600794446,0.17441204874139654,0.8238836915973416,3
159.3322064743042,0.11291343757802683,0.13406928742679153,0.7287307533674711,6
2780.2277255639997,0.1676794698321828,0.236712881292624,1.0163826597252639,2
1347.3480663457126,0.13553106365889112,0.1756344951400024,0.8284609029503578,3
298.94074896948916,,,0.9538760037512154,3
3405.1680813826824,0.1650471826814283,0.2245487236315967,0.8461741189687931,3
355.9506053460109,0.11619897441150903,0.13957868377310667,0.7123625396806418,6
365.2569602006699,0.12027856875320142,0.15466957884236768,0.9702023641006943,3
4282.448770636341,0.18781569776210752,0.26814700661343516,1.0220331530580837,2
1856.5590035781086,0.1406330839019575,0.18222060723146571,0.7663447050314375,3
2788.983986919565,0.15952228964179094,0.21755418799330076,0.8777622036566403,3
-51.20137494496972,0.1090151582983708,0.12737984836549004,0.7435393412913602,7
4663.293007146496,0.18952826976437792,0.2694760895748914,0.9808488775366169,2
3212.847379190025,0.1642297937279182,0.22417260036490919,0.8697726423051988,3
1700.5335212767343,0.1398835490208512,0.1823928895877544,0.7955713175726946,3
1582.7376762012977,0.14026812057809368,0.1844987238950125,0.850624259778241,3
5042.247461779977,0.19663089730584038,0.28206736579413705,1.0220331530580837,2
-688.0179287605288,0.09965998357606623,0.10888121612697432,0.5900662235647652,7
5893.398703002834,0.19054093664017277,0.26374718651313744,0.8503713210052035,3
6535.456425915464,0.21172885667874652,0.3053390819244668,1.0220331530580837,2
-1628.7422640508798,,,0.79308618517255,10
3440.8234011204663,0.1641017384420593,0.22229216059004103,0.8249462425945482,3
1389.2313962041858,0.13386267318360295,0.17116434992276486,0.762230672246727,4
1922.1484376186786,0.14176876135861677,0.18441321468762917,0.7693901927786677,3
1845.3524148316485,0.14692284042484977,0.1978172174360225,0.9026517012933627,3
4202.728154205016,0.18682049440412812,0.26652550050239365,1.0220331530580837,2
854.2987259258935,0.12688060217342353,0.16063121902334393,0.821233686482754,5
1281.1232576896437,0.14157300124934413,0.19294815810098953,1.0087808377397733,3
482.5376515681094,0.11869815197205755,0.14449919448925358,0.7389751437151977,6
3338.2812755041564,0.17264337124506712,0.24242155091524184,0.9706681462796034,3
-97.90704501292163,0.10789743940358676,0.12634559517464367,0.8015153175329861,6
-929.9385068029655,,,0.8765198469121105,8
5863.341671575193,0.19812603716254673,0.28007040642805814,0.9385006254845605,2
1269.5678005422433,0.139774204852256,0.1883083110064036,0.9799820979745966,3
1271.8278084284073,0.13301803267249848,0.17026340945940321,0.7924640294599108,3
2606.470159010656,0.16171969166716738,0.22481072079026487,0.9556455752282766,3
4581.834889565323,0.17335193614644598,0.23499745955268742,0.7866662167748114,3
6445.331787468696,0.20487144380631436,0.2913358720936231,0.9521524704695182,2
3692.969954656552,0.17254448554904234,0.23901739834218466,0.9048752466139072,3
548.8568129247881,0.12215034415403354,0.15377852892997912,0.8716774321446694,4
670.9743690065504,0.12430982618679995,0.1571667776750474,0.8573648051466363,4
2747.303955491436,0.16598029681954363,0.23296111863237456,0.9970362582365748,3
1658.7993333872716,0.1390248456517839,0.18046288839013874,0.7938269250020622,3
1174.6288212453755,0.13557598461457024,0.17894187348247215,0.9099466929631534,3
1390.364435247385,0.13570408854338906,0.17569677295996372,0.8117987191219843,3
2366.223974348788,0.15347911174276313,0.20734658405272058,0.8780209791180034,3
6745.602641745635,0.19415635647528695,0.2677090866887738,0.8069768519181295,3
5649.939375155997,0.1946972510325395,0.273473782412475,0.9279579084825867,2
1251.453423128957,0.13933674706468083,0.1874151449403144,0.9784231668403965,3
4084.72060242625,0.17136429505126213,0.23383934839075662,0.8252103941057339,3
950.663037758962,0.13207515810499904,0.17369532170287133,0.9387237751977963,3
2944.3221248115824,0.15126388975786542,0.19767029990325685,0.7142038507460327,4
918.1208855339494,0.12937516677257013,0.16660399969441644,0.8677699035932311,3
3442.511705223082,0.17763339300490777,0.2531729089372674,1.0220331530580837,2
1565.3445263451026,0.14432575924356575,0.19538598625586018,0.9508570761396977,3
2351.370393924784,0.16040943226553286,0.22430344499807692,1.0075744283644577,3
-572.6698787446572,0.09799123949342176,0.10724394212084008,0.7538473549887549,7
3445.349146813606,0.1615406754674041,0.21669407140252592,0.786114807120467,3
871.0276482596637,0.12885987217396178,0.1659985118276382,0.8835470913476866,3
6660.105439392673,0.1963435727361684,0.2722310885455954,0.841165315933646,2
211.46608385003998,0.11501490588661914,0.14125281562173775,0.8868480428612027,5
6105.100102766563,0.18605094970334907,0.2538278191475911,0.7766130667220039,3
-111.32084816337692,0.10755031292501373,0.12592528535624298,0.8145388295775559,6
1586.5248040455374,0.13796599804118165,0.17871337818978647,0.7942529054202062,3
1150.2217782877954,0.13462098320342195,0.1764153350613924,0.899875991876415,3
2436.31846391136,0.15883682308276556,0.21924035570118575,0.9570129301211532,3
3426.71474899809,0.16199481522771753,0.21760274074422342,0.7981445312448603,3
4952.251217254337,0.17025717826281836,0.22695945033574388,0.7050092201697608,4
3921.0805796917953,0.16401748565804156,0.2189956108522893,0.7503629841755199,3
1342.000426330151,0.13094397440886496,0.16441568743612156,0.7020231012574417,6
1958.0187819839857,0.1464598991810817,0.19525421901525988,0.8563798870346022,3
2089.8187910327706,0.15583178607575976,0.2164906946123665,1.0034479342449176,3
2612.6962180337855,0.16349941410571778,0.2284308751652134,0.9910497472846005,3
-1271.2368794273336,,,0.722168687954735,8
2339.426342360469,0.16083481776622652,0.22521652983705284,1.0220331530580837,3
2099.913941028031,0.14104545858517675,0.18091871785491093,0.7096221114891078,5
1619.16571512962,0.1464615542405227,0.2000389552467823,0.9781542559692927,3
1407.8450463001714,0.13058480987619991,0.1627587986276922,0.6692274144192821,6
4870.290776149865,0.18375193609999768,0.2550635812389373,0.8847302361545647,3
3753.221142086855,0.16497319829923074,0.2216705261038442,0.791744401767001,3
-787.1482280968946,0.09703268144630786,0.10443841262504067,0.627342117672009,8
530.4138210814403,0.12259674443839688,0.15589387357540546,0.917469394564539,3
1785.7077755135924,0.14654693838001548,0.1973356091544702,0.9196279196153049,3
756.8749482950935,0.12861899097988505,0.16814929380743704,0.9548742283325848,3
5537.017132422267,0.20114447718342493,0.2889770086068893,1.007924139623837,2
1950.1532059316662,0.14942414456736516,0.20281488863220148,0.9174278459084608,3
5630.485527266299,0.19592588085379253,0.2760195955674135,0.9467889915182321,2
1918.7428744038423,0.15399017856179853,0.2147802607745689,1.0220331530580837,3
4983.565639972996,0.18647777884152672,0.2603994303248328,0.9022267596238857,2
906.4026049960952,0.12784211674543258,0.1623253021240089,0.822565742948134,3
756.2657681203677,0.12934898611547402,0.17062692884719582,0.9730566079749763,3
1179.5782357935739,0.13515641552839955,0.17762141025850722,0.896180194298689,3
1763.081209535922,0.13735626484726715,0.17559025098325948,0.7194506274708655,5
4063.122068873497,0.1849652906324991,0.26332106304325864,1.0220331530580837,2
4627.687842719523,0.16385088590022864,0.214670133398613,0.6684523494865341,4
5708.000314865689,0.19875958361662927,0.28240460298293324,0.9627192476785288,2
2596.1822513073416,0.15514037196453503,0.20886658685703874,0.8517320274926661,3
887.244332201665,0.12515347615521932,0.15533234521826672,0.7323918512192708,6
692.8473299232379,0.12144810480722301,0.14837007609748984,0.701759603195298,6
6552.2628473662235,0.19394750315632334,0.2682274757149572,0.8202618604533939,3
2048.0823455610252,0.15301121457687267,0.20966683691040092,0.965483780143341,3
5632.541598753567,0.19962856236643345,0.2851167696593621,0.9774939552858237,2
2299.6059450657112,0.15636222504381292,0.2149748632393312,0.9494505685573156,3
4115.939291186461,0.16008788147091765,0.20982565148169668,0.6724330910855688,4
1867.0115433731576,0.14810989789584714,0.20013190204517745,0.9243020393616572,3
4133.699731929912,0.17243447055770955,0.23540430074826874,0.8372231919818964,3
2691.610103279623,0.1662378168828582,0.2343839865752671,1.0138644955364173,3
3384.2164426574445,0.17674061416619227,0.2515579121321935,1.0220331530580837,2
1717.2650360576092,0.1435471808343209,0.1912191730905761,0.8727975421251006,3
1930.5397903060243,0.1488561797817966,0.20127341352854278,0.9167756059887161,3
1115.2538698158348,0.13423724620606664,0.17607921123708367,0.9074489598535153,3
4411.165925661599,0.1896513384048376,0.27157591988361673,1.0220331530580837,2
3241.069962062489,0.16569034196481883,0.2273728743253742,0.8850877105099333,3
433.73712488673834,0.11736754774938166,0.14126945781554245,0.705213579426199,6
2421.2291679829113,0.16024413921404632,0.22275406587468752,0.987151822469482,3
565.2222086303825,0.12065931209390329,0.14851572005372876,0.7725970258697086,6
9657.027594030576,0.2365746302641128,0.3421318382781464,1.0220331530580837,1
6091.266621715057,0.20344524618039941,0.28969085232783987,0.9801708146708017,2
3826.5975874515257,0.18234218149245862,0.25990054283392966,1.0220331530580837,2
322.0529631180391,0.11589302931233764,0.1396339153739973,0.7368099643604354,6
3105.3526089638103,0.1569667662914071,0.20911153544038824,0.7746177240006787,3
6108.499245316456,0.2066317567769147,0.29668129857054737,1.0125277313771115,2
1935.1846008566172,0.14543508125379964,0.193120443398584,0.841259125655595,3
-255.90736122089731,0.10497527789630114,0.1200786505109136,0.740376773277136,7
3691.9851891322023,0.15980907923694762,0.21138252062264656,0.7244347483116411,4
2856.5361105167726,0.16316887601733476,0.22492236178004532,0.9272370241248685,3
6615.42467219536,0.21230028898762615,0.3059473656896443,1.0220331530580837,2
64.96705256899476,0.11184704055776823,0.13777271798753649,0.9410095840311732,4
2903.863091602694,0.15508912938939828,0.20603281981329924,0.7869292031652588,3
3065.3400877641607,0.14882672797812124,0.19193340765759792,0.6529844693535682,4
3525.5373338397553,0.16893805803465517,0.23221934977027564,0.8827164519119741,3
2354.8199980703885,0.15742656258844365,0.21684667595909562,0.953704218431003,3
-1473.1164510199746,0.0838805879061056,0.080139749614591,0.6260861124963062,8
5006.92458687072,0.18074956050686522,0.24822656040887525,0.8276546335632058,3
2413.8563317898625,0.16234647637102173,0.2284452937139577,1.0220331530580837,3
2948.8240906340434,0.16204559859370424,0.22127719502132093,0.8907337814850635,3
297.2305636411763,0.11568872881844078,0.13973795709007397,0.7615902331435178,6
5425.262602510335,0.18961496647498285,0.26473087247941296,0.8847020446481599,2
3362.0715259360995,0.16033280544979794,0.21446598470283795,0.783826776665985,3
3291.8060884067554,0.17545531983341786,0.2494935708178673,1.0220331530580837,2
2332.658030786964,0.1607462755911911,0.2251288068691793,1.0220331530580837,3
4851.341920989935,0.1905975297180703,0.2702303934715018,0.9709533034903626,2
2136.79980138627,0.15173799392587176,0.20557355443088454,0.9113304860283068,3
-46.44387325994346,0.10894892294691093,0.12891481023252715,0.8360142805025716,5
-1295.1387332321349,,,0.7904579320898849,9
-639.9829250720156,0.09980005029274253,0.1092988165926727,0.6202623886701282,7
1295.1987041688785,0.14000584783243544,0.18853712308664403,0.971456489454568,3
1654.2317655902839,0.144261852323416,0.19366231647036328,0.9153962115855535,3
2427.380287365499,0.1592994986642225,0.220468667348905,0.9676691714421108,3
1219.4248265171263,0.1308808881910409,0.16557678478111487,0.7531648752194054,6
2475.606453041623,0.14777390523595396,0.1933012337673063,0.7474336021771476,3
1376.56238129238,0.14015530435835905,0.18760758301395988,0.932687592147259,3
-168.7932291443086,0.10722427778428029,0.12286154899329635,0.6560218611372897,7
5986.0479029382595,0.20179532988013307,0.2872138697053742,0.9674312755163228,2
1629.3727236487955,0.13709998145377544,0.17613189032817905,0.7583992985341687,3
2356.4920524942772,0.14450196198176857,0.18683900157302566,0.7146303180285839,4
660.089031927037,0.12773442594725576,0.1684723246671638,0.983333289899082,3
4729.644016905325,0.17642364236535285,0.2405780986409809,0.8079741044290683,3
2984.028843518515,0.17094683875411645,0.24201652719712002,1.0220331530580837,2
2138.081547915411,0.1450857040701522,0.18982463735665078,0.7805578060154359,3
2699.109033306413,0.16661724198374944,0.23487033688361414,1.0220331530580837,3
3599.8346411751136,0.16441883577872432,0.22132658799637284,0.8091244878050513,3
1691.2470643052818,0.13925341775711794,0.18064402080599395,0.788159212907289,3
1999.8129212759677,0.1417959220454577,0.18367467962198136,0.748880288768444,4
5365.631288999097,0.17936712683385853,0.24337620202131796,0.7733783463553046,3
930.4471952705237,0.12959052801152218,0.16680684469647533,0.8691999847683279,3
3150.7776049725817,0.16685069725399446,0.2305024881898135,0.9239567298362537,3
2245.3251234150703,0.1519943584347857,0.2049256833091931,0.8851994935109994,3
3547.349953842709,0.17899813372932838,0.25523699708537606,1.0220331530580837,2
-184.14337530627802,,,0.8854789996354842,5
2489.1561608352326,0.15718905554458618,0.21484040666473453,0.9124159034093284,3
1910.3380824393503,0.1516086501341306,0.20864831392136696,0.9782342090674975,3
4020.2758589296964,0.18487952119976397,0.2640664576530981,1.0220331530580837,2
1957.1421210673889,0.1543617275987345,0.21455476126429857,1.0220331530580837,3
1873.7786953691354,0.1529384840421699,0.21235273006022906,1.0220331530580837,3
3539.45616536177,0.17157503484359038,0.238375546041425,0.9146135411581907,3
2515.180140059328,0.1531950078941009,0.20547170563659167,0.8329126036201704,3
1388.5927381475722,0.1438524061914905,0.19729869781585874,1.0159234799194476,3
3210.665939780132,0.16293690771535696,0.22155779699132838,0.8474725595551489,3
891.4497237764144,0.1294773853424886,0.16736741933964372,0.8911786499412041,3
9132.74751153667,0.2325049471739476,0.33568968948966355,1.0220331530580837,1
3059.3980246089877,0.1662908120306384,0.2304053879288404,0.9305420435273538,3
1485.7913355666087,0.13486814736997987,0.1721305625267633,0.7561849179035783,5
4862.188550708313,0.19281238562180075,0.2744562700372626,1.004037849557896,2
-731.8377981249776,,,0.8474076049208812,6
-986.0295055199125,0.08427983700967165,0.08006631262724112,0.81623995001328,7
71.28707097868406,,,0.9399951224327476,4
851.1104750217991,0.12530140104290696,0.15634337231604148,0.7607011616017194,6
1889.053303125272,0.14396887716202403,0.18984439198684416,0.8278738581348121,3
3541.128704766864,0.17067629477114676,0.23577361191491947,0.9074750395852403,3
2787.11395066428,0.14427086056730337,0.183401029767083,0.6292602126328258,5
976.621556526568,0.1274191772569793,0.16027549864174945,0.7602425663409772,6
3412.113551381589,0.17708216026112497,0.252018480753759,1.0220331530580837,2
3068.424651198905,0.16605394237667498,0.22975930939937828,0.9250803202329819,3
2654.0344876748163,0.1426038703029008,0.18090923236186424,0.6202164715191852,5
1932.6967434482033,0.15311685175975073,0.21178894479453447,1.005161934621034,3
6507.130192834393,0.19699827103431747,0.27373698570263505,0.8679306358094993,2
196.5266493083526,0.11363816562361537,0.13554656652449926,0.7373476252775185,6
3126.628008325907,0.15862703398734085,0.21234475036872028,0.7995695397356416,3
1439.8288494648514,0.13533584829283427,0.17400483834062475,0.7835954044583938,3
2204.84220999283,0.14652507024329683,0.19263859843995312,0.7900812104450168,3
3742.603454993275,0.17065208601452472,0.23415197508511487,0.8729196809120452,3
3818.3283857545553,0.17966121846147873,0.25444862814292724,0.9787953147074036,2
4502.580543374833,0.175320820217712,0.23937170489152781,0.8242975283681807,3
2837.9687222008283,0.16296998108655322,0.2247694367280929,0.9268458453296057,3
-708.6147346578973,,,0.8762475496637571,7
-2748.8830227628523,,,0.6675743489172946,14
5849.677705723331,0.19605997263961406,0.2750375003484806,0.9240239291200956,2
1964.7873232184954,0.13858663232294932,0.17669881582114616,0.6898955942524573,5
7656.624004257996,0.2043289051393003,0.2841111400895898,0.8450968549581296,2
2467.695937743182,0.15575777996800755,0.2113848629716813,0.8957659946754171,3
1547.048901641055,0.14699582386729165,0.20274107805889796,1.0220331530580837,3
614.0156720672553,0.11930019908140824,0.1436004923329165,0.6510710186523196,6
2709.343121288052,0.15820148488319322,0.21497678592641029,0.8767608529319959,3
1360.2350458014366,0.14316650915006907,0.1957431807932153,1.011666732238443,3
6307.143286638045,0.18622588810339952,0.2531236174105288,0.7628923559372578,3
8665.400610561983,0.2153977658545046,0.3026011323134298,0.8822058188481283,2
3594.3965631225747,0.1776495001038711,0.25124759382815687,0.9980307556245448,2
1217.6439094650102,0.13140260107334145,0.16696838626830868,0.7689553087247852,4
1973.6320616538926,0.1546994660484416,0.21525337645434775,1.0220331530580837,3
3037.542909900821,0.1681547382180725,0.2346209500479745,0.9681353065550836,3
3330.583217155315,0.16893707696208368,0.23426762972740112,0.9135287656154235,3
1628.1653731152685,0.13781606229631513,0.17774210857187428,0.7775066656548886,3
720.5866426357314,0.12058176367345369,0.14549413705590275,0.6401889156754256,6
2167.3729837665483,0.1519948609524363,0.20589300208484929,0.9065681110205269,3
2071.9443110276875,0.14626297766599247,0.19328134545030481,0.8213968302292808,3
-2681.7256351847227,,,0.5962286107068029,9
5112.483569186679,0.18554144393337998,0.2575841034595214,0.8754476685258847,3
1137.396409211269,0.13182828377293848,0.16929443775898112,0.8204481061880512,3
5910.869593092106,0.20565160032419955,0.29592739412109953,1.0220331530580837,2
-563.3154807487459,0.10012435882676984,0.11037336086974395,0.6658837642609314,7
2541.095393919555,0.16101361004793946,0.22318673439185663,0.9679836707609696,3
867.1816685417666,0.12777516872447453,0.1631142894893856,0.8437013223362043,3
2621.4215605981303,0.1551786990650726,0.20867568637331715,0.8470549085148004,3
1414.8345302916205,0.13813489957137792,0.18149850021472963,0.8656244592822281,3
2252.1424593052648,0.1548928337173492,0.21241820843097223,0.93094709038189,3
2642.8686862669797,0.15538386260050177,0.20883132617927913,0.8469256035063905,3
2350.081227904906,0.14311147215889836,0.18423367515824798,0.6849664666527032,4
-1255.944365902271,0.08773683556619294,0.08739359395995056,0.6365530577810924,8
2258.735503571686,0.1529701699058024,0.2072930460824864,0.8977741489423701,3
3898.2559522952797,0.17748498836572257,0.24902514206441992,0.9329236738472679,2
1906.3016891485202,0.15153214863585168,0.20825344098848292,0.981052082747269,3
277.7221998638545,0.11391698620063836,0.13355099656891983,0.601447677486972,7
2386.9132378337663,0.15285652745988054,0.20575586528539133,0.8603692383646427,3
1922.1575789719468,0.1406276981926567,0.1813799125289734,0.7494147511116492,4
504.6858980375248,0.11995438374287916,0.14791235876000436,0.7946216107457097,5
1018.6119215787824,0.12467349481466956,0.15239385922723164,0.6430498779967343,6
2783.9492983235773,0.16104798002252213,0.22088217964010257,0.9069402475549445,3
1666.7441406787545,0.1490674793358267,0.2056058570819005,1.0217952741093501,3
-112.97301939727747,0.10808046876340997,0.12463305519249844,0.6752447951206764,7
-454.70424281562947,0.10028865199469694,0.11175567695736394,0.7719622327747895,7
5452.18981042146,0.18438097010066487,0.2534419298808642,0.8218179475087213,3
1965.6840833021752,0.1393764522427773,0.17847373691656684,0.7066048241009517,5
1658.0432596886121,0.13997945308838103,0.18289564994065588,0.8152805293651623,3
1244.737870736038,0.12951285641051985,0.1617071725157075,0.7031796684903315,6
568.4834970572854,0.12208723129288049,0.1530292319113869,0.8463014875888526,5
484.6936364455933,0.11926231691577413,0.1463395617436618,0.7721089711041639,6
476.6739997351975,0.11972638086936062,0.14795309491928493,0.8137911366854583,5
1996.7058143240815,0.14997898980518587,0.20329312836984176,0.9168448388007012,3
4463.046389643958,0.18084957366336313,0.2514471106802376,0.9015839779380522,3
3241.0047713064923,0.16833453032540996,0.2333625280738488,0.9255602593523472,3
2252.0825838426895,0.14989777739556304,0.19986671045007826,0.8440657010881978,3
799.1597058652881,0.12876418543328333,0.16754737853989354,0.9337519891235055,3
1993.6598334105674,0.1454414334227295,0.19244231295997452,0.8241665150187122,3
-656.3677589861259,,,0.8280986671144094,6
2364.8377134100865,0.15227469722476605,0.20497618390872957,0.8512253938147929,3
2100.95392130623,0.14815329140910766,0.19759759203443542,0.8491585483407412,3
7682.4020266508,0.21395517063556324,0.3032789464814413,0.9482903283891869,2
3922.075684282753,0.17617374826586463,0.245876990236502,0.9113027975109902,3
2746.3418577021453,0.1673888515837461,0.2362410470952454,1.0220331530580837,2
3840.8529477440165,0.17358513161470918,0.2405550225812476,0.8908537194437303,3
7183.1473375486985,0.21622391054079346,0.3114750286862546,1.0056728530720775,2
147.3939120265884,0.11340306794600111,0.13778567043791556,0.8638673176633435,5
2700.5677757736,0.16352549999037366,0.2275731034369529,0.9681887006239416,3
1686.7737055541488,0.14961105618131124,0.20704829399619487,1.0220331530580837,3
-58.81156941827177,0.10907820400639139,0.12577689822228427,0.639097172622674,7
1825.0288911277137,0.14659517708860226,0.1970832868599246,0.9048766554312423,3
247.88712090695918,0.11439033781325636,0.13648999043434745,0.7153775384674315,6
5256.689811366928,0.19287042782761998,0.27276241375584503,0.9431044948738753,2
-794.1465647645063,0.09495520366058374,0.10104897327946674,0.6906700617763717,8
1808.816401487403,0.15167349673020003,0.20993755201052405,1.0220331530580837,3
5603.457246847383,0.18861536144386265,0.261537115347528,0.854703058985293,3
3038.6065306062355,0.17175419257810065,0.24345616448736104,1.0207766606566704,2
738.8342030895874,0.12019554904481997,0.14425690502021107,0.6086810988765017,6
539.7673682834402,0.12261431724355137,0.15561730597182766,0.9071384969110317,3
1177.472951484433,0.13109408347240786,0.16661380727382502,0.7800945828434291,4
1005.561836049528,0.12963118877532911,0.1655918144173484,0.8224746735402216,3
3274.696522499951,0.16578552561741167,0.2273952075895068,0.8791633508390851,3
67.6924966665537,0.1114574903456742,0.13318521679648257,0.8147796827324972,5
2861.252294674771,0.15090015720115849,0.19734650228074319,0.7242338361799338,4
1754.2725365645485,0.14053030712120745,0.18290553219358124,0.7977934261363829,3
2758.3472631661766,0.15763779531689584,0.21322953907874764,0.8563291707935151,3
4422.891685707894,0.17360492885818532,0.23599882021808305,0.8145968420222184,3
799.3206101141893,0.122357033870685,0.14922524496614642,0.6700103190456813,6
2169.994898404817,0.1535712158837669,0.21033519096527017,0.9286686320627908,3
2601.328115179167,0.1648743126745103,0.2314494094014663,1.0220331530580837,3
2943.952587700301,0.17027170039455092,0.24079253390336816,1.0213787055421315,2
4971.325494499545,0.1947347516127593,0.27813650564712594,1.010798428587071,2
1942.869463049036,0.15278147742028528,0.2111106685562845,0.9910625782386346,3
1245.5625350698917,0.139621348314904,0.18858828177217224,0.9863048715982605,3
997.0379957157721,0.13113901044662274,0.1698641479377329,0.8789275493342779,3
4488.935175620501,0.17747033985588137,0.2447313085518545,0.8462036229881931,3
1858.9834307535607,0.14447610956995052,0.19148929897583006,0.8474776678072219,3
4907.03084577537,0.1907958490486635,0.2698828513373882,0.9703311817357894,2
4659.420951282885,0.1719237871780024,0.23133925190832094,0.7622331807140398,3
3526.5583707734036,0.16413440006163005,0.22159106027284,0.8128728609737933,3
2733.396621921146,0.14791981270200272,0.19137897769651316,0.7020575077607509,4
2115.8769274861147,0.14469124677943912,0.18916402472968918,0.7780976139726853,3
5591.775291628314,0.1944075278992386,0.2741812431431754,0.9199625622459263,2
6758.561647817745,0.18655802585217318,0.25203278279113883,0.7296975748618364,3
3561.7739273767784,0.16638131002255252,0.2259339879416075,0.8431091921917585,3
1816.0730354281773,0.1408732390970727,0.1832504308691569,0.7834298496180442,3
1888.4601553625864,0.14212958083262497,0.18518242951649883,0.7919817645126296,3
1338.9869505003749,0.13774030799222606,0.18150161323937936,0.8914089550034069,3
2464.2047473121297,0.1541319204880893,0.2080038476196933,0.8634540448502839,3
4140.830998981886,0.17701082817475253,0.24577953236621405,0.8922898094418198,3
2187.6715813337314,0.156576186033999,0.2169131126251159,0.9871391479103231,3
3916.496002066523,0.18325960826041413,0.26089254636754033,1.0220331530580837,2
-57.14724405868712,0.10841072880702997,0.13038458621049362,0.9202220511633631,5
5881.481381618654,0.19063086073874724,0.26405400890580494,0.8519393491880344,3
2779.2290465354145,0.15191336047978443,0.2005120220652316,0.7525117767828957,3
1998.201826173875,0.14343416759611505,0.1874703992249124,0.7836479933248073,3
4514.481003259708,0.1826760514029957,0.2557054972858169,0.9110013353813208,2
2759.0220802303675,0.16399264259989657,0.22786792089864322,0.9635489187940486,3
5381.550894330474,0.19021643274772948,0.2661239105003915,0.8983690175558314,2
41.446968230132256,,,0.9488010402260558,4
8313.562587119222,0.22624233379256117,0.32627296895152536,1.0220331530580837,1
3509.8658401282787,0.17840700399419807,0.25412258633077733,1.0220331530580837,2
3232.7089788299813,0.15507815547525752,0.20426191135429694,0.7226570305256903,4
3844.6868256552348,0.15764273154563857,0.2058876213757685,0.6754496674251437,4
1511.4413697253992,0.1365682646621281,0.17611660938855495,0.7882748263453152,3
2209.0708814118934,0.15139428323036558,0.2039655878548729,0.8831895975673,3
4846.472203197184,0.19429211147598835,0.278134572406998,1.0220331530580837,2
-460.11516742975783,,,0.8697892729825147,6
2827.891330675801,0.1552748808097022,0.20712634031733623,0.8041139879021493,3
2350.5913890172937,0.1478443941390652,0.1942634751181686,0.7799385633554123,3
6698.770109577369,0.1920604271625962,0.26300412271884854,0.795495339902876,3
-665.4909316995355,0.09625461175373856,0.10384558346577251,0.7395626517435693,7
6414.705042874548,0.17817851125064413,0.236849387235452,0.6673970944770031,4
3156.800830707961,0.1675992580057937,0.2328137845750462,0.927137292821311,3
-768.7746233568224,0.0983827767069215,0.10655549338962378,0.5914959539461283,7
2124.9128450948087,0.15723357077386024,0.2192199884593719,1.0220331530580837,3
566.8488482425605,0.12455930242031177,0.1612321402721137,0.9543493354876995,3
3128.9225639345163,0.16219453892490496,0.2205279167468689,0.8518398113659813,3
-460.56915127575377,0.09940109496101288,0.1105173360627305,0.8112164414045312,6
5449.23829504377,0.19059005977269405,0.26620998400176177,0.8985905869333822,2
551.044759754148,0.12344979103454537,0.15802848031598846,0.9318008384204874,3
-1458.053208486005,0.0830397679284943,0.07845186294962335,0.6435737138036012,8
1058.4074328553377,0.13434892675195448,0.17749924655981889,0.9452899354668365,3
4932.451429637617,0.19486260568210123,0.27933617856615456,1.0104094099573144,2
1584.1060330457744,0.13375702790544894,0.16867538770911783,0.6913753941415002,6
1619.427785158235,0.13770776189467143,0.17758674343931494,0.777837126304964,3
3766.418425501696,0.16249688442721893,0.21663516265234656,0.7515502842195819,3
3795.7313677436296,0.1699916442685208,0.23258131039074217,0.8523323701273756,3
2801.462378058862,0.1682130266290187,0.23755073957800055,1.0220331530580837,2
2054.670585426439,0.1482891347559417,0.19841283775640478,0.8657115498165625,3
2817.2242302107943,0.16845031128341365,0.2379346513869678,1.0220331530580837,2
2150.423669671249,0.14871081694309402,0.19832406201494449,0.8468093160009816,3
288.3944921086636,0.11588073122675273,0.14080302993443183,0.7994485033039127,5
1136.9515578093185,0.1296953844826931,0.16378552400074115,0.7535834588710081,6
1841.739200290882,0.14621689574569244,0.19623368596348884,0.8874328564415338,3
2068.1635871975695,0.14453879593284005,0.18917322978704768,0.7889208347191302,3
1361.7363787255797,0.14208351116776613,0.19267865920410265,0.9940567249399149,3
2789.3452577498006,0.15247337114760745,0.20120757983913795,0.7651486477662823,3
-26.519741233535335,0.10944013047874257,0.1290975505355164,0.797082047371274,5
1201.56200786522,0.13847155478269996,0.18623669388180136,0.9798843881420491,3
3383.7128454671392,0.163021972183924,0.2208143181698688,0.8133388071516514,3
1678.5323625604638,0.1375434987325207,0.1767156520163553,0.7520761336591175,4
686.2179608450689,0.12488977380789948,0.1588230917968759,0.8664358738003107,3
2302.174483637224,0.1582205593364051,0.21947911832612582,0.9829421793789341,3
2060.6914484671543,0.1476983333507633,0.1967151478660526,0.8544967653278561,3
2161.5008080660687,0.14708749755263853,0.19450098188572154,0.8108275763121602,3
3785.5505253966517,0.17932205186962172,0.25360436667033354,0.983975750441107,2
1254.9191756642037,0.14060564982073634,0.19106569787181804,1.0019024396841414,3
2012.982103343581,0.14511269424592688,0.19123605089189366,0.8143346520269172,3
3756.2855808702298,0.16442439250267854,0.220748466128498,0.7806555508828374,3
191.0666535996543,0.11299521337473382,0.13285193253559557,0.6483511846161311,7
1732.4994402273066,0.1402324890774253,0.18244363142785008,0.7980703908719069,3
2864.000286228456,0.16882181735945784,0.23774219880288006,1.0220331530580837,3
4773.188696834693,0.16438800944933976,0.21530929493037548,0.6584106563385327,4
1899.7546131801125,0.1407356023914872,0.1820483039919054,0.7557422123575916,3
5147.07503590971,0.19776846016629868,0.2838242551693839,1.0220331530580837,2
2397.0735202915184,0.16142838779142044,0.22627110664034267,1.0119547460638143,3
4432.865769602872,0.18359322846299625,0.25795195620194133,0.938437922813823,2
1352.5073641760082,0.13377668541907045,0.17108426867253002,0.7790418622698632,3
3507.574944985049,0.17804348516347096,0.2528559698963363,1.0220331530580837,2
3204.331493442391,0.1657648934307872,0.22808426825940845,0.8907593204718453,3
3624.8743848591803,0.16327628304634348,0.2190279557155009,0.7852889113730257,3
2919.796995505952,0.16982659666455222,0.23980188313871625,1.0220331530580837,2
4616.538857354676,0.17383075847656076,0.2357579969766449,0.7890678807914262,3
1444.7854000035861,0.13512806896051188,0.17345542688017304,0.7759021730172533,3
1443.3406748107718,0.14335957822295312,0.19460546045702357,0.9862697377804678,3
1976.6815535663843,0.15474437091161236,0.21530388814171603,1.0220331530580837,3
509.5254809620218,0.12339996919035914,0.15944782778315142,0.9582203394164486,3
5509.009074836813,0.20140738953832632,0.28912087254720986,1.0220331530580837,2
446.01234075697346,0.12070506912468776,0.1524276788433781,0.9154041653688454,4
3817.4412853823883,0.1701041820446335,0.23276515994039074,0.8495060424167149,3
458.0245875908628,0.12269154856894603,0.15917112593124336,0.9742190540755696,3
2461.1792136997733,0.1486642069514347,0.1956009844485379,0.7645684738838072,3
3952.094827811103,0.17244444031894085,0.23670171703142845,0.8635390543313586,3
-681.4050862052472,,,0.8352489955144417,6
4907.889787275885,0.1875029896693377,0.2629000711538539,0.9267446439330618,2
1433.6061740374887,0.13552316091372638,0.17466524889096036,0.7894783232983738,3
1150.1176343118084,0.12913149426140083,0.16204569926212575,0.7312241399734679,6
3282.8107748216985,0.16894260770004615,0.234292484154139,0.9274613660389278,3
4669.514886635932,0.17387891120097268,0.2351744567688002,0.7874926850855737,3
2119.624764708952,0.14511623173666524,0.19004759204908622,0.786281354459824,3
4378.3892499943595,0.17447819485541913,0.23864236654953858,0.826249383004659,3
1358.9050720229484,0.1307703853885869,0.16365935393150727,0.6927096546415861,6
5076.923032270546,0.19302987170467528,0.2741233430380816,0.9698166994292129,2
3914.4207759131077,0.17749287927881602,0.24900669709968498,0.9292848333377697,2
9394.868322726505,0.228665588320564,0.32564839958577074,0.9766934561700482,2
3073.7015959107184,0.15758039758684392,0.21055844233742385,0.7914727888694388,3
125.72388617828462,,,0.9005176039752268,5
6711.783217747474,0.20813686327528558,0.29652017809567044,0.9656518922274717,2
-1222.4001636703867,0.08534040141594232,0.08272104639381726,0.6940596182367826,8
2820.782474107488,0.14780021597898677,0.19093877317045554,0.6799829442247806,4
4717.64008918751,0.18483178633687203,0.2584443437277513,0.9172825385926674,2
5232.391245487955,0.1985775940685926,0.2848902111363715,1.0220331530580837,2
1162.6033812658075,0.12751365792632902,0.15779968211336382,0.6748605566245093,6
2775.762380675553,0.15574491659017442,0.2088427560047421,0.8201573847940201,3
35.75779544484354,0.1107867172851002,0.13211681922475693,0.8259195710880107,5
3942.933867592339,0.17261473501203,0.23750750184699432,0.8632448655667633,3
3380.056122670607,0.1734497023413496,0.2433761119460541,0.9798926372335537,3
4599.719645979144,0.18483819890061565,0.25972737491283626,0.9282104579268619,2
-525.5979712386455,0.0981314549443596,0.10788990083219689,0.7967314921610172,7
2150.3535867813107,0.15321631019487547,0.2092894428034924,0.932675166767492,3
2796.33389405465,0.15593167709675984,0.20857011262014566,0.8245030455823495,3
2001.9792313479666,0.14786164460829246,0.19787695843315312,0.8743907420219819,3
4970.939678341903,0.19560127492923124,0.280577266569162,1.0157298601870708,2
556.4237251729817,0.1192316141167794,0.14438555253800595,0.6981543707263596,6
1548.8187440704578,0.13785631323371492,0.17884523899956545,0.8061210521031703,3
3070.186726046203,0.1603289834367388,0.21660111982673702,0.8364007424067725,3
-1226.6494400206425,,,0.7996215539364949,9
5761.526550970751,0.2039955681933862,0.293119368985208,1.0220331530580837,2
2989.002552107598,0.16574918387605067,0.22968898791004902,0.9386509398884112,3
2820.9465123609257,0.16880603427207466,0.23918330533779233,1.0220331530580837,2
1646.18691274804,0.14163570271093706,0.1869070162229037,0.8608690988650662,3
2817.289647850291,0.15729244949152416,0.2120054080605769,0.8369554315154327,3
5383.452017526128,0.18708791937287977,0.25968138677562813,0.8588644367291406,3
2191.2309549257757,0.1439547747590951,0.1869360856746426,0.7427771361182246,4
4574.521130502687,0.19155183756038244,0.2745132149309938,1.0220331530580837,2
3986.587596496168,0.18155544002802348,0.25699438896044735,0.9797463052264839,2
597.1344503065116,0.12225590653861224,0.15272038683615394,0.8266569611474934,5
1561.511701645314,0.13960156275643387,0.18298658230105502,0.8442489349972392,3
3426.3304296178353,0.17759281491853474,0.2534707455335592,1.0220331530580837,2
2299.926861067579,0.1452273078575672,0.1889306795266748,0.7409138437435918,4
678.582707289467,0.12131388689731468,0.14825495644308834,0.7058109550980575,6
1576.40973964802,0.1391294342323818,0.18176578490547396,0.8253572713567555,3
-109.32243576967626,,,0.9537561110101458,4
5647.492945302689,0.18921256062603792,0.262583482377886,0.8566564777276787,3
779.6813489988612,0.12586542898861813,0.1592236361022515,0.8352662786270264,4
2674.680176571226,0.15971004427410668,0.21885042364519908,0.9100107877338732,3
3005.2320022760205,0.15235946263828742,0.19924035410731444,0.7254442906647102,4
540.3346271272794,0.12232528237582303,0.15467604647092237,0.8903636210735072,4
1777.3746589260368,0.13453751747942988,0.16882736459547232,0.6524683290952592,6
2283.968317950507,0.14732339303718622,0.19377850618075174,0.7850615479706317,3
3363.2831227650067,0.164138778306824,0.22259168924829284,0.842814858422748,3
3884.5770233012686,0.16497158673992096,0.22108621473016687,0.770114107973444,3
-836.6618311935292,0.09349925744654683,0.09840762409012316,0.7070310561284306,8
2398.5068985309895,0.14805366653172317,0.1943375930846742,0.7724221657303993,3
3805.332336205431,0.17264445746041018,0.23857319546732464,0.885378672599486,3
3590.7917165067724,0.17506889524456712,0.2454146441570629,0.9608202696848662,3
3737.577451629452,0.18140534120557278,0.2588412364999385,1.0220331530580837,2
3064.6417037511897,0.17187346184018676,0.24294892399084347,1.0220331530580837,2
1828.4952931061189,0.14429910439894233,0.19131737464776963,0.8549182553258925,3
4803.578205527756,0.18621717931564494,0.260742398835282,0.9248876578265793,2
3962.843819812198,0.17709815884818456,0.24757082682008333,0.9179808459229094,3
11.43916604913204,0.11022445791541036,0.1298164306812396,0.7585118904957788,6
5722.38408115538,0.19255032486853457,0.2689673631306505,0.8898818323673672,2
2665.2023116875293,0.14574531251523704,0.18762979072889727,0.67188286617799,5
2632.50367405887,0.1613704177055297,0.2231479551814118,0.949212322267473,3
1219.3366278752665,0.13972441668156538,0.18945426637510537,0.9985742432757485,3
1621.4549120285758,0.14826589603753756,0.2044356178106682,1.0213292357075447,3
1973.810226875282,0.14334071966159176,0.18722937987859045,0.7917244239628232,3
-21.161528856791776,0.10959091042741426,0.1286213134528225,0.7456009085992463,6
1745.5778304748183,0.1474366025629934,0.20033306016375715,0.9520464401558947,3
749.935578219558,0.12974409100152123,0.17190881363603697,0.9840591691898883,3
2097.927472699194,0.14113039675585246,0.1815261216081126,0.7070913452218021,4
2245.9235130363936,0.15932998005418997,0.22284227266063686,1.0220331530580837,3
-486.15233592915,0.09979748512196239,0.11070688844793045,0.7604936066562591,7
2422.1021125337675,0.15801697734559644,0.2171747807675274,0.9489308409536307,3
1875.920093398688,0.14377641804912855,0.189463613283624,0.8286560568211581,3
5047.148629092363,0.17502269222713948,0.2361400642035733,0.7534250083368446,3
1188.5455252301153,0.13260855350436035,0.1704410264977923,0.8195231635453336,3
1462.998620734619,0.1407455405559631,0.18731487398727042,0.9129986286724849,3
935.1978006858617,0.12561241482317198,0.1559210323726803,0.7204996381593446,6
1087.6593435392929,0.1315866321037902,0.1693354950108187,0.8412798270076534,3
4.4307580608237345,0.11005360965073124,0.12591199920134397,0.5231389978197938,7
2744.9443814223077,0.16717692949787313,0.23543949215381876,1.0220331530580837,3
2607.9141832717196,0.16516504297778745,0.2324027197711985,1.0220331530580837,3
1193.5028235103225,0.13095314578158648,0.16648364333013893,0.7621947117613572,4
1362.7081768938708,0.13775615237909736,0.18124210315982053,0.879931174000827,3
6986.096616364175,0.19399811585526552,0.2665505586457584,0.7840189684097025,3
814.1850036122562,0.13138000744793327,0.1750778883630119,0.9899360209840133,3
2503.6752268930895,0.15488544941299548,0.2091583004388668,0.8694144550750025,3
12986.23566027155,0.23366717749213428,0.324725629276145,0.8216989461772555,2
3064.5891889110844,0.1670344816893703,0.2316821334541601,0.9453148512433134,3
799.7907916271068,0.12658463868983746,0.16098167477939573,0.8480523530586066,3
5400.310669652959,0.2003896602383975,0.2877455476584146,1.0220331530580837,2
-365.6001242817437,,,0.8289197355676537,6
3803.174274072858,0.16026277461942304,0.21169526814228448,0.7155387864411782,4
2322.073268942273,0.1607012930418933,0.22538042203814262,1.0220331530580837,3
4234.21572056057,0.18740788593559052,0.26783853753513537,1.0220331530580837,2
4044.939920468027,0.16452254582245593,0.21926158873866372,0.7415996786139819,3
4359.4909796416605,0.188637781507714,0.26924481180685694,1.0220331530580837,2
3291.564349341291,0.15930857765097245,0.21286144641489957,0.7787689415435242,3
5372.829393677139,0.18774649854140082,0.261001216335353,0.8692664905949428,2
1835.2031330801592,0.14799044226638217,0.2006325039965305,0.9288001592092383,3
3874.1297387987115,0.16112167516739648,0.21351108172293604,0.7134305205869179,4
3928.8508165373605,0.1651483168364394,0.22091636142904467,0.7692821725702571,3
2898.06309014865,0.15873162177467753,0.21468905898163937,0.8423860002884965,3
6416.730672740338,0.21032294119286238,0.30273430835040915,1.0220331530580837,2
2093.851915957941,0.1450412996166961,0.19001787109809815,0.7928888195760868,3
1345.137291046649,0.14272356214150927,0.19490807569491156,1.0092553464565264,3
3661.0202454930454,0.171945100432913,0.23776582636637617,0.9036047150875125,3
2445.71506438363,0.15466565091555823,0.2096589266693627,0.8751293991981175,3
-331.76866060432405,0.10427844497271507,0.11782315679447494,0.6716784337770273,7
2652.219545294534,0.15925242680732482,0.2180040568393452,0.9076441694368403,3
4611.5176690554745,0.1921382032089241,0.27570867456306586,1.0220331530580837,2
1577.7091795495608,0.13459497623266548,0.17081073800291047,0.7131190739701949,5
-117.50076154935512,0.10751024681972014,0.12551568368271554,0.7913940572023713,7
2502.8979139558405,0.15034951112311326,0.19889747604647712,0.7872783864867408,3
2396.489728186598,0.14485797215775173,0.1874342351651649,0.7112471719810906,4
3391.538095479419,0.1542534692845038,0.20133333918620344,0.6882480364051672,4
3575.8872845274495,0.17711296043962652,0.2502973172817291,0.9925141791342444,2
1533.644787140243,0.1466112622792935,0.20171192561829235,1.0187495535022757,3
4423.744069674169,0.17096852629911152,0.23060752829205744,0.7785652756288158,3
1510.5235499900875,0.14146645382588763,0.18857112698897255,0.9088171821059137,3
1777.3656074355652,0.14542501456762696,0.19471769660667632,0.897351323368439,3
1281.9782187803905,0.14160745912440695,0.19316724888012685,1.0095392535368262,3
141.74040118063624,0.11298585743506923,0.13580466182702372,0.80726581737357,5
3256.3643231196256,0.16215937890219723,0.21938952015989344,0.8280720483111329,3
2870.1476726199094,0.161307016903902,0.22034186210912593,0.8953084197024943,3
3864.5837736738895,0.18302600320639614,0.26136602095793926,1.0220331530580837,2
2104.388878797261,0.14277877576923853,0.18514474153053023,0.7396059362426451,4
3462.4081906511483,0.16598759475200497,0.22663573047066168,0.8452224935275338,3
1165.2794157512185,0.12992226741389462,0.16383825140055713,0.7491209163820495,6
1619.6883664041754,0.14820283163662684,0.2042293652077205,1.0205758631672388,3
2785.984254113362,0.15895179248100252,0.21626075025415048,0.8690870461118861,3
1753.8379031448994,0.1484170632893439,0.20287004039892054,0.9685153800647921,3
2504.8182144464354,0.15505780073845019,0.20960218071486453,0.8716063684103288,3
772.8460260363039,0.12417049681316716,0.15459461595455654,0.7676616303956793,6
3825.047721613887,0.16896782270860058,0.23029137177218223,0.8318115381652934,3
1371.6749939049873,0.13779401991841952,0.1814430073813128,0.8738086511103823,3
3688.124723631265,0.17027373226201237,0.23391471578834175,0.8744623749562407,3
2180.835748040705,0.15826749579518945,0.22116523481963668,1.0220331530580837,3
2156.5736790608707,0.1564364866039796,0.21696324590011498,0.9945775332891756,3
1418.90418909811,0.13369528052326132,0.17019020910902333,0.7487598267614805,5
250.49415850411694,0.11639943327027144,0.14513608634006242,0.9209273487698623,4
2589.809282053091,0.14900744190408666,0.1950044159581012,0.7467570242903955,3
1187.1701448165093,0.1312870559456769,0.16705002365652033,0.7803219561653588,4
1458.7323874150668,0.13536199672703336,0.1740233372471266,0.7745713769438864,3
6450.571443240063,0.1941759091892891,0.26875069051493494,0.8361353611509754,3
3044.0498029897117,0.16599230679530594,0.22967307261096723,0.9311679723739287,3
2393.9426818646343,0.15482870690784695,0.210289869096232,0.8947638406162074,3
849.8155803063793,0.1263884599658923,0.1596361398998852,0.8009067343078173,4
3521.8500168895243,0.1785695092982678,0.25438325193354105,1.0220331530580837,2
2511.3363226345505,0.14757111001104023,0.19257589142107462,0.736029231633721,4
3225.5578331019647,0.16890771960552226,0.23461762245060536,0.9395633554360889,3
1826.376894640349,0.14561022417710773,0.19429808615059302,0.8866748231352191,3
1703.9249646794108,0.14374555502918157,0.1915993597802299,0.8856052285478618,3
2202.790291763517,0.1514206810182259,0.2045053390596877,0.8809272897351705,3
3166.4982735807034,0.17358192541305473,0.24626226479704205,1.0220331530580837,2
5404.216828285795,0.18683876171398883,0.25867981365881854,0.8576164958975062,3
2603.8841646033666,0.15256193757950318,0.20282822377321286,0.8060836178219802,3
2396.203882660357,0.16175800097280446,0.2267294766090345,1.0220331530580837,3
2888.168222349996,0.16932662996841827,0.2389155277465761,1.0220331530580837,2
1099.6058348949848,0.12964051772851243,0.1639988549810369,0.7727668452898224,5
289.49407915211594,0.1158413626900256,0.14060092517884187,0.7931615568932243,5
1773.4558254023887,0.14269561723122026,0.1878993639784313,0.8401452191711611,3
2725.3914510432105,0.16365364285584294,0.22764026362856388,0.9638148994353799,3
642.9009461606802,0.12244512732277146,0.15223330018525308,0.79251605511412,5
705.3094612971223,0.12881793109536377,0.17041679956746522,0.9851569278110037,3
491.6101358811495,0.12137174285162475,0.1532645718278218,0.8930348231608437,3
2285.004118649204,0.1599414281698046,0.22375153292850883,1.0220331530580837,3
2454.0124856290495,0.15568324766509253,0.2115232666183147,0.8961240049645888,3
2063.914698978959,0.15614147678534213,0.21819512905967714,1.0119690353851538,3
1527.883003314672,0.13677501353913615,0.17636402410535088,0.7880684954879082,3
3092.9786760906045,0.15992703936835828,0.21563505775520755,0.824480155754087,3
4274.264768784461,0.1822422777837346,0.2557182831602404,0.9488769344733287,2
-137.7841411887228,0.10727823157940292,0.12440583319112196,0.7520152774455452,7
3124.091937172876,0.17190192404596016,0.24308440922031882,1.001528567833235,2
2319.4527862684313,0.15295311034960835,0.20663227874283613,0.880366550484492,3
1394.55556784706,0.14129234104148058,0.19020214603187927,0.9547729042913301,3
4051.5863504648496,0.16840309168828752,0.22773852930622523,0.789552620807278,3
1609.4784459103428,0.13852099148070926,0.1797010560696436,0.8005640854576193,3
3823.020396712961,0.16139312395844174,0.21380932601095987,0.7300584608375685,3
1520.7482100580894,0.13981235375867984,0.18403336570445392,0.8659097661490426,3
3443.757916116683,0.17746408955863446,0.2525249665646697,1.0220331530580837,2
157.11963115567158,0.1140119427844184,0.1404115205452399,0.9117194452894423,5
751.5509604801471,0.12236269684708533,0.1498557025945047,0.703636699459782,6
4565.9573807144225,0.18346228932477976,0.25681596669055595,0.9168077320986057,2
4106.42475597037,0.18596664264332508,0.26580780869771853,1.0220331530580837,2
4429.9592634444625,0.17444942698111848,0.23794022594593117,0.8226181092383976,3
1616.2148441735474,0.13926543939560365,0.18159603448766576,0.814056861246015,3
5384.82226375887,0.1961064032517243,0.27866061205495496,0.9699130097398748,2
3260.3370350173805,0.16757770950880518,0.2317711078496359,0.9068194836064281,3
4546.905654544908,0.18814546351259198,0.266712159765666,0.9863585810940587,2
654.1365363175909,0.12310397402980017,0.15399907727769463,0.8142266539706973,5
5512.39098094811,0.18864409322477518,0.26169409879548766,0.8691142649707623,3
-687.5472898576672,,,0.920688572208005,7
892.4796638449764,0.1290844806690985,0.1661279081083194,0.8771996921634628,3
2614.9508557920785,0.16241322580035564,0.2259038970099937,0.9707043499250894,3
-420.521518270235,0.1020040872468144,0.11428642060800487,0.7139764886032854,7
2758.8365026115025,0.15277115012549988,0.20238809634502108,0.7730013902920865,3
4837.426385013621,0.18421205970644228,0.256571231984708,0.8911543439049099,3
1277.940597718531,0.13577271743151875,0.1773877894640464,0.8661425896277933,3
298.1376176085107,0.11569047738912563,0.1397061881256377,0.7601150914172342,6
1466.2103289014701,0.14023898496034237,0.18607760465492904,0.8975815541039152,3
-659.8198128365043,,,0.7877837130651303,7
1766.0641477247673,0.13701753974764874,0.17464942048518428,0.7123465151948372,5
3303.7388192168933,0.1702033712344019,0.23734760465231386,0.9383490666080836,3
1158.5275154473197,0.12815666166143275,0.15954859316971126,0.6957136934193584,6
4507.39643567915,0.1678829535031582,0.22416662279356392,0.724645206791161,3
633.8483992207198,0.12334576952880527,0.15514229044019884,0.8460684762025121,5
6262.83295480833,0.20099722575450873,0.28367795208432667,0.93219890571733,2
1684.2158277555063,0.1418165111419512,0.18717064136762934,0.8475441348937942,3
3973.758058526836,0.17604142027867054,0.2447198521833343,0.9065341077310745,3
5387.746811114761,0.19709150406188206,0.28100590473077314,0.9788580035120028,2
5047.10914950339,0.179573342144613,0.2451287424708426,0.8131210589464907,3
1437.1670122489716,0.14421638560397704,0.1969406172858726,1.0069381373965647,3
3533.1634507583085,0.17182862197987558,0.23907823251574883,0.9185498462759225,3
3992.1458254126073,0.17666444021797362,0.2455300649566198,0.9168599799111472,3
2901.9733815495842,0.16977200451246974,0.24019807525619402,1.0220331530580837,2
2196.9938447117065,0.14677311053128508,0.19310895186808918,0.7988813579479577,3
4933.967600845106,0.18661522777592837,0.26151270495101925,0.9044851216641999,2
1886.2975517196446,0.13934973581344826,0.17888889247969925,0.7303767277142591,5
2821.4508057530147,0.16157493597638678,0.22179268987383702,0.9065534125617396,3
5211.473248478586,0.19056610070620078,0.26748613144372935,0.9273414666014742,2
1443.334419075742,0.14372107693807273,0.19566026801912811,0.9943094835735719,3
2316.886134856575,0.15242627764982902,0.20541875942144547,0.871254773489788,3
303.80000534559673,0.11693378527143071,0.14436586898045792,0.8705660021447581,5
-36.211688587427304,0.10924376309230868,0.1286324960927232,0.789619502373648,6
5521.5787038592725,0.1888341427307751,0.26227253983961424,0.8678473812562999,3
19.67554073323484,0.11031538103297864,0.12816164003106678,0.6534395666961289,7
1665.9183149094072,0.14029932311832458,0.18342873680594501,0.8218255225257044,3
3548.1952811871743,0.1774970288954137,0.25122207710846856,1.005817283716834,2
3650.040731305994,0.1800643544673221,0.256700595037546,1.0178066194488833,2
458.4996985055584,0.11935814872967968,0.14725826305075324,0.8128339817155579,5
3465.786649528941,0.17681512621420553,0.2505932201565883,1.0102614784070207,2
3800.683933535385,0.1669491475342511,0.22619810833093656,0.8060294787473403,3
634.5130750662944,0.1219107859994438,0.15084044458762952,0.7727913296982576,6
1640.4554611843746,0.1376177729313895,0.17698784306376186,0.7701879878666066,3
2653.515815285441,0.16411128358568022,0.22956371694453995,0.989386194048006,3
4870.803386761871,0.1746866081683948,0.23619589673107838,0.7700015788568452,3
1242.0708068839585,0.1341235713166498,0.17359752437914727,0.8373448865303853,3
3262.868898817236,0.1705311502397308,0.23827086771088946,0.9538443264409863,3
2870.2210672377973,0.16149695273734324,0.2210257237267797,0.8957977752342389,3
418.0666574925208,0.11868976116620616,0.14634247160429373,0.8200943244580158,5
3897.049004211718,0.17895734349458509,0.25155093861685607,0.9625612336328624,2
4551.442961239631,0.1771517488706195,0.24313516380607322,0.8397785334851395,3
-684.9053646100604,,,0.7155233671875024,7
1260.1849059779188,0.13192898452653026,0.16772519527512486,0.7654245686323352,4
2217.6370958771467,0.1507399062431432,0.2025243541575037,0.8660307904388935,3
1868.458160793051,0.14452356506226358,0.1912898179452896,0.8477777927360274,3
3543.070471453919,0.1737161728429783,0.24323748798669845,0.9445676797989748,3
320.0351376825797,,,0.9258762159009062,4
6626.63015764921,0.21250869488048924,0.3064270586641214,1.0220331530580837,2
1852.440444992169,0.1441742489285389,0.19060499819279358,0.8457663749980523,3
505.3711002152678,0.11997816713765133,0.14790499847185862,0.796198677363177,5
1768.7830435318174,0.14481870103618358,0.19352379823758387,0.8847601734198643,3
3704.624226220032,0.17873048917426787,0.2529460935758834,0.9905139175953547,2
2067.287408960019,0.148608857083309,0.1990718961973471,0.8679555843329787,3
1776.14318188677,0.13767459510581836,0.17594624341782045,0.7260010712018736,5
-14.926661050617582,0.10969802021963918,0.1292037936764246,0.7725379225206851,6
1287.167777922247,0.13645301681581262,0.17909915791515235,0.8796507386128107,3
809.8362040294809,0.12220817646871182,0.14862955342159706,0.6577061648153633,6
-131.39900748016623,0.108081891591155,0.12363071412746651,0.6003892237919894,7
6042.723726534562,0.1997966909927527,0.2827341596021143,0.9369392971081434,2
2694.3670977205625,0.15975233487788498,0.21869159366324312,0.9067097585867551,3
3361.802639148379,0.16106966146207927,0.2160620696331535,0.7949920764760651,3
1278.1034158483697,0.14056820141304346,0.19043775659301904,0.994363350129222,3
1069.6950699007405,0.12933839759707558,0.16370072289046228,0.7778391362994629,5
850.6735439592802,0.1279735840307694,0.16398013518246451,0.8636719875806163,3
880.8883389967491,0.12762204979144373,0.16217276044899342,0.8316146240554904,3
1169.9629603992294,0.13673622876249286,0.18196423943809348,0.949523071008377,3
3133.857066361496,0.17009104529470281,0.23811242243391467,0.9781636621775038,3
337.25906433014916,0.11952834228195572,0.1532430124123494,0.9686756990248954,3
-1434.9940264451352,,,0.7116094276992982,9
3513.589407837502,0.16082077851224313,0.21439713629079055,0.7678512486813325,3
3265.6508566605507,0.16015807937192222,0.21479787969583417,0.7972180811688443,3
4450.264248829328,0.17580067769140445,0.24098605173930993,0.8343332214616936,3
5923.134153303039,0.20564556498293315,0.2957116388184659,1.0220331530580837,2
4046.142582252849,0.18143444277102383,0.25578326354116143,0.9731640734233181,2
2029.3527928844665,0.15015031574685056,0.203466469043633,0.9080049801297911,3
600.2851913840314,0.12623143082964822,0.16566474297324024,0.9796448240507919,3
4266.557446329405,0.18774126311946024,0.26825222642946756,1.0220331530580837,2
2536.201848778833,0.1631726102591529,0.22868922203851988,1.0044840732248206,3
6624.969056301458,0.19865112384077296,0.27707305733056276,0.8700220159325814,2
2295.4689379406213,0.1520462686417887,0.20473988634767015,0.8699908308923802,3
5241.615421676662,0.17771967471508104,0.24013280918534285,0.7715066821811688,3
1160.9069193706323,0.12691240907179235,0.15633855558007786,0.6562575848309626,6
3895.9609673607947,0.16717999440988937,0.22601418713820753,0.7958350310873669,3
7397.384008211882,0.20746521654882596,0.2916567490083254,0.897825281680222,2
406.47729348557596,0.11665631940641111,0.13980484128023823,0.68085735358907,6
2789.4350747715694,0.16839649945532079,0.23866875498315493,1.0220331530580837,2
2276.0821131137054,0.16009512476193782,0.22477096419279408,1.0220331530580837,3
780.9646682637851,0.12982175596453088,0.17117867561537425,0.9710004411516179,3
646.535599284703,0.12227229639065626,0.15154955670113854,0.7818729717209737,5
1169.9439805761704,0.13349113862814196,0.17303964541606545,0.8555975335743123,3
3935.6191004040406,0.1840671371767712,0.2632696922628383,1.0220331530580837,2
3856.90965705325,0.17926418201095656,0.2529207527106337,0.9698988277383513,2
831.0622180582833,0.13179264987466016,0.17588463588581363,0.9913090174688393,3
4760.813756321339,0.194328269813559,0.27995066616931585,1.0220331530580837,2
-591.5821414300456,0.0987286018247687,0.1081637063980452,0.7050371111363385,7
4403.570196292893,0.17956758788077426,0.2490093542397517,0.8937976662263659,3
1873.315132626323,0.13708635371076533,0.17385730496971524,0.6837942289109047,5
4949.265073586172,0.1936331883083767,0.2765214401937556,0.9922752542030381,2
1533.0101243784547,0.1381905177890986,0.18007707529432088,0.8178189895522039,3
412.8598312241232,0.11898193160859594,0.14755181602722595,0.848616144419943,5
2357.4508885019563,0.14763153100911952,0.19370529734515002,0.7745197110627821,3
1710.572961152588,0.14208745464338793,0.18742053745918388,0.8453592958111679,3
914.7526646418067,0.12638672236716958,0.1581922547222348,0.7631746122762344,6
2064.158612688851,0.14566372334438712,0.19203167726591347,0.8106293036030424,3
1915.9155192308594,0.15364542414390603,0.21353334777377314,1.0206312571292415,3
154.3269186799045,0.11315628659040158,0.13580445286952458,0.7906208024770718,5
2876.5664534808934,0.16127958994420627,0.22065768051252238,0.8887645871629665,3
1405.5820812527932,0.14239291629437506,0.19301093440990372,0.9766606675501767,3
1725.667254853241,0.14001641306549578,0.18204039817173903,0.7949201275079761,3
957.4119687460486,0.12730354345339948,0.16007225518187634,0.7699921601008638,5
5939.249504504911,0.19951015118576837,0.2833457648859621,0.9373883456747705,2
2568.098983195985,0.1587000144661943,0.21745405652945926,0.9200956374260011,3
3251.273387859258,0.17456871165832133,0.24738891822926234,1.0220331530580837,2
1161.4287095933437,0.13911625367036326,0.1889181512393407,1.0054931530615818,3
2285.3054598300387,0.15379241438931787,0.2089115534341545,0.9062558772483923,3
4723.5571536917605,0.17442298127671169,0.2363814607768291,0.7840798795183831,3
3019.0726751498196,0.16725202255183835,0.23347927401191557,0.9492343639942655,3
2155.0868166820205,0.14199677494339086,0.1824309356910817,0.717309506960737,5
2223.6942325674513,0.15269343789213966,0.20711003865544625,0.9015440357578203,3
620.6817170023077,0.12422263193648181,0.15833640749879122,0.9010311550559474,3
2666.326204349051,0.15979249531219472,0.21923602952156215,0.912211042247211,3
2063.451258141797,0.14332352584815458,0.18657809664600794,0.7635476781020782,3
642.6768867665104,0.12685922212413062,0.16616395245691823,0.9710809246170553,3
1831.957921909952,0.14621730605786074,0.1962602398678428,0.8919882440948506,3
930.8903561303978,0.1317934762791083,0.17307924560736868,0.9457995015465437,3
2696.9246006181625,0.16211742838022475,0.22405674271903994,0.9476811018121657,3
2163.8906921250905,0.15017612428418947,0.20163862943481947,0.8717275405388784,3
1292.5337100524441,0.13692854022629034,0.18027162599209984,0.8900376725259614,3
1027.9542541740702,0.1280627574412393,0.16106518403248635,0.7560931236238144,6
3593.4974655079136,0.16923998231077345,0.2321757915884519,0.8773508047694437,3
1026.7166720465673,0.12959377133156524,0.16501127338779048,0.8105375953701273,3
5210.6285390430185,0.1849203564988785,0.25583735141080977,0.8550952012958808,3
733.0555744809196,0.12248187785216944,0.15066756159885697,0.7197272132773197,6
4303.523385533321,0.18056554805343694,0.25255080048191303,0.9139102989332881,2
917.400123417214,0.1306113286453183,0.17005037986491514,0.913550380076613,3
-479.7837907375495,0.09938524695544404,0.11021668710563975,0.7892578925985843,7
2022.8287226559496,0.15018168134683946,0.20318413961795162,0.9156543329347583,3
-160.66094837818656,0.1064209001913696,0.12390417921487826,0.8169874175433045,6
-605.0095949455023,0.10013217897694632,0.11001988323387196,0.6314953087529709,7
1546.6595488240137,0.14614254614689348,0.2002530334168114,1.0047076700210371,3
2384.27446301268,0.1444971498271116,0.18674796235409308,0.7069533385576937,4
498.64672760408996,0.1222646613043253,0.15590628662594108,0.9299822467687774,3
1468.835587106817,0.13356089221815637,0.16931751184893074,0.7264164821834698,5
3275.3700136682087,0.16006341773872923,0.21436374640834405,0.7958033519781613,3
2690.2526972177707,0.1535725776415348,0.20431654160074686,0.8054109608277693,3
2532.3766890430907,0.15687748226555415,0.2137668565133936,0.8947401763772727,3
1926.4571653804508,0.14843637113517621,0.20047940717231547,0.9072962177748424,3
4070.1225210848766,0.1811101471319489,0.2544312380552584,0.9692083371574174,2
6125.0628831925915,0.19465299359089838,0.27101050238925384,0.8752590362654409,2
407.4324624968204,0.11957740524248951,0.14992524244516975,0.8988769333527858,4
398.08191696391214,0.11872657511639775,0.14713318542708292,0.8529116566988916,5
8783.745513388218,0.22963590417548407,0.33103009427140934,1.0220331530580837,1
2300.936504711395,0.1522710806440955,0.2051632139904541,0.8732555271129474,3
-90.30979174513814,0.10828184545889602,0.1259755094997672,0.7340866781888993,7
-40.453716306749996,0.10918759469441286,0.12813008645935045,0.7675715769219166,7
-592.302302010742,,,0.8520997577492225,6
-750.8408884645132,0.09809106537786647,0.10623330901098599,0.6119557619414087,7
3686.9218893591083,0.1755232659597823,0.24563321883506437,0.9497777335065379,3
2372.6829101382036,0.15415037490956826,0.20902986994042294,0.8867229741717929,3
1144.808412308287,0.13870256157624683,0.18796375445817834,1.003036552231088,3
2641.250087930701,0.16025268426910771,0.22050245017198905,0.9269572735719797,3
-610.4757503369011,0.09885236013906251,0.10823262126577904,0.6820510795163174,7
1587.509783626344,0.14332524089240906,0.19211454563519512,0.9220190595558966,3
2699.443880342944,0.16659359880013652,0.23476179923891327,1.0220331530580837,3
-1322.7294738756298,,,0.7753532144761938,9
443.80850975715816,0.11932927573488998,0.14767065023006584,0.8295713286709187,5
124.30289340051924,0.11249997790946513,0.13432715451072003,0.7798550589504135,6
1727.690896847132,0.1453365689119892,0.19519790732229014,0.913228096034792,3
2497.163583993062,0.1626372934160828,0.2276056744420203,1.0086780295279614,3
3176.719653363541,0.16557563171791123,0.22738507577123532,0.8988406733503254,3
1751.2443608131841,0.14111044285664323,0.18444756835579035,0.8105558376996288,3
4384.3104090547,0.17887540842839372,0.24786792725208218,0.884943942693461,3
337.57542348546826,0.11718601145212237,0.1437967067045975,0.8297171051652954,5
4573.339219961694,0.18547550360381138,0.26093266030693485,0.9444031022536239,2
2617.3187511989217,0.1541283857202871,0.20670427826498777,0.8254139480843619,3
2313.7742998861722,0.15285228661377917,0.2067738121171715,0.876398136245222,3
4287.328219964043,0.18404468835942683,0.2599744894738251,0.9670216442309362,2
1001.2668668084923,0.1306196108545919,0.16833108233950042,0.859031428038966,3
4798.3692833476025,0.18576238840814774,0.25932174113222584,0.924761096624009,2
3660.603332894596,0.16503580089729447,0.22271837929583854,0.8035147195486726,3
4722.114480092643,0.17363943573272994,0.23468497127796584,0.775227521369652,3
302.6655942128629,0.11634291998198026,0.1420520659608883,0.8166276506249313,5
241.85067783927354,,,0.9658593792352999,3
4298.301249141132,0.1866910996743173,0.2656311840291892,1.0027148348543098,2
2640.529669783091,0.1620925013745364,0.22494247772738168,0.9576853612611065,3
3722.273644566638,0.17830771584285687,0.25199057293066296,0.9793435458180838,2
4195.518243422018,0.18139175567921484,0.2548261400803312,0.9452005302462535,2
536.8486254809723,0.12014516675708367,0.14776386666599142,0.7695944928242652,6
831.0520482932727,0.12581967141859426,0.15817907733326136,0.7943998376844837,5
3363.347853479404,0.17010533435022807,0.23620461151731434,0.9295845035737118,3
522.3551524461334,0.12049310263846566,0.14921788422343524,0.806373808622524,5
652.0400724208494,0.12349883177485027,0.15514130428273348,0.8366122006019379,5
3335.4779301783765,0.16630432465717612,0.227651696823159,0.8800676357646736,3
2435.0670759071954,0.14714250667939274,0.19212097993786303,0.7459414198401497,3
6149.009963376252,0.20282930650355413,0.28853710524381326,0.9610053853348336,2
4149.436206261503,0.17518478124729883,0.24145776234836375,0.8695816157875412,3
3005.3752405767355,0.1708170016028816,0.2414818663142796,1.0148731863652558,2
-49.96839956522456,,,0.943845017931898,4
1278.0774491042212,0.14153453339840782,0.19306580407865112,1.0095922163553719,3
3484.856038072941,0.17705601243524144,0.2513523979396269,1.005679318504713,2
-599.7477647498649,,,0.8486756059612827,6
1609.17878412398,0.1434304845597581,0.19221230214607204,0.9139229927497019,3
3880.602862947572,0.17512812366567232,0.24332416028446463,0.9097597106927303,3
4471.079998124995,0.1819540407452223,0.2539174525649287,0.9134981643514717,3
5.334434954565069,0.11009109756550972,0.1283307131106995,0.6834917338894902,7
1785.1864569258591,0.15136368320772825,0.2098028908101696,1.0220331530580837,3
4039.0350347915532,0.18516022783123848,0.26459686134330695,1.0220331530580837,2
2455.637403794486,0.1607900810031424,0.22376692214384092,0.9860999244881277,3
2534.880610663866,0.15637356816760078,0.2125965598243056,0.8848904098408887,3
3859.0957115750393,0.16822571227621663,0.22856137411472446,0.8151160909983001,3
1097.8446682282436,0.13064363941612106,0.16684108534718692,0.8033546428690267,3
2226.2238515299555,0.14570850153086218,0.19068679161282495,0.7675082015861174,3
3409.352305079782,0.1682692296095411,0.23204205846814152,0.8894043518190786,3
3006.6005797971634,0.16552668275526233,0.229474224914884,0.9260085673383782,3
2311.904733283488,0.1429411885068475,0.1835471151955062,0.6969502511337804,5
4417.371343452699,0.1892868469867608,0.2701905958561839,1.0220331530580837,2
3398.5972059877886,0.16638619226496307,0.22746786650786824,0.8683651159050241,3
1115.332593568039,0.1316003004501909,0.1690545369645406,0.8248467055149578,3
2512.2532703892416,0.1442089481154654,0.18532147482237638,0.6739006991829192,5
2313.471626002402,0.1605341578193475,0.22503908844810214,1.0220331530580837,3
2105.836547187596,0.15247783315317065,0.20829428629695027,0.9291013226069013,3
4693.713768155489,0.19279874245476097,0.27623007632428204,1.0220331530580837,2
2358.284321266361,0.1613998950005225,0.2267908335150423,1.0220331530580837,3
454.4803436071315,0.1206996257791616,0.15228939472071945,0.9014748341908934,4
3130.4408583362233,0.1572240509477524,0.20899663195414173,0.7795878664799896,3
-1296.9359004925936,0.08070479495354452,0.07319833187457336,0.739935327741668,9
2665.602312346348,0.1615964836845706,0.22342356949884568,0.9437494548000068,3
1965.9261294694118,0.1436621352942894,0.18830365712074132,0.7979810546495285,3
1585.7014041939722,0.14247553934983448,0.19014645197748906,0.9006161566393928,3
2583.901602867884,0.15258607191663032,0.20310921977124968,0.8103596818120573,3
-1731.2495351292393,,,0.7386579551978563,9
2195.5094899445853,0.1521350162402996,0.20598417812798292,0.9001764424809385,3
1987.3363145282358,0.1417624252643691,0.1835571936602719,0.7534194537957783,3
3786.138687048195,0.182220930044241,0.2604897317662108,1.0220331530580837,2
2693.172117902872,0.1533422568006245,0.20393750346429446,0.7991007695701375,3
691.6142209983425,0.12261930134873184,0.15182268433163706,0.7580006715647672,6
2926.006234906078,0.15453747748724708,0.20507035006557997,0.7690601930383,3
2212.123141434761,0.15883622120245497,0.2222113190924574,1.0220331530580837,3
1480.867514855227,0.1407086236600662,0.18717313829565685,0.9016370628307715,3
-306.7704436385438,0.10274058259483357,0.1172875580718028,0.8397414203836574,6
-580.3737076668009,,,0.8233416055626475,6
1388.4060784061544,0.13763442997878883,0.18078716212094154,0.8619315825225716,3
3455.962734952698,0.15671131918470566,0.20593675388481641,0.717169669234129,4
2876.3058474911372,0.16930433590387112,0.23924649367909295,1.0220331530580837,2
2885.4889797542646,0.16244039797165905,0.22322047724883307,0.905994872522351,3
2184.78590982938,0.1584271785686724,0.22166734810307395,1.0220331530580837,3
1021.9241686818648,0.12928325455177408,0.16423880023376114,0.8030553947990191,4
3009.510539521656,0.15802516498742994,0.2120336934225634,0.8105814317708058,3
-2864.510710083043,,,0.5481747147116462,9
1548.8715485898992,0.13587404903728387,0.17386103077533338,0.7587771904861528,5
2405.9991539934263,0.15173969456218409,0.20286597358899602,0.8363167342400318,3
1052.5454480101384,0.13114012107926104,0.16885465595205462,0.8453182800404972,3
1588.0085332284134,0.14312850857013473,0.19172752140766539,0.9157322855649643,3
-163.8322714824233,0.10607475994602283,0.12393433146826285,0.8601701793588313,6
1029.2937564782817,0.1306332300990108,0.1678454745950148,0.8427949375250738,3
1020.480516887091,0.13602172235641774,0.18325646641096688,0.9981301749644019,3
2015.5099478995821,0.14717559572864053,0.1964236250056274,0.8522079988420683,3
4669.612933297512,0.18005807940962776,0.24840927559489506,0.8637273831296551,3
-10.561973513341968,0.10981899410662663,0.12782707957321693,0.6852862752699473,7
2358.9224707283156,0.154113662238342,0.20885026879514043,0.8923269275824983,3
2181.2441443401617,0.15589279358582653,0.21540199871451482,0.9751339823364376,3
3888.744201165825,0.17032276253394224,0.23254418267897561,0.8437059541291337,3
3241.511513616871,0.16427218840490243,0.22384783978559425,0.8669573645527574,3
3710.8715690898644,0.17185038584284484,0.23731412169981925,0.8921931250409384,3
3051.1490862437354,0.17190216064282132,0.243507407472498,1.0220331530580837,2
2198.0750059574034,0.15176433295891914,0.20478341100752007,0.8953737775457143,3
359.76582153261387,0.11917140083951383,0.1505327434664651,0.9306695460572507,3
-0.03368025155795351,0.10999915560632875,0.13221675256936577,0.8907558308507244,5
2057.6949779187953,0.14449419878374112,0.18919000909918396,0.7906829601859283,3
3618.562487004276,0.17554128834799493,0.2462246734998189,0.9627853957703791,3
3800.2971635602808,0.173831220136799,0.24117421397422734,0.9035858071106697,3
1761.2966178292122,0.14144893577804402,0.18537996140603352,0.812105156154216,3
5568.848148061146,0.1926800705718961,0.2699732164179296,0.909699977030841,2
-951.5614360236759,0.09476172561917338,0.10022239557501961,0.607962067836907,8
2310.824477941258,0.15112244339716208,0.20263928096028394,0.846032030223575,3
3833.7664733708407,0.18251114762442744,0.2603192907030462,1.0220331530580837,2
5780.842343691184,0.201170386420381,0.28694337671840914,0.9852554166802739,2
2037.3004214192613,0.1547319843506557,0.2145018778683152,0.9992344144320989,3
1938.2887045693833,0.15218570054667002,0.2094247804150655,0.9832881494425373,3
1058.0494061021918,0.13031067058354898,0.16671539558428777,0.8125858687629581,3
7296.695665955253,0.2183713569727843,0.31515186737306067,1.0220331530580837,2
4634.932451648014,0.1841711378571745,0.2577834180745413,0.9176052944511868,2
715.558870142352,0.1227092705829819,0.15141023529577072,0.7465136951652744,6
6417.396943502048,0.20253524686040694,0.28536549958553226,0.9421520104282682,2
2102.3219434146563,0.14552033110039705,0.19129324415662272,0.7974270929713857,3
1301.9371105428888,0.1419998350267634,0.1937882466983865,1.0098542460784237,3
2617.0698863396183,0.16000770570226458,0.22070879260063525,0.9226819916502828,3
903.4481465902296,0.132536350488408,0.17597824784716068,0.9756919697402092,3
1209.569015847762,0.13366579733674372,0.17290542019745775,0.8400241117408567,3
2639.404080956098,0.16516330164449755,0.23211624442337786,1.012590793629606,3
-625.4389159770825,0.09919434063144765,0.10860223274867169,0.6556627568397672,7
2182.834997251545,0.15818816097707897,0.2207192019355716,1.0220331530580837,3
3835.4026427215827,0.16258915679754868,0.21603469258207048,0.7472420556498545,3
3060.1669440291066,0.1562498127411345,0.20757860066787542,0.7746720184802238,3
1060.09543571921,0.13102273829945263,0.16827530090158688,0.8388383079142925,3
4015.3965117229955,0.17367876669650284,0.2390839932148083,0.869377879055125,3
1553.7693672336552,0.13267039051615942,0.16625999052321278,0.6756696788804517,6
1942.7375192215316,0.13503514771582564,0.1688346468008604,0.6198413667893158,6
3824.208783231922,0.17435835313945067,0.24262041230176695,0.9018208319765519,3
4134.9813289397725,0.17436064658704703,0.24010764272170487,0.8568910812571465,3
2580.8247523235386,0.16058423686290554,0.2220588558255258,0.9464655382195195,3
5235.415656510038,0.19886774445330954,0.28577774479781515,1.0220331530580837,2
2229.3212277143257,0.14845006243713224,0.19684440968449055,0.8210325407764645,3
1147.7621358244303,0.13283742480734878,0.17179974751888946,0.8459425025297649,3
8031.486515603594,0.22385798874811372,0.3224891609599581,1.0220331530580837,2
3150.7843348458773,0.16060128928420453,0.21688917160754498,0.8218502919397701,3
1382.2532092968008,0.13675233050471436,0.17856353022507396,0.841982264409556,3
3436.7546063978507,0.1726294824433353,0.24131791275576692,0.9529598627756285,3
2532.5777647581594,0.1607022882015371,0.22282828136776517,0.9617088001783585,3
1257.0707723400317,0.13398375278602542,0.1730556723599875,0.825566124376102,3
1778.3641129408077,0.13653457255159088,0.1732840523980485,0.6993526336529354,5
1918.2497949523565,0.14430369057217837,0.19009461813748207,0.8285052235294662,3
98.49493625721398,0.1120066052645598,0.1335559343797285,0.78535098666511,6
3209.774854905263,0.17142161406127343,0.24028510484240548,0.9842756844249401,3
3696.979101404695,0.17411975094046284,0.2423539845916821,0.9283387182848724,3
3438.1479584559042,0.1624934553637105,0.21852336396295868,0.8045444218267971,3
2999.315262462708,0.17099128286617998,0.24167973141811672,1.0220331530580837,2
-420.3001413576359,,,0.8489308701543995,6
2467.020005095449,0.15162242142623658,0.20218789399041273,0.8175559208603665,3
953.4468597840606,0.13034548919195002,0.16843717292467775,0.8807671629681461,3
2674.054243024122,0.15546975369634314,0.20908714590041197,0.837722119007084,3
2468.5980960582224,0.1544153953919704,0.2084818251354591,0.8689657845342996,3
2219.3286991952605,0.15545140953818193,0.21377113092603398,0.9557545700319034,3
1473.4373377223446,0.14538675987223548,0.19944384735536003,1.0152306526566606,3
3234.178429996457,0.16563284439525888,0.22715040111579587,0.8871751256271069,3
3540.2904177635846,0.1587827021546218,0.21028271972645599,0.7297979312565811,3
2802.122563005666,0.15206863050789254,0.19992796452625045,0.7589874387118482,3
4359.202845484879,0.18101645298338556,0.25245106548827617,0.9194218523749896,3
5526.343749721741,0.1935450161317931,0.27229967115272297,0.9220995146664989,2
4494.82906347388,0.18391500100087793,0.25839356505894107,0.9316509844280012,2
889.8047555739766,0.13054023137319748,0.17040893813427838,0.9316342215366497,3
4798.870001857031,0.17998395568529307,0.24794646277478027,0.8414390750277105,3
898.4309160241878,0.12591352421495694,0.1571611587112784,0.7554783573032802,6
2552.8164012683355,0.14235689478546198,0.1806119768918506,0.6381703391077282,5
3564.279495840792,0.1765249741315529,0.24924959060153926,0.9839520662197576,2
351.9211667853597,0.11713580622654265,0.14312427687327728,0.7996973001341067,5
6634.565601934737,0.1934879570128942,0.2665737160994468,0.8119767553866943,3
1487.074456851992,0.1415035056252237,0.1892294686960668,0.9174178402691106,3
5244.041035875342,0.19782214504139123,0.2831285739943269,1.0113484563473456,2
2243.4250535268056,0.14981517547294065,0.1999351203401602,0.8428982882741555,3
-1554.3962510239865,0.08031391856902703,0.07308541274924212,0.6510688256853194,9
2119.7629749805637,0.1482151268477538,0.19765988128092432,0.8436451224725154,3
1513.9127768246185,0.14434700216115745,0.19594352397398324,0.9780990615151669,3
2032.2133627509645,0.1495474026724879,0.20191641582641753,0.8955300817041739,3
1912.625776185901,0.1536014212990267,0.2133699008685653,1.0220331530580837,3
2240.2763766993676,0.15163601926597042,0.2046719602756639,0.8737611807763099,3
2686.8931846666014,0.15294058900108215,0.2028517595234007,0.796097293132318,3
4045.176358998966,0.181135817401173,0.25547972428757926,0.9652262614151943,2
1318.9841601607811,0.1423227413266432,0.19425592458101165,1.0098565176247793,3
3714.5707229910536,0.16828231992694784,0.2292689415702625,0.8427203572121652,3
3777.8084286546364,0.17626587752383782,0.24696389646560418,0.9397518849509807,2
1915.2964933631329,0.15126665565494485,0.20738434423437865,0.9731053081227832,3
2619.6051042684044,0.16273955366341397,0.2267055811193131,0.9742819657194564,3
1600.4094880919056,0.13963771125845595,0.18274686659497097,0.8282899383696418,3
146.46091854000252,0.11372864749628209,0.13979969838910622,0.9095964150003639,5
5288.760680447951,0.17793241913659585,0.2403546601304697,0.7690347378658782,3
2692.632995660502,0.1515969624853824,0.20028377296875993,0.7666691070912792,3
3036.4371909202914,0.16453638439916177,0.22638862179228458,0.90985660528465,3
2587.928889665496,0.16041942569981982,0.2215450517069258,0.9422962977957324,3
4928.189131828838,0.18227674261988797,0.251458134035056,0.8605049249983635,3
-208.59516119246484,,,0.8828579829259533,5
1095.9187244330128,0.1377021133217568,0.1863882946152444,1.002405577289619,3
-1006.6173948693208,0.09128750047370884,0.0940976756395685,0.6700980228958646,8
3752.775370008581,0.1653118541333243,0.22276694128959207,0.7926577385806407,3
5339.441911420414,0.19233273168647427,0.27036026433634114,0.9347568440387222,2
3538.5047215282075,0.17870436216926466,0.254417935170568,1.0220331530580837,2
5210.794036935902,0.1881422494407162,0.26225670580970467,0.8984391594745195,2
3751.9033054112488,0.17655754621509917,0.2475883579656511,0.951191381434712,2
491.82852193740797,,,0.8834889443678251,4
3347.7207712349864,0.17656842320875515,0.2519564245121729,1.0220331530580837,2
4018.0178987199874,0.17847835656721148,0.24951626978436256,0.9359041427730399,3
1732.3333396233422,0.14611771325853634,0.1971793291777431,0.9279553302706686,3
1250.7231215835127,0.13652480939481396,0.17989113237272253,0.8999300773111619,3
2928.8492821940467,0.16285574328467198,0.22356614443415312,0.9054821870241164,3
-895.0575154989367,,,0.8385047417976,7
1573.2465241479551,0.13424450011475536,0.16985533189035779,0.7079926390478835,6
1562.3977221116602,0.14372313320054675,0.1935585422170334,0.9415246374181809,3
2807.7989349374366,0.16646143455454881,0.23293537994213698,0.9952168405565143,3
1779.639898403175,0.1515923868473692,0.21110039963750749,1.0220331530580837,3
1954.1530817954226,0.15028225906025916,0.2042314102709497,0.9410103060951953,3
1607.5417942367317,0.1479728266206621,0.2037655706510123,1.0200918445192686,3
6112.177700477472,0.1853804709917313,0.25269547782700097,0.7658490200541869,3
2824.7710488795005,0.16042060843901712,0.21899810780705595,0.8878948697750627,3
3666.2771282442686,0.1623513304526569,0.21656686096666822,0.7680642833325849,3
2558.435694078669,0.14667906317422424,0.18997891017734225,0.7135132034266876,4
1519.3854044292316,0.1448659212730491,0.19713428083232437,0.9888143817272882,3
3942.8092853809558,0.17643166618090617,0.24556327295940722,0.9196828627583005,3
1574.543503837551,0.13519560817726417,0.17243472368827498,0.7270260998070187,5
3557.92152340895,0.16711994442412106,0.2277204109155719,0.8531266979896847,3
-807.6070928512771,,,0.8143474670516879,7
88.1192515314026,0.11171161433267121,0.13245954282247108,0.7580745030495883,6
2711.281572069129,0.15223434514655312,0.20164466317619373,0.7726966027154056,3
3320.4827634004623,0.16298516243177805,0.22090922245188266,0.8271186807963753,3
-1452.5266832847485,,,0.7204729863944392,9
4750.90466771105,0.18235265935090866,0.2526134250194446,0.8844395194308989,3
1279.4592029087655,0.13388652567900866,0.17229868895155964,0.8145864116333168,3
-449.56008711812,0.09798044769959233,0.10863479494764763,0.8695658503488254,6
-1788.4382204063381,,,0.7456909990662651,9
-547.9066444451676,,,0.9116698752332912,6
3207.0457298625524,0.17423132149488085,0.24746296380399146,1.0220331530580837,2
1663.7355388872838,0.13928899717438983,0.18096854499344775,0.7992781913418133,3
3608.940024301809,0.17888944622955022,0.254214916257115,1.0105175702339717,2
1728.9307950089446,0.15029176688049126,0.2078951347088151,1.0220331530580837,3
242.6100170900198,0.11444925552104909,0.1369885856842302,0.7338527085846246,6
2049.6589627650974,0.14327406019165212,0.18668259369405862,0.7651863451805225,3
2891.1261879218623,0.1632846117282498,0.22506533261512238,0.9190574482689775,3
4738.439597533891,0.19343502372612417,0.27744496260420415,1.0220331530580837,2
1812.9231963006607,0.14218341292007614,0.18644232432725405,0.8130112200954239,3
4782.506202758848,0.17598512864005894,0.2391574516870606,0.7984304377004016,3
1603.7327417133122,0.13898040951244184,0.18078610802822376,0.8148833245415861,3
2149.5293745089493,0.1473997940854134,0.1953556461867265,0.8201432671846857,3
1129.086888264073,0.13429087391286887,0.17617807854549028,0.8985595794244328,3
4978.115188802654,0.18842844741448056,0.2645699806598714,0.9278445518096106,2
3991.4343342616135,0.18468657044759312,0.2640837142054807,1.0220331530580837,2
3225.9925838356116,0.1710524250033814,0.24013285550645375,0.9658746504925158,3
2542.803048691305,0.15354804290354881,0.20559382552764877,0.8374743843744048,3
6838.54473250421,0.19712582918155028,0.27291386551660257,0.8355488018447386,2
2111.465164972459,0.14496502555712146,0.18987506349658365,0.7843247001221082,3
7602.436762365835,0.22123734278684423,0.31986798475700196,1.0220331530580837,1
3440.4100043311946,0.17746039068379107,0.2526047186471261,1.0220331530580837,2
1523.1898172339202,0.14244318635792302,0.19117183537528037,0.9238569517559339,3
1587.1026087534408,0.14715463603206447,0.20220220117953436,1.0104905653292973,3
586.5417907295625,0.12257654795721468,0.15406307629637014,0.8535125838056545,5
4620.720601030956,0.1919112769558524,0.2747580592851592,1.0220331530580837,2
778.8181681866739,0.12371210032815727,0.15326739960819397,0.7426063032869363,6
2514.678297252524,0.16168890541084696,0.22549316239892506,0.9828799435508858,3
611.2792875176257,0.1201622128768577,0.1461458100115124,0.7009412929970437,6
1372.4254024806287,0.13542051605500094,0.1750506207641593,0.8140292269728882,3
4212.015636277149,0.18683675472284453,0.2669456832118158,1.0154945526520383,2
1148.1031333638962,0.12671145967897246,0.15611561326786616,0.6533638865902683,6
-377.3911678591825,0.10092101392920089,0.11379508948339212,0.844069811105495,6
1297.864226094809,0.13580499737654467,0.1772875405440573,0.8558899569715684,3
1011.2137441126922,0.13158778008655647,0.17090826012736215,0.8840629028126168,3
3478.037459471831,0.16435915177162325,0.222750705031649,0.8206371614846671,3
4119.988560413565,0.17078906033802926,0.2322500256028434,0.8139017383803882,3
3136.5168832232844,0.1707905544946698,0.23968460254254753,0.9888027650440452,3
1709.9879655576403,0.1446362943619534,0.19381549853005708,0.9026146632921123,3
3574.7678305387,0.16838115559849026,0.23098410164093372,0.8619526990934783,3
1365.269315138726,0.1352432069267707,0.1750852108152685,0.807396492929526,3
-602.8002203568724,,,0.8054829464532879,6
2924.5717109124507,0.15963563789919133,0.21609740319290724,0.8560790145656947,3
2690.9616847806083,0.16201479100400323,0.22399448942778694,0.9461903302561492,3
4265.125290683818,0.18240876653399024,0.2561084466702596,0.953006188435748,2
2762.203343091153,0.1675614033591956,0.23635838380796492,1.0220331530580837,2
3147.713955271449,0.15936744465689123,0.21390826792157897,0.806282652720711,3
2618.7133410513406,0.16170663169868935,0.2244152083283553,0.9549274060438212,3
2289.935048215447,0.15337969987385805,0.20763387608531048,0.8998644667251141,3
851.6204846502718,0.12755395237500128,0.16272526964821743,0.847350466369272,3
3882.040384844639,0.17271729473777675,0.23803886860987408,0.8755460477166224,3
-1053.7194423165738,,,0.8348619933807192,8
1474.2310418707923,0.1443170223217749,0.19668510303272344,0.9943539188901501,3
2296.5689439944003,0.15058292452431493,0.20116620211865666,0.843666919556218,3
2006.5977681203856,0.14997148523707438,0.2029948291507026,0.915247519530591,3
6381.106484075318,0.1982177409739961,0.2774718800985283,0.8866892586342084,2
1428.8815865662104,0.13369514909368263,0.17007584197435788,0.7449245522119639,5
500.19901936452175,0.12021606955095196,0.14887054792725402,0.816195559622382,5
1232.1623380495625,0.13795856550832475,0.18417496997317362,0.9489074921493504,3
2482.265587631365,0.15591239916757338,0.21162821781290406,0.8944835202733767,3
3856.088843418819,0.15962037824838263,0.21000649284196699,0.7002779748667639,4
5461.7156226602065,0.19170603353722981,0.26813434562864125,0.9145499378603602,2
1270.6991327999199,0.13594212870339106,0.1782049023358923,0.871150851887608,3
1549.191596043685,0.13753055931747446,0.17801527175652157,0.7982470613236932,3
1429.9278908648469,0.13782703331817178,0.1805794621726818,0.8500300667410015,3
5057.654173554863,0.18902366769052603,0.26553557707811704,0.9229666174561141,2
3722.6365104026527,0.1773938683856614,0.24938065811438717,0.972118206330847,2
2309.0125292917733,0.15266482006009027,0.20611189178562203,0.8772678672915224,3
318.5627762986756,0.11647425636138001,0.14187506998368915,0.7989319886785201,5
-1127.9498539615772,,,0.7281248282482945,8
2715.7850298800363,0.16704651912623378,0.23597386781912066,1.0220331530580837,2
1188.5326327514613,0.1281708326302124,0.15913671595044437,0.6844452964146237,6
-172.44318027221595,0.10548939666778095,0.12374794362513059,0.888662272390279,5
980.7052637479726,0.12762815051883086,0.16045738617995087,0.7696399408863518,6
6757.224352694965,0.2089036186822341,0.2977672644909034,0.9713175692301496,2
2889.4983039068593,0.1694807957434023,0.23948609580620545,1.0220331530580837,2
5463.354751562617,0.20096066386086026,0.28847815721383085,1.0220331530580837,2
3753.9074066263875,0.1741155340570913,0.2419715088173689,0.9175733064364491,3
656.5114864518744,0.12311441560768804,0.1538702293990355,0.8140530113916129,5
1124.5407710089141,0.13339167217127396,0.17393136803184464,0.8722111907608726,3
3154.1313802554796,0.16596185692187648,0.22865371965672238,0.9072620955383062,3
-79.79234812495221,0.10844101956918169,0.1265105648384633,0.7491020819416616,7
1065.7472931427824,0.13239844927920785,0.17222317413215935,0.8757849017636571,3
5276.886962921585,0.18460479499626675,0.25494241858250466,0.8423778579256157,3
-1401.7640649637526,0.08877441323484167,0.08929751606910943,0.5667139645491661,8
4630.928461356112,0.18090444490972002,0.2506945156823349,0.8770148462998196,3
2128.5047107317046,0.15449048152049727,0.21254930699687977,0.9656648671501987,3
1576.5932529159415,0.13881296469962767,0.18087055018331744,0.8189836844605325,3
4327.431945663769,0.17111414533892458,0.23167101024646403,0.7904687127621824,3
1348.957400319326,0.135950585973842,0.17661414124941083,0.8398815295513262,3
3459.154870473841,0.16650701501785084,0.22749235364572082,0.8569938866004978,3
-354.50184298487255,0.10331664740251659,0.11673998105034121,0.7118635110197625,7
1512.7152209827152,0.13411110785837083,0.17021899002756988,0.724429117172277,5
698.7786378200694,0.12561803399194105,0.160535742069078,0.8905085384823509,3
2207.573950142711,0.15584480385878133,0.21559242671755785,0.9586133071290619,3
3151.0640309744253,0.16044037593519536,0.21601420587867326,0.8249395671904312,3
3412.4413103399766,0.1727743113280667,0.2419073099859816,0.959383796687475,3
126.40980916306052,0.11252184430368292,0.13435445771719973,0.773925717116507,6
464.7158333115283,0.11969990768602659,0.14833615080824533,0.8255341663109718,5
-1475.5349835664858,0.08532425125135891,0.08293169551816391,0.6028052550301325,8
2388.9471437911448,0.1446597920088607,0.18674230667747915,0.7127544451728539,4
16.58399198298911,,,0.9516137789967949,4
3767.141625313224,0.17631679983087453,0.2471922182925482,0.9420222980168323,2
3954.138343225648,0.18397634542416197,0.2625030956685803,1.0220331530580837,2
2168.3144369508027,0.15809412076159787,0.220977511160163,1.0220331530580837,3
3388.388686882379,0.16584887534727388,0.22635443034159836,0.8621788815875505,3
3276.1536617101597,0.1752004163468882,0.24901015343712063,1.0220331530580837,2
-346.7610513711521,0.10369254772267594,0.1171299614328746,0.6961969033067043,7
-1468.3634028719189,,,0.7449300831929653,9
2971.27307431973,0.1636038649485272,0.2247400613359787,0.9099664680187235,3
1266.0374359790865,0.13736445301719874,0.18171048554759184,0.9172336806297051,3
158.10530888015882,0.11279766310872222,0.1334920811606935,0.7115504459440505,6
1085.8834839765746,0.1268572926586785,0.1569689587764515,0.6890773362275736,6
4474.618917099906,0.188033495030686,0.26678091154244604,0.9982085644736391,2
2315.651065712175,0.16016065741760036,0.22391823525322252,1.0163409670539525,3
2031.037053729019,0.15039115152894744,0.20390849720606644,0.9137447727491709,3
-280.1397663787688,,,0.8247099024057061,6
3769.2109493645753,0.17629933790849467,0.24714183372307166,0.9413476904175755,2
1232.9476522463694,0.1333803177501977,0.17162580619478826,0.8222862305720178,3
5247.509915211246,0.16935386645850486,0.2237960001877582,0.6667110344754943,4
1238.8610803872916,0.14066947220062506,0.1913596997539571,1.0065651856275033,3
1304.8807775312941,0.1386362436186574,0.18440892400867603,0.9324291340846472,3
4656.406185230064,0.19222701146518373,0.2750788789780927,1.0220331530580837,2
3330.462057374534,0.17381574380087844,0.24564613312868466,0.9848805881038889,2
153.58590409919265,0.11382250355036379,0.13966015735732074,0.9022293314635421,5
8354.104421751135,0.22123378496544316,0.3153557687852299,0.9699146644835915,2
531.105357425553,0.12077776570067728,0.14981302777596284,0.8145221892947895,5
631.154985326536,0.1235529291859166,0.15594425094313924,0.8577088019066496,4
2516.690572520803,0.15345958854877617,0.20581380639050623,0.840112539545871,3
2573.706617118237,0.15873621299269874,0.21791683243172885,0.9144622786766491,3
1279.5344084065814,0.13707453033857747,0.1806685611369176,0.9027481835365011,3
1375.212249280012,0.13955388650574613,0.18584632640558993,0.9201118203038153,3
2240.810925682996,0.15313671764706668,0.2077925962585141,0.9070618249324365,3
1417.755344476394,0.13655184807093976,0.17718424043814598,0.8261176743212184,3
7456.771277197785,0.21972042880825027,0.31715764145847064,1.0220331530580837,2
259.90534434378,0.11569612859138945,0.1414094908119296,0.8414164688252216,5
3924.881178820604,0.18123666892788606,0.25648897453356767,0.9893229385455643,2
1966.3679848035706,0.14956572661139952,0.20264039910216533,0.9185888184314707,3
1383.4872672612048,0.14361297091663802,0.19643400548011414,1.0120338656874057,3
2328.9695317809874,0.15538476486835864,0.21245321273381707,0.9211404928860015,3
707.844623282652,0.1247141776917488,0.1575465284631718,0.8426020354040633,5
1369.0796738266,0.13570358815150033,0.1759196976421663,0.8217257647162294,3
429.41276386872954,,,0.9781333605582201,3
2233.3365442586614,0.14895556878873326,0.19819196383286905,0.8272948187139834,3
-683.471205584509,0.09564512628685409,0.10273793014748664,0.7468242436717313,7
1141.2927314955796,0.13575853739148447,0.17968618177001194,0.9387180194545487,3
1000.5915679170623,0.13116446587127947,0.1699907034606441,0.8759164360014571,3
4597.871525062368,0.19166172649893273,0.2743947498976923,1.0220331530580837,2
2311.9191820430347,0.1590902868669218,0.22174563104781556,0.9932508968025328,3
3898.9818089777555,0.17094391765413094,0.23448522028011215,0.8434711506069744,3
3613.798421455147,0.1620187293501658,0.2166388997507966,0.7663454852676325,3
3273.472581161735,0.1706019039940656,0.2383414170890319,0.9526974865879061,3
-1813.079818506653,0.07844324242778385,0.06990882527197759,0.6028596879933619,9
-212.4537423122159,0.10505984705787341,0.12164902208187418,0.838365346799254,6
3794.220784773982,0.1819848508617725,0.2594530809208663,1.0220331530580837,2
-280.2227834764553,0.10456831782294104,0.11923881752190937,0.7315700296767423,7
1801.27202213272,0.15163340111157597,0.21018652043203467,1.0220331530580837,3
1466.4581947288373,0.13775635547181087,0.17959103229004547,0.8366608123533557,3
4074.06670445447,0.18342894498800894,0.2598742859569029,0.9977395582518328,2
4475.5464380376625,0.1903523090505587,0.27256319807565893,1.0220331530580837,2
517.3034082965498,0.11969801423374524,0.14670805617206503,0.7656286210568859,6
1440.0080792143299,0.14028607903746887,0.18675850011713924,0.908474941051957,3
3781.320580132526,0.15806145301876312,0.20721454066806475,0.6880107357939589,4
1201.7237253303174,0.13948387757918684,0.18889287472629807,0.9983475160998515,3
-560.8245673488144,,,0.924188317478374,6
5025.340148123412,0.1899970162367936,0.26804308845894403,0.9368767133016619,2
-1594.665219736107,0.08422771579294025,0.08094793486998245,0.5844827673978541,8
2083.249128564052,0.14443928999562564,0.18908552881657673,0.779498173066553,3
5034.5027744738,0.1796048738437094,0.24566114362860386,0.8106638726769149,3
1288.5184674043815,0.13378017174891288,0.171946238437522,0.8069220250600596,3
3238.631470821976,0.1689516756390731,0.23460285789733465,0.9375561146072514,3
-343.1661209935503,0.10494130980214325,0.11808764815377802,0.5978198721791432,7
5445.381824068771,0.1845611070226369,0.2541318747607876,0.8216106084350726,3
1104.3012473209167,0.1316958335432901,0.16958758136806867,0.8324675566463007,3
2873.3357767628986,0.15333989945092982,0.20249392403093228,0.763198165830928,3
3539.1333255190375,0.1785314505696079,0.2537697864430811,1.0220331530580837,2
2246.3663533952877,0.1577389543972459,0.21901620512726366,0.9907944523961991,3
6092.162107862275,0.1974273022791749,0.2772851155008539,0.9066626807893162,2
1942.778580617631,0.14167216504583852,0.18389445895190878,0.762507678977509,3
6777.51519418602,0.2133939987201302,0.3070135313806531,1.0220331530580837,2
4632.1546681644095,0.18174337723075948,0.2527812859512778,0.8843281007460424,3
2160.6843508609145,0.1517329306817374,0.20547276908801,0.9020206944538846,3
3201.256936993962,0.1743285829928936,0.24799387550228863,1.0220331530580837,2
4852.138348207341,0.1884399221839885,0.2657578211332293,0.9407232170303886,2
32.99287340237518,0.11070919905314444,0.13170083097793397,0.811986109312615,5
2181.392738114866,0.1582845405378976,0.22121321085178355,1.0220331530580837,3
1762.7312211203694,0.13720670693319337,0.17501308091304965,0.7189642874102061,5
1742.1556639829591,0.1415390931221737,0.18582786816932634,0.8204657574022527,3
2393.1744456384718,0.15172592138051197,0.2033631979051279,0.8346041984306966,3
2761.827625537044,0.1588114398983635,0.2159008992541203,0.8750247738154088,3
-557.2637535106225,,,0.9197706594213354,7
895.1071465158528,0.13143260395518153,0.17290467957664074,0.956323683606732,3
1146.0590506156082,0.13242109880056885,0.17082667196591506,0.8327544909553567,3
4933.188237457271,0.18995002845222192,0.267525415810087,0.9597091390795369,2
6154.131771715028,0.19341442752593135,0.268780296897603,0.8531826571177511,2
3215.052924648214,0.1722940755578748,0.24256763964149286,0.9935078014934784,2
2645.7710181393936,0.15424198344944676,0.20659173114800067,0.8223765185785534,3
-383.79084101892823,0.10123818853753619,0.11403623770347626,0.8138265388695843,6
4403.262020854227,0.1893901726018158,0.2708597827462655,1.0220331530580837,2
4560.841277197142,0.17921719118703555,0.2472285319756338,0.8678122025056474,3
6143.113995358314,0.20734728156112398,0.29759365811914906,1.0220331530580837,2
6518.842687684753,0.2109045645472179,0.3030361853205249,1.0220331530580837,2
-263.66288612188515,,,0.9079512296661045,5
-264.4841448112476,0.10617052051793507,0.1201831373802634,0.5921915052060531,7
1651.4315441336155,0.1385370222884376,0.17928131364697036,0.7859115202043783,3
1350.5687062965085,0.13171153155340115,0.16614066617403295,0.7209025464245754,6
276.61280876521937,0.11569171492351417,0.14053363512412032,0.8044993949968889,5
1539.8032980536832,0.13959844028840962,0.18339172299401985,0.8511909240534312,3
2911.9366918239252,0.15435965582755676,0.20442509883632742,0.7728180996211832,3
53.19824668782851,,,0.9227513674069634,4
562.4975913602545,0.12147434614880698,0.1511761695619499,0.820182177658925,5
696.7494576092071,0.12238007124778963,0.15100574909683934,0.742932235059371,6
3275.0516838684907,0.16031312031909692,0.215395900915064,0.7943145080865416,3
-1282.9277593557083,,,0.7361319147724964,8
2353.010476254284,0.15185629611778495,0.20346370915394804,0.8539174338615977,3
1704.1948400080864,0.1352836218687117,0.17112236550892707,0.6912539302574486,6
1515.8522989123073,0.141240855902197,0.18783258007788392,0.9019426844777787,3
1579.2910965496428,0.13217144641625972,0.16516367178555813,0.6512682329972838,6
1193.235293887858,0.1323744159269154,0.16989747110601452,0.8084295112914606,3
4330.184184053381,0.18124206685697575,0.2533580342114874,0.924405664016966,2
3137.055849463326,0.1734928000483706,0.2468184240588016,1.0220331530580837,2
2667.4658351350927,0.16401508180897512,0.22945653722053977,0.980945864877515,3
3053.078961863235,0.1706323988561053,0.24044683195716063,1.0019557941708477,2
2187.430580174224,0.15143366480688206,0.20458413619817295,0.8869771479683178,3
2513.6171390376658,0.16383801372967358,0.23062374243672829,1.0220331530580837,3
776.6521495903716,0.12340072228498689,0.15241023998351017,0.7309991865690837,6
3788.6368031345446,0.17091458666236575,0.23500161629526706,0.8625536306059692,3
1470.7731954750172,0.13914974357949186,0.18328352731623457,0.8674670902252466,3
4453.133030930477,0.1900245206063119,0.2719342052710999,1.0220331530580837,2
3280.9098998612485,0.17221207601915015,0.24199032117794564,0.9756108701593041,3
3380.6888934405724,0.17662925974427715,0.2512511334134616,1.0220331530580837,2
961.7449204465444,0.12540617939789628,0.1549819116735307,0.6984794863605719,6
7206.654336854153,0.2168564580159909,0.3117514520767145,1.0220331530580837,2
293.08431648258795,0.11834890323434594,0.15104003007018046,0.9670025883526853,3
-125.90953050479851,0.10765518455505119,0.12471427069940547,0.7187792269817721,7
2449.1130570732157,0.15212331924176403,0.20360260811648917,0.8297624687194434,3
987.8268811657598,0.13041582082432804,0.16794876437961656,0.8613452226775338,3
917.959798181867,0.12845557426317106,0.1639790201779761,0.8352749426162386,3
3313.5995739936216,0.15864441788489786,0.21113716920517617,0.7665136279034591,3
829.0572342625945,0.1275139917534034,0.1629474267030674,0.8638645498071132,3
3194.524628693975,0.17383401413671892,0.24635079359359224,1.0220331530580837,2
930.9301946165622,0.12752351952995014,0.1613474967194634,0.7905682159941754,4
-29.998781054146466,0.10933310636764876,0.12949464075845762,0.8257321002467348,5
4764.367557292845,0.17143812707381584,0.22987366550860316,0.743509141580505,3
1502.8287921365263,0.14599772363944796,0.2006173401030537,1.017221928450565,3
1084.3750230163307,0.13570084772345586,0.18082363549910951,0.9700377196466217,3
3481.0261890129473,0.16464083270620905,0.22289245725696674,0.8292370705298043,3
4099.304098850305,0.18420403555219309,0.2618034854080179,0.9998748779638654,2
7497.775939350109,0.2201934758842981,0.318056627851911,1.0220331530580837,2
923.2870479631117,0.12898306124752712,0.16525157187352313,0.8521582497955276,3
4063.338126617023,0.16730127300279493,0.22534846950948123,0.7728596456682189,3
2781.5512021125214,0.15986830581750838,0.21778604676728724,0.8919847042520914,3
2027.6676534158041,0.1452102810167162,0.19138123774246196,0.8113176156115103,3
1098.415491431065,0.13138627789312526,0.1687072548062134,0.8279287316524098,3
4019.1743407813,0.1742675651392346,0.2405328898072185,0.8747421697020898,3
1519.016285358688,0.13958644794265637,0.18362151792498482,0.8595110558550354,3
-1864.0498094374389,,,0.7242884718865225,9
667.3467047435546,0.12746805770057112,0.16734446594127805,0.9728039723644055,3
-354.59089154460577,0.10233076993163198,0.11576286417875964,0.7861693726764648,7
2836.5803037396295,0.16874745868717583,0.238430454571062,1.0220331530580837,2
3016.3192046895656,0.16871424383916755,0.23638871389448474,0.9791332676562009,3
955.8688921213953,0.12649873608725104,0.15799907231103139,0.7409773853540463,6
-126.64710790142183,,,0.9557134110386115,4
628.7984061918484,0.12449520557647703,0.1589339420210308,0.9061649055950968,3
998.6512518228756,0.12399650858860697,0.15080528886101097,0.6294270335607882,6
793.0878877436321,0.12427096406718194,0.15441236287442736,0.7588631342531346,6
3162.4431490822612,0.17016311298830264,0.2381796882986237,0.9712681653917076,3
4920.3460098067235,0.18955499017783956,0.26750075308518717,0.9482460972352711,2
6338.6403928236405,0.19945841599537745,0.2809366517198214,0.8971425676712227,2
2589.446632561204,0.14816685081132167,0.19341554265520247,0.7290383503799958,4
5025.293657705167,0.1947316125976613,0.2773290349374293,1.0079049311223136,2
2111.3335105989045,0.1567508957787141,0.21827803101332394,1.0164812443197284,3
-415.64498105437195,0.10082389556137061,0.11299947892111961,0.79276679729802,7
2495.8853028125354,0.16375489074580402,0.23095999812067025,1.0220331530580837,3
129.02254749141605,,,0.9464617640082527,4
1824.3192355473036,0.14576815367827303,0.19511192304053113,0.8865264727994372,3
459.2790802638314,0.12041860832296153,0.15090259593143862,0.880186097440297,4
1054.454375448402,0.13682731575981963,0.18493489097963905,1.001470174968329,3
4944.064382574416,0.18064326757321397,0.24835795882754613,0.8337010408804288,3
1272.5341632449163,0.13366422986136975,0.17189474382812475,0.8106783982924933,3
297.59473640916775,,,0.937165451811362,3
1730.5925011760112,0.1357905685465994,0.17214187570716605,0.6942919200968738,5
626.8325723200365,0.12303688065485407,0.154526878750039,0.8353524070889249,5
4129.280004176937,0.18492878704355467,0.2628696239498822,1.0083582437585772,2
-54.15243032745735,0.10903978179248955,0.126807523036041,0.6981885905634796,7
1558.5837215470967,0.1438361038967742,0.1941812460016081,0.9426206707371955,3
4285.865736274458,0.17544999846295464,0.24105766369539194,0.8543630707171376,3
1555.9608346364903,0.1433746487255121,0.19256893541096365,0.9378104981615952,3
5508.163640095926,0.18332440621798024,0.25104868345551945,0.8027289384417128,3
2796.684202169298,0.16307569098207758,0.22552341932714629,0.9371210755827208,3
4291.640877545381,0.18116552463052354,0.2534610856611835,0.9291948085198198,2
4563.336980770609,0.1817220421567072,0.25295556051642054,0.8958700775119989,3
3858.840577044897,0.17737173357945724,0.24892838488449345,0.9398042092179993,2
2602.2625231523125,0.14951994435223243,0.1959707275593246,0.7539638988998535,3
410.61412398250576,0.12147669746882458,0.15694580803428837,0.9725697823733095,3
3011.1541017445275,0.16237656496741698,0.22171171342379245,0.880596223255964,3
1681.733719442686,0.14250489669748284,0.1888344958300877,0.8651244938564708,3
146.95937583646568,,,0.8914481981948353,5
3206.1512370314695,0.15740410094522303,0.20924835306359452,0.7649700804399707,3
2646.5714397657403,0.16604469151070592,0.23449831552643452,1.0220331530580837,2
4071.8251824514186,0.1695345764694139,0.22936767910468922,0.809073783068641,3
5205.851880466231,0.1990758285539414,0.28698569636981125,1.0220331530580837,2
5179.964227335363,0.19156009663583978,0.2700649308804715,0.9407027878236015,2
5068.974363804995,0.19692027669407258,0.28251105139133875,1.0220331530580837,2
1688.4079711207821,0.1449258213235226,0.1948156500067853,0.9177190466156401,3
4952.763422806862,0.19037392922182342,0.269441533224017,0.949891823811573,2
2227.1224590882453,0.1420778173611325,0.1825185564975982,0.6964809753174023,5
3156.643921366736,0.16197394679629726,0.21945869921928535,0.8469208420326931,3
1568.0538501974581,0.13882631319238503,0.18090770338640136,0.82371820482295,3
435.8222035572844,0.12211821672462976,0.15808499959384795,0.9731633508706126,3
196.25110064160592,0.11398814009289712,0.1372877237370631,0.7898063066975664,5
6247.011661576909,0.1800012829849948,0.24135011872695034,0.6964854428349135,4
-303.2524595404691,0.10360933830452267,0.1180209458432728,0.7755800850456924,7
3632.753090465501,0.17969238715440952,0.25544180953584145,1.0220331530580837,2
2216.180902173319,0.15470136883268426,0.21264941111548977,0.9348428022260737,3
2003.247127085212,0.14765459332047615,0.19795977859175765,0.8628232956844967,3
3046.0932433856437,0.1672316178930487,0.23257094013060856,0.9497524525881892,3
-923.8190476906258,0.09502603097430441,0.10073073222938549,0.6144821068433998,8
5008.948222265215,0.1896294697823578,0.26710954687332555,0.937219234797908,2
3434.5663158567977,0.16779511248196294,0.23045706007724223,0.8813613659952523,3
3276.583400221649,0.17058905463200064,0.23819782146711077,0.9528242300234442,3
2732.4777642402437,0.15680080321490103,0.2115394028807714,0.8480696864758026,3
2785.5572416700516,0.1499793679813593,0.19596282773763962,0.7218876573578196,4
4825.411408645343,0.18164358223002638,0.2510202143599599,0.8620547350735409,3
2550.2011606899946,0.1576356461849173,0.21538579465050134,0.9033051138807207,3
4676.538096444993,0.19250045416301872,0.27591447680752035,1.0181535210534804,2
1325.366549379707,0.13211813613652346,0.16764629606441306,0.7396384148729269,5
4493.618118136558,0.1807534114115697,0.2512394042165397,0.8938300720794213,3
3895.5439253522827,0.1743314031793488,0.24117673998553074,0.8992274534595326,3
793.513321250668,0.13090205204098312,0.1741955315959786,0.9890020007057849,3
1600.6645638946811,0.1423448017534611,0.1895816429858314,0.8917705369576616,3
1766.426500222656,0.1465342899537063,0.19754917002901498,0.9266289600849772,3
2528.7087154782134,0.16389618541979878,0.23027326331066433,1.0220331530580837,3
1858.1965645064608,0.14035608369022157,0.18130762708515252,0.762690969992032,3
1501.7077698595351,0.14267666699024636,0.19163544797211224,0.9441947695065129,3
-286.7499941281421,0.10506963584634832,0.11927140243133182,0.6718391064442819,7
976.4692457653188,0.12621859268911068,0.15700849925924565,0.7186516257663698,6
2158.265831684452,0.15523993663427976,0.21417495017049074,0.9689228933580979,3
1429.8532254837692,0.1328567909534286,0.16795105253731893,0.7232063709903505,6
1861.9539386253182,0.13752524961864768,0.1747353689721422,0.6991900701952328,5
1316.2467064350067,0.13954119313984847,0.18694905915981513,0.9473451633135211,3
9065.054816980513,0.23046931932422016,0.33127440833486616,1.0122905821311263,1
1761.9422595216854,0.15102403470964426,0.20947459692033588,1.0220331530580837,3
488.173850094647,0.12022633939222946,0.14930978644824794,0.8305903441089417,5
2155.630799063444,0.15698527206095603,0.21847612388119161,1.003916522576448,3
6037.406946905391,0.18973411570059395,0.2613841439120733,0.8271032366559197,3
369.2563758896984,,,0.9327351004477966,3
1883.3480453514135,0.1509418954232388,0.20709347477168194,0.9770725942918843,3
3232.780215188422,0.16970667940158818,0.23662876935704846,0.9476709123144296,3
4163.028348618806,0.1867312284361106,0.26713607224701275,1.0220331530580837,2
6569.184010906601,0.20514206587649822,0.29082591892874926,0.9477322153141167,2
4261.873334245469,0.18421115904739055,0.26072033941563855,0.9711921169405345,2
1256.2928401401834,0.13582429560519818,0.17791115453801465,0.8777662421441031,3
2895.882268441611,0.16027118551082825,0.21860564804628663,0.8633346557109013,3
864.1543101308631,0.13241260635031724,0.17675021986506184,0.989513892871323,3
1820.3767752847443,0.1394381717137549,0.17976904336537702,0.750909999058848,4
2055.448168078475,0.14994285199436494,0.20263355872994,0.8958187804282761,3
245.4550304841765,0.11430347924615492,0.13622229426382548,0.7098523713985125,6
-69.36514062626452,0.10839292535001734,0.1281460757545574,0.8469545283414647,5
1898.4824728670794,0.14591335171917313,0.194308425874624,0.8675940876813898,3
552.4477004807652,0.12347765930153402,0.158110941742234,0.9319284619836736,3
3569.8012330716974,0.16394160626823584,0.22080876390591592,0.8037763146913282,3
238.27387028799563,0.11550873016904009,0.14189942250777673,0.8719213149069449,5
477.1447340291622,0.11917439775388633,0.14616405186570777,0.7768236256028753,6
1752.1595313494263,0.13623887154390107,0.1728699645735105,0.6997658605368866,5
3339.2577187851334,0.17223996856082519,0.2409715604422672,0.9698660133087064,3
4608.449559986092,0.17461712159993117,0.23708608625802302,0.8039311481112671,3
4718.307577396012,0.17614009074241038,0.23992069364176136,0.8071279977944743,3
1117.1756140135092,0.13155254863913798,0.16895483245352808,0.8216075620667775,3
6333.122053067124,0.20109975353589113,0.2831154030049221,0.9308018462723096,2
991.8649732718717,0.13253663632094687,0.17395162161446936,0.9281689971088269,3
4520.6374312284715,0.1852469962250325,0.2606584186880354,0.9506462663180334,2
2564.0151298787805,0.16062858494578908,0.22219621896292668,0.953289770044689,3
-844.5463723896836,,,0.9035435188804651,7
3400.41171995839,0.1679939245971582,0.23132041386925267,0.8889385849279812,3
2988.156901434157,0.16784373917553244,0.23440559921946263,0.9740796722858517,3
2716.7702746631862,0.15517851805889224,0.20797745515737912,0.8241960387053194,3
3807.856438912626,0.1712238378071561,0.2350620663164591,0.8690711149239805,3
1600.8580375071635,0.14067178839877675,0.18507637235525176,0.8555301787783537,3
5667.916835179208,0.19433238845731468,0.2736078439964331,0.9102206176680728,2
1600.7662772206415,0.14129576319737686,0.18687804746186895,0.8676190785084271,3
2572.0526526832064,0.15818600576640168,0.21650205833866493,0.9068922789549956,3
2651.8445995167835,0.1519967138681751,0.20119788863739818,0.7854544744765332,3
3384.733878519925,0.17044247789854125,0.23664698673601375,0.9320001996489781,3
332.7945426929725,0.11711471318185435,0.1437806576741423,0.8311623178981808,5
2793.86590736944,0.1682041876929361,0.2377793119863782,1.0220331530580837,2
-86.55327381631885,0.10817184890865977,0.12670210269425297,0.7929086767933827,6
3099.2588780110736,0.16806071327955585,0.2343324379438855,0.9473750495188776,3
5770.503707785307,0.20176381932724327,0.28813043088266577,0.9953719889129273,2
2975.1427109610745,0.17095461375747617,0.2423326095693483,1.0220331530580837,2
4406.446741833126,0.18928796508407686,0.2704391052022402,1.0220331530580837,2
3900.0585876325194,0.17756324868023515,0.24888958494229885,0.937113603201139,2
-1323.4504141013676,0.0818983343429409,0.07582933136618525,0.710231272235562,9
1789.2822535139344,0.14856635516007374,0.20268825944294805,0.9585902635824207,3
4970.6483614616345,0.19592592869457806,0.28111746692920847,1.0220331530580837,2
-1350.9657146094387,,,0.8070633202965921,8
207.85200315956246,,,0.9648644775000476,3
1866.4505700186296,0.14151476159277085,0.18428113478621533,0.7815862189717652,3
3486.385494174026,0.17175830365022193,0.23903894763243444,0.9292234859580557,3
2998.663838339433,0.16399838754960008,0.2254065284629178,0.910286743173358,3
3133.768053252406,0.15511814598230556,0.20488989761724952,0.7408328381175534,3
2669.293852517598,0.15332559456583114,0.20414083131290683,0.8034511592236222,3
3778.7571750036677,0.18193113406459818,0.2596551580816594,1.0220331530580837,2
3689.441307398738,0.18065580377087828,0.2574387627697432,1.0217731017642162,2
3558.5841313671585,0.1787547257396,0.2540481429667125,1.0220331530580837,2
-340.7517818584042,0.10484583122347434,0.11810348577118931,0.6084699911149499,7
5932.001643672313,0.2025285760366387,0.28855669482218227,0.9884890347347439,2
1699.0699015513496,0.13731125126942068,0.17564753380629555,0.7436903202353242,5
4666.220958035227,0.18626339863949398,0.2618008711397123,0.9438025385405397,2
2485.5405766527297,0.16318146009589332,0.2293190468582907,1.0190012973843332,3
1105.5535757870296,0.13293197750972469,0.17265498097149248,0.8733881044599323,3
3205.9042424482586,0.167484644527849,0.23196343477757186,0.9170220485721067,3
1925.2417981569379,0.14224239208779188,0.18511445538533738,0.7830026451538606,3
2804.3035316584237,0.15379543298913634,0.20425595088709084,0.7816325785733801,3
1460.2262527914882,0.14222566191328956,0.19116265675402247,0.9514796245272346,3
4892.582984722412,0.19520015579464597,0.2802370000314114,1.0220331530580837,2
1848.144044083754,0.1524592197942184,0.21149969435136884,1.0220331530580837,3
4225.745163196241,0.18776001261630887,0.2692342976901273,1.0220331530580837,2
5598.730511047108,0.19314576190990915,0.2709247075632448,0.9103443000196527,2
5137.216225494498,0.18623720684554432,0.2592330099916581,0.8774768547074709,2
4520.748437583241,0.19121995121304283,0.27452459427295245,1.0220331530580837,2
1326.4729143473364,0.1424598411904299,0.1944263209006749,1.00978721762478,3
2868.0552402517496,0.16059722660102133,0.21930223589224623,0.8780032302926002,3
7211.034849208174,0.2115817461160987,0.30116085706285967,0.9570658334736201,2
2181.2224768806173,0.1521798118473271,0.2064956042988342,0.9025360044563787,3
2721.3613679167506,0.16092131617933775,0.22093738953772118,0.9222441641883249,3
5704.247330197674,0.18832317744918325,0.25991871933765653,0.8460481696462351,3
5720.415168252071,0.19704726989666602,0.278036882084416,0.9481735851714902,2
8475.274305622848,0.21950606089285424,0.3116696275501455,0.9380682600032387,2
1221.6643900931617,0.14031064897753828,0.19071528320491776,1.0059137065598416,3
1585.930213172061,0.14173383729994382,0.18832055047532778,0.8822232031348426,3
4959.709097118823,0.1834135198263539,0.254191617068136,0.865218152594423,3
1451.1482216458944,0.14007333640747682,0.18603764254039565,0.8980955383092576,3
2086.147653253096,0.13904107778744218,0.17668758062991402,0.6703109868209022,5
887.1908032486562,0.1284427564978614,0.16449340114013464,0.8562903490733389,3
5965.156999588458,0.19542735727818575,0.2738906673475867,0.89543114091567,2
4791.3541513671,0.17762950487485799,0.24265056665863088,0.8169012627760297,3
2558.8833791691923,0.14357344616537376,0.1838002560643872,0.6517086684431084,5
1986.5005409226942,0.14625367791195462,0.19423999482496584,0.8455753672644457,3
4937.562637768478,0.19581077289331006,0.28137444875137585,1.0220331530580837,2
9907.432914908766,0.21743141179886155,0.3022121318670542,0.8246098229019037,2
4739.158431830648,0.19104102247702032,0.27214754351552983,0.9907789872172311,2
3368.3993550995942,0.17618192744030248,0.24994866237138927,1.0220331530580837,2
-260.37994677628376,0.10536432201215576,0.12003780841560005,0.6907237460632726,7
904.5756118167848,0.12491107728965292,0.15447459559436544,0.7119416955281197,6
3443.5875867203895,0.1756664689708487,0.24843875737315105,0.9943839331442503,2
2477.8683819485473,0.16150220553081457,0.22513445148470057,0.9934730014636098,3
834.6030949985308,0.12742861603674105,0.16257366326390188,0.8566034734794524,3
6968.74731087763,0.2124317283305573,0.3039763083186699,0.9916037358518307,2
7035.358902153798,0.2045313082458051,0.287677950780926,0.8927520117598948,2
2655.9108294283333,0.16293716806994785,0.22679837978284922,0.9680115441405359,3
1862.620956997479,0.1481801070317488,0.20043651553496605,0.9265378094317004,3
4318.143764261533,0.18855380701579635,0.26988196668171444,1.0220331530580837,2
1875.2796008902885,0.1416117642736936,0.18448298872863234,0.7802643433171675,3
-796.5728716888273,0.09325359641652542,0.09810535282904313,0.740161247329539,8
4874.983613204879,0.18421197856205257,0.2561542964591353,0.8884044386935598,3
6180.319651050241,0.19623628826602726,0.27467344793367376,0.8804846375291113,2
-1017.4722306648013,,,0.802057112072329,8
2039.0558752541958,0.14855810195385855,0.1992416135923122,0.8757952839671739,3
2476.300504441593,0.1444281049670281,0.1858226713988188,0.6876359744240205,5
4303.731725113298,0.18854909084129756,0.27018433477860526,1.0220331530580837,2
815.123858403925,0.12506756843431505,0.15625163953718585,0.7765543668870307,5
2110.5117955797637,0.15052407376688287,0.20342750627787612,0.8901472165632555,3
3257.441195456542,0.17479398280738684,0.24805359203310212,1.0220331530580837,2
-156.0952549175294,0.10752621147703398,0.12310996501082627,0.6395764150817794,7
3537.5593079711452,0.15140446086170417,0.19456882635877265,0.6273285945833144,5
271.9710736042432,0.11655447570146868,0.14452879203017804,0.9013279878316821,4
1124.6551111441536,0.13174384023186578,0.16937582119662692,0.8231487957174253,3
4482.610563060384,0.1840047430014238,0.2585728452097101,0.9357652152017445,2
2848.272659443074,0.1624595593315462,0.22359305112586303,0.9149229076218308,3
3541.3944221740035,0.17816237891438508,0.2522911412514077,1.0220331530580837,2
3475.4398442205934,0.1777059607160481,0.25252102861959425,1.0220331530580837,2
93.84949920967487,0.11156502957301204,0.1307408831326029,0.6766928882548978,7
5228.233857235291,0.1869315001253199,0.2596670996586907,0.8807959907223161,3
1375.1272588488125,0.13760220408694293,0.18068036008735364,0.8698463962592398,3
4239.562940146817,0.18423661508259104,0.2603960423326498,0.9812929908926047,2
3738.7403372829003,0.16979406363352614,0.23306224085281438,0.8530368111492822,3
6147.623310219555,0.2076399092785323,0.29844407784839855,1.0220331530580837,2
1806.2340454331834,0.14956827845271628,0.20477153255269515,0.9762531507492068,3
2198.076190155408,0.15851994052381999,0.22148202053831487,1.0220331530580837,3
829.0513287386639,0.12426214855013315,0.15399774011548284,0.7309863256258049,6
1795.2776015067057,0.15167074117225643,0.21065747271895816,1.0220331530580837,3
1228.1664348813429,0.1405381414097064,0.19146205701981672,1.008723050838406,3
3851.3610519148697,0.1825963970521116,0.26017708462532024,1.0220331530580837,2
3096.5634049270166,0.1705648634118006,0.23973286466571153,0.992274969906632,3
892.130053404991,0.13071694155796654,0.17104201972833835,0.9342382273694116,3
1836.9881766837232,0.14011284264634016,0.18092347610345316,0.7639552980228651,3
1227.0429088440667,0.13620667740478895,0.1794107950739999,0.9036826314320765,3
3843.691255103212,0.17590326705303594,0.2452284613318625,0.927859849409989,3
3799.20209032471,0.1692001015322603,0.2308902945907903,0.8400079805873211,3
4384.379232298314,0.1822253585010913,0.25488686063035854,0.9320672483877003,2
179.90250016917207,0.11268245143378412,0.13177796455838692,0.6251623831463458,7
4234.860041985501,0.181816961907316,0.2548453603019879,0.9515945098829552,2
154.43483588277283,0.11335637857027905,0.1369257764326903,0.826730595065936,5
2547.0292175071672,0.15063910716526155,0.1993751385038195,0.7803126870080263,3
2710.2823998770614,0.16299668407500584,0.2263433045045531,0.9554271236560203,3
1454.4470260902037,0.1383655384699523,0.18139739112320968,0.8559794794351684,3
3305.632936946028,0.17013630186229425,0.23693817423409202,0.9396588586352033,3
5538.364377539504,0.18652469031258082,0.2569723755143059,0.8430578812604177,3
2292.0984867736447,0.15171238096309028,0.20406933640297215,0.8637377071733627,3
2014.471965825529,0.14895909947435945,0.2003294165899206,0.8934033409058618,3
2721.063691978677,0.16715087835182205,0.23619673200846594,1.0220331530580837,2
1461.2290796247307,0.1314314378744712,0.16415542223421653,0.6748438010166247,6
748.630699968912,0.12462940699724645,0.15628968517703473,0.8069830275055211,5
1356.894177089049,0.1431574882808491,0.19592391330734243,1.0131089230279027,3
2774.19163722134,0.16215207188288333,0.22340151130920277,0.9291314940088999,3
499.876583930168,0.12377241186732138,0.16120794236267105,0.9765276673664349,3
1522.9999035461535,0.13670430902939193,0.17630981716629324,0.7873769767966551,3
2424.379704311499,0.1542309208192819,0.208317225790961,0.8787040118425667,3
665.5901926966648,0.12459938829697426,0.15821588324834013,0.8755284450657593,3
5254.893867287477,0.19577605978865903,0.2784913412393506,0.9856782091577061,2
-136.08602152384745,,,0.8931153085265928,5
3500.0517693034762,0.16214377531023277,0.21776726439020422,0.7846146893719846,3
5885.794159679302,0.182176093646649,0.24671192024688934,0.7556528129326865,3
4611.372884532532,0.17307031581613047,0.23437529353686848,0.7781346436401891,3
2025.4727582144217,0.1556754741101031,0.21706039512937425,1.0220331530580837,3
475.3277696522538,0.12107599933760868,0.15263085066908388,0.8991544066611181,4
-361.22312572386767,0.10129909288352792,0.11457512083979968,0.8455054766967655,6
2545.672880750511,0.16176402538221737,0.22573085950461974,0.9709423670534482,3
3395.427615708763,0.17695192145674815,0.25201176024420424,1.0220331530580837,2
1577.3771526743376,0.14742695180866577,0.20301534089085183,1.0197297242916221,3
-46.015374870055496,0.10916723463651583,0.12717575335300355,0.7101172251012963,7
2046.6238557616043,0.1559595579489724,0.21730960732274981,1.0220331530580837,3
1975.926862056814,0.14745607368695351,0.1975515653928597,0.8702147602308689,3
-100.7079119362807,0.10746249305002495,0.12728415175806734,0.8834045679670949,5
1851.5259394701834,0.14653517900351293,0.1965317013287859,0.8950933053995703,3
985.4963557719085,0.13201124081006133,0.17249073428065456,0.9161491098965788,3
1919.5203212448096,0.1424075531281233,0.18588680852517434,0.7844001989210272,3
5315.73275769925,0.1869815517122334,0.25924328677174346,0.8716715770434035,3
2135.1777125214703,0.1539970102438019,0.21104329965673968,0.9562220750914047,3
925.6787906067531,0.12965005390560697,0.16742424506592218,0.8697539837917917,3
2761.5756035570957,0.1676218155756942,0.23662184493477986,1.0220331530580837,2
4065.7045508618958,0.17093211600304134,0.23326110879934275,0.8195589143354665,3
2210.834078363972,0.15585418376340393,0.21507257855409992,0.9636555224084655,3
1063.8645106975393,0.13486956277984066,0.1790511525858165,0.9559164283530449,3
4457.054503339114,0.17427593265974786,0.23755284018734535,0.815312825537497,3
1512.6563190701215,0.14225615659706817,0.19055468038204715,0.9274350432958061,3
3819.550642774693,0.174915918898023,0.24302213619557736,0.9201537645338232,3
-229.24947719069377,0.10549005744996978,0.12102442044197234,0.7439176155079099,7
3848.2442370785675,0.1812404979020357,0.2570653115813912,1.0038971075718524,2
3327.180525789494,0.16235566279119673,0.21942285297209307,0.8169881819369523,3
1924.2292531224039,0.14150498085500665,0.18345102188613968,0.7669834058350162,3
1302.6712452598,0.1320151208470634,0.16782759534144134,0.7439939640362552,5
1692.0173235482464,0.13311914311657347,0.16603160562308403,0.645926504485369,6
1797.6841332028832,0.14852293259027655,0.2021039368031779,0.9584315662168787,3
3480.8871720207835,0.17551484694413377,0.24733639805781424,0.989212870382691,2
-1172.187304067756,,,0.781322788979583,8
229.23973262473518,0.11448089021041602,0.137826415082418,0.767980831506505,6
2602.1070405593055,0.16254495010234682,0.22614951022151222,0.9785788640660457,3
1252.443412934909,0.13365241602168682,0.17224557472545712,0.8185429758309414,3
-2331.161999905478,0.06710293801534135,0.04747628599661769,0.5982505040350251,9
4604.370855819114,0.17978657276398738,0.24873246065035348,0.8632855464738364,3
-512.9366114916211,0.09900374330054548,0.10930289643347355,0.7697830309190504,7
2856.7586093964314,0.14944859893194007,0.19410999835745318,0.7025069509977916,4
-366.4312597517187,0.10433793556444473,0.11732234437040465,0.6170031127431059,7
2149.443030440842,0.14870402120741355,0.1983671322786904,0.8464072116264282,3
1439.8399887126945,0.13356597050751584,0.1698172908229026,0.7350759545390871,5
1337.220956194375,0.1410647890523251,0.1905667292721773,0.9782719570556515,3
3073.220247110537,0.16260660690568332,0.2215720429656358,0.8729822274162615,3
2309.2566733300787,0.1555116492916568,0.21266148779650387,0.9325305163470774,3
2727.635383145221,0.16700579006619592,0.23538454962981634,1.0220331530580837,3
2799.0283016120893,0.1680576121983904,0.23701586405113634,1.0220331530580837,2
1110.2676640935174,0.13144674003160622,0.16856492225233524,0.8248437459975507,3
690.7422638882414,0.12396990258748702,0.15577848749217088,0.8225769875668348,5
4226.78712498796,0.18663528917541047,0.26608608106434994,1.0135623981678707,2
-796.7797972541856,0.09443575276950471,0.10017076084805013,0.7044128219444534,8
1997.5011153013247,0.15534811959314537,0.2169462202313298,1.0220331530580837,3
3589.1138982910384,0.1674017628335605,0.2287482699302928,0.84503739048301,3
5148.439105758762,0.19062166334661015,0.26864882393019796,0.9284644140970864,2
1124.9943271953928,0.13309464114963704,0.1731090473551376,0.8630095925812228,3
1126.201141396294,0.13013671691487616,0.16510089421990415,0.7724782650171255,4
426.4332159490823,0.11840345048249223,0.14508576204952994,0.7878995818352518,5
3892.9059594132405,0.166531993157696,0.22408245536535107,0.7933786616301011,3
3717.807167822602,0.16601889346402465,0.22454711118989512,0.8076887241950756,3
3351.1885247111477,0.1764530458023728,0.2514416118821829,1.0220331530580837,2
1766.562037299092,0.13852343786729765,0.17809585424984106,0.747372992722124,4
1311.102658074319,0.14197864726311307,0.19356651009875345,1.00707047154041,3
1790.0849058474164,0.1453849395559701,0.1946946152347664,0.8891298631776554,3
3126.413086218279,0.1665504824024538,0.2304155444719072,0.920193798855036,3
1054.3002676049605,0.13077261114603975,0.1676906877142756,0.8341233297587501,3
2094.260536291152,0.15269834890586936,0.20893825163184376,0.9375392881198257,3
2076.7027016133293,0.15032858121394382,0.20342390808036726,0.8956860989465998,3
1175.6494338474363,0.12843858689375337,0.1599519245228294,0.6983755563670152,6
2185.439590436795,0.15849628529422263,0.2219333468103287,1.0220331530580837,3
1051.6693779385994,0.1320344255644159,0.17117344042962943,0.8763309621346623,3
1546.7920084551877,0.14688854239193466,0.20225584045547296,1.0198216679756686,3
1896.4318542601168,0.14263385037402257,0.1865772934021152,0.7971075237257179,3
2194.157630291029,0.15572112537420255,0.21463132563076218,0.9698491690175399,3
3643.091133720339,0.1699268148211559,0.23400358763028642,0.871314880998112,3
1628.4261300201008,0.1484165053770994,0.2047488815562247,1.0220265194515128,3
283.6850473790569,0.11514842899769065,0.13811494582369055,0.7311239103842044,6
2314.6145837685476,0.1520697594078229,0.2044256388155191,0.8671465047300381,3
2824.2769042844866,0.15878561850395276,0.2154184876038926,0.8592942027236132,3
1555.9028579970093,0.13692050126301183,0.17649868108092054,0.7800280673824151,3
1912.4178378308247,0.15371526653016193,0.2138832282282238,1.0220331530580837,3
3108.141856114532,0.16835027131201055,0.23448666824042452,0.9547997694746025,3
1195.4542706132672,0.13398968686169607,0.17408359057517375,0.8554186063394243,3
5389.764428056152,0.20018656286338227,0.2872759797639446,1.0220331530580837,2
3850.44585479933,0.18234334291164486,0.2592822821592562,1.0220331530580837,2
1559.7207727270174,0.14547264288394218,0.19828062051383316,0.9827701377990398,3
2126.0336595311846,0.1573646171538712,0.21974365755741015,1.0220331530580837,3
1876.557141726963,0.14795083407561835,0.1994465174371726,0.9192327901365281,3
4218.461230355217,0.171670938051011,0.23332295980908382,0.814242334540504,3
1880.2068580546115,0.14224127096895245,0.18622181459977588,0.7887230805435236,3
3139.08120587802,0.1511651827684546,0.19626534404960697,0.6799920038254345,4
4043.6094736502214,0.17495766726315193,0.24201351645860997,0.8788075677705873,3
804.8487438895168,0.12689137091365413,0.16170112083236746,0.8573003277847989,3
2074.7112271314386,0.14927947341684564,0.20059916454410998,0.8790851887346748,3
3454.5233469059767,0.16488712495829538,0.22360362768740738,0.837617014501714,3
30.606677728832224,0.11067672751323701,0.1319592714382452,0.8285084969487068,5
1921.4788625753704,0.14164185714835192,0.1838632641838558,0.7699318800558896,3
2489.456440133429,0.14930235383071708,0.19675035335421853,0.7703534030666369,3
2802.0302493160466,0.15560363338727262,0.20809929008937614,0.8145922421033984,3
1367.0427679775678,0.13142383975946362,0.16505958931011266,0.7090842400448882,6
3822.6069022814113,0.1720674494383275,0.23733128022649913,0.8727529633989702,3
5473.4117443967125,0.19564702528859923,0.2770457958104089,0.9543380966837763,2
1310.5724769404976,0.13879667790470196,0.18484942246032005,0.9327384572834041,3
1329.9004348155238,0.13754273103832018,0.1812437003067316,0.8891050618799057,3
5442.071841889392,0.20016953959220707,0.2865015973904519,1.0195406290384366,2
2157.6131876840113,0.15434258820505423,0.2117316043397295,0.9545786017270655,3
3807.8213140595085,0.18206906465566136,0.25940544426193807,1.0220331530580837,2
5350.999371273709,0.18424414105984402,0.2533361925554346,0.8348433422462801,3
2727.4746221343353,0.15577843049768494,0.2090924424524928,0.8336916217799584,3
4185.46416374937,0.18683793427117057,0.2669882580972627,1.0220331530580837,2
2458.921822428103,0.15946459186288853,0.22067453207382642,0.9600352762261208,3
-392.6732993794906,0.10308416120788025,0.1157826207341714,0.6784915948605247,7
942.1956865856741,0.12796356630842637,0.16217468448194275,0.8020968239593986,4
3113.4063942808607,0.15998086214613064,0.21554306939469822,0.8220419430604394,3
4936.174610741808,0.19100146490345646,0.2707991566745477,0.9614032979484519,2
1437.1205136030187,0.13749793954912096,0.17940067091203676,0.8414940746872747,3
1008.9366248264923,0.1312955563129436,0.16997368623251535,0.8778097797312924,3
3161.4489473703993,0.1709061203095189,0.24024070308514642,0.9794028213112328,3
2449.2040703996695,0.15809409181201772,0.2174549661060155,0.9387310887278245,3
3983.720763270704,0.17825899108793247,0.2495342608610372,0.9357740131882761,2
5021.119033533352,0.19607542299399944,0.28063698477562865,1.0220331530580837,2
644.938970962804,,,0.9841686631455441,3
3257.613098085848,0.16697224009203637,0.23018202166749693,0.9008368453170992,3
2114.5878519867215,0.1557771644304012,0.21668134834726513,0.9864555464829967,3
2569.935607399656,0.15828518475964307,0.21633230953411844,0.9137226407631931,3
3783.06796280037,0.1818332195209223,0.25919820666022136,1.0220331530580837,2
2655.717799779565,0.15195156762629272,0.20113700974707177,0.7830627934958629,3
-957.881384657179,0.0929044033452556,0.09705500628761005,0.6546700760110096,8
889.6357625352092,0.12589670593497432,0.15737464875383012,0.7586671516774584,6
4044.331410020426,0.16508190686054153,0.22057006770992305,0.7477911086631925,3
408.0450639846421,0.11825143000687607,0.1451364428263333,0.8025076439110592,5
1640.608833719784,0.14087927717018833,0.18520817694152358,0.8440540324533284,3
463.84052842412495,0.12028121645435023,0.15025250144099125,0.8654809151504204,5
1442.0905954030432,0.143687242548549,0.19542057624457806,0.9956863074473211,3
1811.3645413735462,0.14129517886240142,0.18420876145082732,0.7953567238485142,3
4001.9476097382235,0.1685992642310339,0.22820702073622667,0.8019925727562047,3
1432.6241964441786,0.1410859935101144,0.18874124190588196,0.9346946252031504,3
1750.5955740492188,0.14135487829798876,0.185252380214115,0.8138352567172222,3
2494.0135147969277,0.1600849525274498,0.2213933188999363,0.9654080597865947,3
931.0758901203895,0.13212329949201376,0.17408907327626366,0.9564650137808837,3
1788.8470065011315,0.14059267092088706,0.18285625334119687,0.785942615056386,3
886.1810104202847,0.12761082157467174,0.16225299705365614,0.8247866023889375,3
4116.96953024313,0.1772961148606555,0.2461055609157483,0.9049418947520476,3
1513.6938096709912,0.14200669511465092,0.18999376165957077,0.9197223136315429,3
2854.216927611874,0.15881919446410397,0.21510242605254468,0.8548537014655497,3
1612.6613739964387,0.14830474633845372,0.20510781695447802,1.0220331530580837,3
4065.7564701812344,0.18200492821561054,0.2572354812065897,0.974072998832139,2
6838.581492257532,0.21422782586114408,0.30871495601641064,1.0220331530580837,2
373.0697665557631,0.11848720923408113,0.14727229971103956,0.8745759150287575,5
1384.5484114051428,0.1333396026680475,0.16975274381220512,0.7521922518328831,5
4540.973162266084,0.176043679700706,0.2415215693621576,0.8194196199173768,3
2615.9772556772723,0.16072676827134272,0.22191802995112087,0.9410612665063233,3
-28.072079659858602,0.10922106298048678,0.13200708069834954,0.9224782866681377,5
5878.864015246593,0.20141341365806514,0.28715199377475076,0.9735408885736462,2
1253.1670866408572,0.12828350134568617,0.15866293138205947,0.6621235252104686,6
3412.946810982842,0.16693251264914577,0.22913103491518994,0.8677206302387579,3
1742.1182588722886,0.14283073950800826,0.1887895774993013,0.851869544363336,3
1290.0395812751822,0.1417879784696197,0.19353047952972707,1.010275964978606,3
2548.713983564681,0.16444790784198632,0.2317484298466298,1.0220331530580837,3
1133.2463346506786,0.13380257865710524,0.17477130152437895,0.8814632346583947,3
3989.5555460732976,0.17840445771907984,0.24958989341539564,0.9393059199951809,3
2244.440394947785,0.15072958747368834,0.20208912148118544,0.8598606993011452,3
2134.2560265706325,0.149457850043018,0.20067136831767135,0.8614486836030409,3
929.5497369094392,0.12776730156465418,0.16166974684965685,0.8053969127478544,5
5997.277037229244,0.20672827186062936,0.29793550064423463,1.0220331530580837,2
1254.7405543821312,0.14101259771887273,0.19201586439558013,1.0075528309682555,3
5494.731015796754,0.19059506368712395,0.2664261216919841,0.8883308529165882,2
8119.823057522053,0.2187880016210329,0.3116580549198261,0.9591380139453746,2
7819.701238814183,0.21262516934493758,0.300615637818919,0.9149206972205779,2
3570.4858089564627,0.16824539582930811,0.2305325883909973,0.8627583935936863,3
2707.402541090008,0.16387444774782128,0.22833092764885804,0.9723240707388733,3
5588.081763084929,0.1884350608114801,0.2613753948640807,0.8527621870271809,3
1825.718950277776,0.14226532229440636,0.18640253709563698,0.81178919583272,3
-819.4912889055929,,,0.8417828170034988,7
4038.812749070416,0.1677700537369674,0.22559539384819802,0.7919487187756327,3
3547.5359801887794,0.17858653508737918,0.25373682550998644,1.0220331530580837,2
1299.9514513290324,0.1392396731328518,0.18614333269797503,0.9509328243372421,3
-461.6674921060205,0.10009504613572064,0.1114326423630701,0.7731493224377484,7
3375.154054441136,0.17465368470129766,0.2471249606813217,0.9887168190319637,2
262.91007198202396,0.11737663946396429,0.14875927015309576,0.9576908923447633,3
3705.8793451329907,0.17142962672214712,0.2359829145807453,0.8916521377244683,3
-212.27892066343207,,,0.8744897742421955,5
3366.4515918134257,0.17127374662486547,0.23905301194099593,0.9441226654727822,3
196.0701949208594,0.11324579728175198,0.13376262914562176,0.6767474719908135,6
385.4937515986435,0.11831436939337438,0.14611749532559776,0.8415873611866885,5
3354.7167782665815,0.17434863767193742,0.24611364207339645,0.9940645390373668,2
1960.9720503956876,0.15455858891509708,0.21524057296774118,1.0220331530580837,3
2404.107440024388,0.1511777807781073,0.20148139776738394,0.8276727227931245,3
170.0396945003537,,,0.9555915967517588,3
-811.2062944300357,0.09597643888346288,0.10265484593537624,0.6480914594140991,8
-1216.8622547531772,,,0.8105991682663827,8
392.21758506328,0.11807143018540958,0.14516997342798282,0.8099742473852874,5
5407.682035636533,0.18563648904600993,0.25585958905576267,0.8460532714207933,3
4529.381250601868,0.16990964350425203,0.2281534631572867,0.7487302776943985,3
915.6709051343526,,,0.994969153109881,3
897.1976676449876,0.13330605558840034,0.17851601683360063,0.9938243527607155,3
41.50641532931755,0.1108107626209858,0.13086173437604887,0.7579513555292429,6
2132.7074150973663,0.14157992892041876,0.1820546081016801,0.7100371851711401,4
2532.588708528264,0.16415923671575006,0.23119725706092145,1.0220331530580837,3
3464.4647378098784,0.17774566757871071,0.2529738948702288,1.0220331530580837,2
3657.6536992634783,0.16853610081507214,0.2302188530917192,0.8557219337506489,3
1458.768416060088,0.13696022591611834,0.17777760134540588,0.8184733127229614,3
2635.6053630469414,0.1559547380087679,0.2102335596226112,0.8581380611691212,3
2962.463699517194,0.16175687829418173,0.2204821567836916,0.8833721744614984,3
2624.0925271978813,0.16565474280960196,0.23377133718131518,1.0220331530580837,3
2774.5188145700995,0.16180544634435143,0.2225933074121713,0.9232499035580688,3
906.4297824623284,0.1301179993267397,0.1688389219532837,0.9041765808719878,3
2479.43972493595,0.1589430649045426,0.2191270797196921,0.9459144750240144,3
4968.845658281991,0.19554854465495733,0.2799033292561944,1.0220331530580837,2
1064.302519516811,0.1301313851874511,0.16584621966449048,0.8071708978140024,3
2394.370534515256,0.14832995466667856,0.19521407125084805,0.7760304680623507,3
845.4991192006082,0.13092700673059876,0.17275205470723448,0.9664463096769121,3
1153.3358895127333,0.1347236820663056,0.17681794847740093,0.8991362272213814,3
1672.2404568744496,0.14565151839124157,0.19700775859964778,0.93914148641199,3
4712.350738502419,0.18646945283353494,0.26213119374624505,0.9378644670077312,2
-199.71509962759188,0.10552337213302962,0.12223127122579173,0.8175853539451106,6
941.9222793741488,0.12826402397813583,0.16287384019487947,0.81482541578063,4
3373.5150173750785,0.15822727093068356,0.20955117954072194,0.7536518745061771,3
947.8274233880038,0.12674357823989338,0.15868309483594206,0.7558541747251312,6
2311.2161057689973,0.15365011793328454,0.20820177978530408,0.8973548523232672,3
-29.235610689632637,0.10958952496762324,0.12593201091949602,0.588457030502624,7
709.5855179220815,0.12180143744562885,0.14915405236897644,0.7051462694613486,6
4119.2589140723885,0.1811306512960073,0.2541926455804059,0.9605808186254475,2
4062.4360585631493,0.17411335418400997,0.24038708542502718,0.8606386239701712,3
6153.120118970637,0.20778459885677875,0.29881235183929683,1.0220331530580837,2
2253.1372980384126,0.15167439144870515,0.20447212235776538,0.8726918027994087,3
534.275208551709,0.11878939132902816,0.14345967385634142,0.6930355267604584,6
1254.6532373445625,0.1260761157126581,0.15341086644993998,0.5934873525906692,6
-346.8693772835467,,,0.8772846422232754,6
4288.074469691094,0.1741207180774836,0.23824480872135617,0.8359050214268632,3
1371.1697056947137,0.1351301509415862,0.17448356877721383,0.8048491316506732,3
1120.1084576712346,0.1267045705813416,0.15650442574697082,0.6639720331161546,6
3992.308753107655,0.18302881064719262,0.25973395857145076,1.0052735144235616,2
-2230.408366192691,0.06894042024755441,0.05119541305002716,0.604031713880462,9
2930.5717731788336,0.1636274111760031,0.22548927352909237,0.9157913857749748,3
1053.3447923434676,0.1367434304964263,0.18452143705108034,0.9995709230454709,3
2401.8609677055433,0.15596384260716153,0.2126764438020473,0.9155592661115841,3
3078.903378624925,0.1698119563903674,0.23844161208508016,0.9811675406893443,3
5313.906746521517,0.18347844382778933,0.2522750631109375,0.8260891793221493,3
3396.1717612534135,0.17712972609697317,0.25263417675232636,1.0220331530580837,2
4710.533002607873,0.18074825205803793,0.25039453892059116,0.858828219316422,3
3173.8592037944945,0.15903009943749571,0.2127928843256086,0.7982668007029906,3
-977.7302342478432,0.09011607699262641,0.09197936737891724,0.7118034150639292,8
3357.4566835505134,0.16107767963121664,0.2160580513547757,0.7964096407550532,3
941.9011497229426,0.1256191553692588,0.15577138620828923,0.7179644840705227,6
4615.118916919954,0.1868046102427798,0.26373816260456806,0.9535501353376867,2
3576.321130581842,0.1656277044721719,0.2242574063506254,0.8289931514870571,3
2643.710968968514,0.1661303016271632,0.2349335665814579,1.0220331530580837,2
1580.7596909762935,0.14195069497727675,0.1888861640032701,0.890120497526626,3
2983.5429546433047,0.15885809504352444,0.21401856195370783,0.8298569613899403,3
437.1654294988597,0.11904914452534289,0.1469240563696076,0.8194111510649709,5
5371.241267778345,0.20007871821708256,0.2872565709243645,1.0220331530580837,2
1479.600027068595,0.1416447768311628,0.18963309119390037,0.9252109423778389,3
4610.5833525652515,0.18286245929157305,0.2548186313186305,0.9073288922909276,3
4201.951767579695,0.18055731604690667,0.25317050284211284,0.930264582769481,2
1364.2949594335291,0.13448176071060516,0.1728450358119517,0.7914745393988172,3
1350.793631306584,0.13841413535383257,0.1831423852603621,0.903028731414412,3
4732.107150779049,0.18093427792000516,0.25016175700438914,0.8639308711136343,3
4463.665401286606,0.18377824592498657,0.25797698042224504,0.9381832324564827,2
514.4436568447077,0.11948065680626317,0.146135303720439,0.7547021045995665,6
3521.2010837316802,0.15983721383918237,0.2127437309065499,0.7468809067573161,3
2345.055429469681,0.1554163593242265,0.21257314374961422,0.9146727710310574,3
-1268.4288645042923,0.09002908512866273,0.09159157874164521,0.5877584341162158,8
6521.8790243873045,0.20731046648343182,0.2958053852955346,0.9752612867287227,2
2811.7199864593467,0.15259057465482334,0.20146916247867924,0.7608155589963451,3
3090.737438290696,0.17102106451056898,0.24085782101792572,1.0007836521568412,2
1691.6547930263016,0.13926172455303465,0.18082944300058446,0.786171636032993,3
1959.1359706824103,0.1436520377600573,0.18876415246813855,0.7948059292609188,3
2296.166615999857,0.15939958146282157,0.22218869941643787,1.009329841390971,3
508.7159367757643,0.12167839931007624,0.153514322877345,0.8921934174961017,4
2351.1239010533795,0.14214241659783514,0.18141329474619855,0.6744617782895977,5
3950.049070519703,0.18134015568193718,0.2569159653321548,0.9818128891672783,2
1612.687961848093,0.13980308980389972,0.1829674630374939,0.8281027919981357,3
4369.259761712512,0.17525051559186977,0.24050773310336812,0.8358346326822607,3
2854.9961469219315,0.16043479561840293,0.21877646565008035,0.8812295458210686,3
1268.3207465879448,0.14132996001817455,0.19269902908417863,1.0091089735585173,3
3413.4819869639487,0.16083488497060897,0.21545350508022237,0.7800757458226901,3
4596.591819481834,0.18018992081124457,0.24917752675391971,0.874604907710378,3
1710.9981836256507,0.13793179873810008,0.17730986118731384,0.7505904291021858,4
4136.33983301029,0.17311579388187967,0.23665806105564122,0.8480608540540393,3
3300.265645287862,0.16525643784516436,0.22583921434270451,0.8681572287574681,3
3705.8354563730077,0.16801999415756655,0.22955978709251215,0.8315095511623415,3
3677.5719754591055,0.17979501415138657,0.2560587336098251,1.0059149897151332,2
-564.460264776852,0.09927498564534291,0.1092003867366657,0.704341735401246,7
5996.536936934525,0.1979751000545548,0.2789215842487464,0.9233021503801752,2
3956.9279681551607,0.17676464420283086,0.24622699836145334,0.9216422606219608,3
1535.4360553479476,0.13466480798342675,0.17126777755656805,0.7310464825782002,5
-258.31972610010973,,,0.8462125950570695,6
1867.2435244017038,0.14751871194612257,0.1991986906345119,0.9055129097418647,3
615.4480450405784,0.12260054654861965,0.15329767660859944,0.8267180590004417,5
2248.736816314468,0.1476627834044848,0.19468811125880167,0.8025231956265496,3
3303.540442194845,0.16679465294355397,0.2292739121632621,0.8906629539815392,3
-271.49800144706717,0.10436509117753306,0.11932701593850653,0.7699089937284171,7
2273.802301669248,0.1599469593757022,0.22425031011152896,1.0220331530580837,3
3264.8107139853273,0.1635734503262029,0.22278514947029177,0.8445003572963491,3
1164.8009076675862,0.13100946850445327,0.16661198118636097,0.7831786054639424,4
2412.2273823631467,0.1499578622580884,0.19864574175462624,0.8029939784555357,3
366.6901656274503,0.12032609391435473,0.1548081898243254,0.9707488587466861,3
2140.0089748910023,0.1508495892100655,0.203519853477701,0.8916926296271203,3
5109.691949232957,0.1975206637482188,0.2837107290877612,1.0220331530580837,2
3057.4555926240773,0.15333742045149848,0.20102700377574367,0.7317145590025844,4
2003.4464068311893,0.1504635604808755,0.2043240659513686,0.9252767445665806,3
159.06856544594928,0.11298546463704048,0.13446640898800985,0.7431812737857747,6
1734.8934202896253,0.15046734748793833,0.20837969080275798,1.0220331530580837,3
2609.7292983161874,0.15396455528216396,0.20593796304674472,0.8294049699624133,3
2081.972966823914,0.14916676709945026,0.200210944880746,0.8750550909961125,3
483.3792315436499,0.11659963900738152,0.13787565414249917,0.5949211247981796,7
2655.347017936622,0.14946773751453296,0.1953905000997111,0.7428459243278205,4
3472.812934655189,0.1594972293904903,0.21230621614231499,0.7495362875185463,3
1163.3824070234132,0.1270750268451593,0.15677971172553956,0.6595154811318281,6
388.09656473093366,0.11838452691827114,0.14633830045822838,0.841908271439469,5
3377.9021247387723,0.16749727505675768,0.23014947412157202,0.8883176618650301,3
4074.0723904813303,0.17670768745028914,0.24520876554561258,0.902611179286358,3
-842.909977123197,,,0.8250122493923907,7
3189.9170507342633,0.17402301083347993,0.24720107474277034,1.0220331530580837,2
250.5543883550835,0.11580606662300855,0.14242729143406907,0.8757431679899622,5
2353.0902298722112,0.15166953022326202,0.20319380752989674,0.8486507323812644,3
3257.382488535269,0.16655576726061555,0.2291688051864185,0.8953525905675791,3
5866.118788403842,0.20467763640772318,0.293566198660119,1.0220331530580837,2
1854.6936300933644,0.14654691626228672,0.19649070480154485,0.894599070363938,3
5211.497252605494,0.1984062075538532,0.2847149254572287,1.0220331530580837,2
1937.7423647813262,0.13804447555776286,0.17584825015856043,0.6833946056655689,5
1190.1997822013873,0.13570818634398168,0.17879190314160953,0.9081663418810823,3
2540.519284612566,0.1641329030884663,0.23078134983370546,1.0220331530580837,3
431.72618838120354,0.12015830577538511,0.15106000594896624,0.9017254215497144,4
1529.702448741853,0.13623325127437058,0.1751010066973322,0.7728173671712678,3
6115.9127081226925,0.19300375617076498,0.26789647354198676,0.8546974951067513,2
3345.459542481899,0.174242315311858,0.24584503811784092,0.9955928414478303,2
4142.867075636399,0.18171531962834706,0.2554565917547734,0.9632888122178594,2
1416.190781558576,0.1399001142103771,0.18592126278599608,0.9119244475694773,3
2716.2115993919792,0.16175914052382728,0.223496073044953,0.9316445983542789,3
4294.660071488307,0.18861851197907525,0.27061953609882045,1.0220331530580837,2
4688.254324792707,0.18190700684008337,0.25229135466543084,0.884358226785462,3
5310.161965937605,0.19909535567858258,0.2851571368541045,1.0220331530580837,2
2497.056248374878,0.14926777886939824,0.196696507384695,0.7670348609505929,3
2375.528977351753,0.14684617379898557,0.1919286176251262,0.7540387135764788,3
2983.621980097385,0.16972538012178123,0.23858368430664997,1.0081223003103064,3
1267.779225792792,0.13933466675480308,0.18718335244375345,0.9684808188411996,3
-39.36178494013771,,,0.9089971776209147,4
584.4968782161305,0.12306569711863632,0.1557723512061785,0.8799024253193768,3
1164.6932707398116,0.1331262583605167,0.17234166529851794,0.845087224019103,3
1330.9560665258791,0.1350823229239723,0.17491483200974473,0.8210394418953464,3
445.09451117619136,0.1192922018980426,0.1476042527903701,0.823725603670169,5
1992.585752260261,0.13967423307012727,0.17901443800274142,0.7047600233149139,5
1998.1360761558808,0.1476129763203062,0.197485044489622,0.8686563222927605,3
1987.1414536457319,0.15498536377726857,0.21586099835440112,1.0220331530580837,3
1901.7732987785512,0.15356547018091082,0.21374134786892682,1.0220331530580837,3
532.9344137732479,0.11886554535212784,0.14386740073259718,0.6967233156424535,6
2003.3751681360602,0.1449244703906516,0.19067750475151124,0.8157000553959672,3
1644.2073157678985,0.14120630640099988,0.1859133149764603,0.8510706996113016,3
-502.9174612902252,0.09812284517165606,0.10813503888020934,0.8226550103686929,6
-929.8514968985572,,,0.8318658720032521,7
2261.1362765824188,0.1493132337389398,0.1989490435378684,0.8244793394147993,3
2249.873314201238,0.15416986555756015,0.21026291061971278,0.922936937161247,3
2774.014359947269,0.15177297714935778,0.1998408553286936,0.7557200529361899,3
2166.1197851351844,0.15398683592811718,0.21096360285300764,0.94282403509003,3
772.3219594802346,0.12968578939926378,0.17101779008844462,0.9720005201880392,3
2497.976007062118,0.1635583249326374,0.230091408786393,1.0220331530580837,3
2157.8116392396287,0.15204387037229028,0.20654010040962023,0.9056745172924461,3
4463.052217803862,0.1676041080943833,0.2231167950048984,0.7335884460839877,3
3988.5717482670098,0.17787606536066966,0.24825815400909051,0.9339543392770048,3
3548.6326617655795,0.1788699566912328,0.254741636451945,1.0220331530580837,2
5844.495921441597,0.18995710070184943,0.2634073834895389,0.8417832828677563,3
2892.473512065085,0.16619626019728462,0.23240475565398813,0.9596302185816186,3
1629.1998940451226,0.13477156995732,0.17035585937319414,0.705312619422157,6
2149.396779990608,0.14394314123483132,0.1872155068173016,0.7536701780334724,3
4328.274807431576,0.18836407699354826,0.2690040682035034,1.0220331530580837,2
1339.28667529399,0.1380994613902658,0.18270819192566706,0.8976172861148708,3
3599.89361576245,0.17620501252895343,0.2480935348241474,0.9737323954564606,2
2764.068871352608,0.16770860284286754,0.23687596636373198,1.0220331530580837,2
1406.3559610205884,0.13863452061505094,0.1828656632560524,0.8829153756144957,3
3623.4679771588944,0.16301981723618159,0.21854261609332754,0.7812115179926108,3
4719.648062376155,0.1827045139385518,0.2541918237438949,0.886106857594748,3
5119.007582550428,0.19124683748495955,0.2700275139402948,0.9416745297290481,2
4134.394318931041,0.18624976180071828,0.2661359710487886,1.0220331530580837,2
4627.55097418531,0.18786284674806675,0.26630766305825093,0.961613569024083,2
-27.282598661750313,0.10940941798680798,0.12933677264591104,0.8109009092209674,5
3732.8671561453552,0.1812328501948286,0.25834907017815567,1.0220331530580837,2
2619.420641375303,0.14850220350767823,0.19364832261944687,0.7320434230383785,4
4149.891658267936,0.18084730424088774,0.25344975740881637,0.9506133524878785,2
1053.7908320964564,0.13140093296296984,0.1695767261044239,0.8525891299934877,3
1592.342303674295,0.14363691658682,0.19292735872786582,0.9263739729259429,3
5871.143596784777,0.20575139984830457,0.2968783959044232,1.0220331530580837,2
2214.7411688301863,0.14839775392383678,0.1968866090097436,0.8236593894526328,3
5369.44398229696,0.19465079492911172,0.27575063521471754,0.9525287671308484,2
3771.3317695548017,0.17911549345553798,0.25318848659226206,0.9843907213355927,2
3632.5219786960997,0.17979180987049412,0.2558121844569542,1.0220331530580837,2
2201.8655385018997,0.14333297055954974,0.18527011128826415,0.7299838287788063,4
3941.402618047264,0.17360598902960195,0.23985193313019412,0.8752746344361942,3
2753.2057086930677,0.15110126144927563,0.1983520714378756,0.7503042684630817,3
-372.6048988939631,0.10166918729764807,0.11472268729594365,0.8031741726235387,6
2582.494357177418,0.14902666844063794,0.19494816358146633,0.7503186562204748,3
4359.164415844542,0.18303276168553564,0.2566998909958784,0.9480230382811893,2
1738.8497269941417,0.15040987887241508,0.20788157589486217,1.0220331530580837,3
2828.436609570536,0.15453451818148095,0.20586724092481745,0.7873095713062848,3
5228.779621014187,0.1853084495613076,0.256322423695019,0.8602049765629006,3
3448.6194488686024,0.17191406784222635,0.24002414149035764,0.9351339896036995,3
250.7325053966979,0.11504593849067535,0.1390450321770914,0.7895148577577847,5
1889.7314947488658,0.1443985611004792,0.19067666920673226,0.8390415651117265,3
-660.9144966723976,,,0.8010690462556849,7
1750.3632768251855,0.15025285679530498,0.2075845654133445,1.0108367681146688,3
2306.0465516721406,0.14642703726749465,0.1914325970072241,0.7639728295533227,3
1451.0178853237205,0.13920805872066927,0.18378415283368674,0.8765965255648779,3
475.7104581000399,0.11877496415690987,0.1448781476932709,0.7525870761848976,6
1586.5427919590202,0.13676926776051915,0.1758171248142389,0.7649749322098549,3
1191.7722558970577,0.13201165204250176,0.1691678203795164,0.7957752612315191,3
3198.806052729675,0.16556241712141861,0.22758146494561518,0.8897639469150423,3
-1748.2644171417335,,,0.7785304484943066,9
809.5489759767817,0.1243616633692,0.1544793864914027,0.74986152210815,6
-1085.7125127667832,,,0.8010158276697416,8
3036.3192928484777,0.160921038417564,0.21828723371763772,0.8515301447345549,3
-269.32226333519793,0.1041710947376487,0.1193011106901395,0.7929337634471257,7
3642.610505054505,0.17454209089273723,0.2438521998421493,0.9429348188178799,3
3503.2783404740967,0.15678079014196555,0.2060375143959391,0.7087054478038337,4
5759.704079379636,0.20480336032987914,0.295703509512532,1.0220331530580837,2
-885.6030629273009,,,0.8418103750306069,7
2918.82159123792,0.1638919539457675,0.22577451429497158,0.9272587366229276,3
1396.3490815160465,0.14148538701174407,0.1907317669603799,0.9582640505460308,3
137.005833104203,0.11304253667540254,0.13655242066743092,0.8393863505261219,5
1740.136120881078,0.1504378285333588,0.20794443395425338,1.0220331530580837,3
3524.063245399274,0.1528517300696877,0.19778684175034872,0.6481538052759954,4
2793.636333113983,0.16805496089191363,0.2372009975431866,1.0220331530580837,2
-556.2199933267103,,,0.9398180755352074,4
4727.199603673617,0.19236586844726844,0.2747803677710181,1.0141379690731054,2
-616.8321523326379,,,0.8412430628174058,6
1051.6326074199349,0.12847870581999818,0.16162651105278203,0.7600333812039946,6
384.46604215202973,0.11792943946920789,0.14474336548046274,0.8138349351268414,5
1558.0876098454673,0.1342935585541454,0.1702366599492962,0.7128495076328136,5
3031.45420577919,0.1695256631004668,0.2385767749474325,0.9835967991929858,2
2700.309636539701,0.1533740913829206,0.20388433642838208,0.798853460285674,3
3144.189086774533,0.16616730620962702,0.22906137646750716,0.9140576636666777,3
3283.0609379160487,0.1638107440273416,0.22283673100864687,0.848498360857842,3
1328.1088869801588,0.13232979795470784,0.16770173725562934,0.750082482232898,6
1940.8936537303193,0.15405990044364448,0.21400549237696395,1.0220331530580837,3
844.3308676551394,0.12277948963242126,0.14957449161820482,0.6629219964900336,6
4398.928270129932,0.17977984470062444,0.24979526052484297,0.8940240617658975,3
5926.090314763176,0.20637123339965907,0.2979440054390579,1.0220331530580837,2
2010.2917164930313,0.15258181924737071,0.2095149152180966,0.9652596976697051,3
3196.8337931644273,0.16402641848862923,0.22440005040662073,0.8635707233092429,3
5953.186878631748,0.2018633182454323,0.2881088966554671,0.9652905812179027,2
1409.171352410588,0.14413672963091814,0.19737578505737471,1.013282309477055,3
5299.075363822913,0.18611491119809223,0.2574109695327934,0.8642366753966326,3
1542.4792036019771,0.14473490519740156,0.19694483656239753,0.9691733277443536,3
882.115587907,0.12684159755644947,0.160093687666631,0.799701822644687,5
1219.2206296522586,0.14012241140953852,0.1903486550618254,1.0038255762839046,3
3799.358870275026,0.15463089547392883,0.20005862659345444,0.6382846811923502,4
528.7909414736874,0.12078870036621085,0.15007694216692474,0.8152464488682176,5
1200.6651217374153,0.13389874959466397,0.1735826318166801,0.8522222142937873,3
1675.8098852295911,0.13978476707270607,0.18234904003838898,0.8028446646715145,3
4187.563301231518,0.18740985980584815,0.2688996494209278,1.0220331530580837,2
3500.8141205132542,0.17280598859060775,0.24153517668091812,0.9391476087869349,3
1845.1771797295191,0.13662800727252034,0.17294190475258803,0.6825089372884681,6
-152.63137969546844,0.10599476243833128,0.12480210328885734,0.8915372330967035,5
2024.378202582417,0.14881776758838902,0.2001971094057808,0.8837676106762749,3
1375.4995835406035,0.14007953945219928,0.18710236258848462,0.9351514149557262,3
3872.4846721570902,0.16069723727523524,0.21209364616697718,0.7136319841030628,4
6766.571072034316,0.20384327525480334,0.2877906617999543,0.9065510388305524,2
3861.5351406844156,0.18272601184507953,0.2603811916971608,1.0220331530580837,2
1776.362524658833,0.1326024309890272,0.16425193796858367,0.6105525779706854,6
336.76613159393605,0.11952230928927748,0.15325111308957282,0.9689439000681498,3
3987.6250579248485,0.17478686512349673,0.24177223440019588,0.8880532984130959,3
1848.360372127422,0.15064878317025432,0.20667668706009862,0.9855991518714098,3
2219.028002974438,0.15611371863906248,0.21557131623449094,0.9664433477861153,3
3908.5061415936802,0.18305469933511637,0.26089829849224766,1.0161487981917037,2
5939.853787906589,0.19908957116831513,0.2813797543502006,0.9448228336800621,2
1415.7790562464686,0.1341958423213327,0.1714586849746411,0.7632868222724241,4
4435.456978635811,0.18988883507390708,0.27185561418446025,1.0220331530580837,2
781.7469046361396,0.12354055675659766,0.15266203382343524,0.7342763587010316,6
2021.7765395574172,0.14206171486130187,0.1837618016454144,0.7522154611989352,4
2004.8746658747089,0.1450021451000794,0.19094057550464644,0.8157681916783931,3
1246.7441792010359,0.13505782826796353,0.1760555306944298,0.8606902322176725,3
3167.42378884379,0.16211882620018517,0.22009642821030864,0.8427488950141048,3
2829.003142970085,0.1501987851384911,0.19611565575323767,0.717749619995826,4
2870.2319108024953,0.1691183363398523,0.2387202779093059,1.0220331530580837,2
591.2815747832375,0.1215333901277518,0.15082988782196488,0.7912215153278954,5
1553.508305116525,0.14480243941616214,0.19632632108150574,0.9724927332813127,3
4151.165109203279,0.16849562090146722,0.22704795173358439,0.780390063972147,3
1845.7255342375086,0.14941848955031678,0.20414304089317742,0.954609711706382,3
190.97290462472898,0.11390018612555652,0.13711805978473418,0.7934866655071434,5
3214.9563223861737,0.17439409326343597,0.24783115180180176,1.0220331530580837,2
2933.099473317166,0.17026217876800737,0.24105483913263015,1.0220331530580837,2
1597.1860998886218,0.14231406548151432,0.1897554011735338,0.8900052196268144,3
2674.7359292899814,0.14831411893883345,0.19295155328600233,0.7165330162619884,4
338.6082094818101,0.11704831225715681,0.14343234978441616,0.8126647889738757,5
3553.81511126119,0.16463327133524222,0.22268930270474815,0.8134809467202943,3
1683.729235451071,0.1387192788223729,0.1795763783833536,0.7766357078116595,3
2468.4583607755685,0.15771767500746137,0.21641666083851305,0.9260935245559779,3
1576.0725725110583,0.13828835425001682,0.17976482030971974,0.8042367486375821,3
507.8264050598405,0.12266601958490359,0.15693203315022403,0.9364202400326271,3
259.6688885246223,0.11639392604492971,0.14454318734260596,0.9081064606295849,4
2233.5661264739088,0.15267953035072426,0.20685860658722954,0.899624506000647,3
322.09826395050993,,,0.9279097432593807,4
44.193253080494785,0.11106834044530847,0.13383519845665434,0.8825108408609901,5
2342.3674913376776,0.1547401235634425,0.2105612071292853,0.90781141445093,3
4501.883074769429,0.18632789467646949,0.26319981489286876,0.9672641544844237,2
2525.809231502949,0.15650298701166326,0.21261689670827758,0.8934432060805726,3
2613.5980379682023,0.15586531600447417,0.21064948945331707,0.8571914399552061,3
2982.9341652241974,0.17078091662860967,0.2414248188135389,1.021859749908976,2
2195.549277453896,0.14839667384067076,0.19729358019321813,0.826297296876958,3
3741.724201301308,0.17559338842074793,0.24555178846130732,0.938716715690388,3
-632.2813759508506,,,0.8401278249315299,6
2069.1439966414723,0.15329818582440577,0.2103723781805456,0.96154382460447,3
3020.9480480819448,0.15482112270165094,0.20499463081650898,0.7562176059610444,3
1562.1266498285438,0.1365309687878835,0.17563374008896068,0.7662759326978176,3
2308.3773562776732,0.16015374861544845,0.22434582568603223,1.0146641580159943,3
4355.022919716272,0.17311504578747192,0.23566000278151483,0.8139497614809363,3
1477.108590499574,0.13331086054577101,0.16874273903213177,0.7154562934067357,5
7428.155817683592,0.21694119782678173,0.31093744628451536,1.0003883459061298,2
5180.060060855696,0.19555981671501285,0.2788108452237793,0.9893539359126183,2
3228.0275316997695,0.15915260520114316,0.2126897299569464,0.7903613188628957,3
3620.8753994142407,0.17972593470422,0.2558870619399386,1.0220331530580837,2
-972.4221216079126,,,0.892004562022503,7
1870.557258948698,0.15232040803248315,0.21087151573592564,1.009743545910502,3
-41.741576811745034,0.10912763088444993,0.1284616358934727,0.7889876977594774,6
3567.0234198434655,0.1751795543997105,0.24602498731765082,0.965203245278455,2
2822.1027771839154,0.16182655860557138,0.2222705353695347,0.9116380228139108,3
3509.698475414063,0.17511153752602696,0.2465867503018672,0.9727858089074255,2
4387.727015664453,0.16788750261594038,0.22411980151809988,0.745911260744379,3
2881.0550662740843,0.16737743026578755,0.234744450418657,0.9880296466184242,3
8466.885916415324,0.22744364571863118,0.32807926823661543,1.0220331530580837,1
2442.945977175618,0.16263826342310506,0.2284871982847108,1.0220331530580837,3
1051.7948839385842,0.12961716052896008,0.16483981557757948,0.7949555339564659,4
1119.3079068330758,0.1303857023424826,0.16561427831111358,0.7869599928289127,4
1682.6780878635034,0.13682440873576523,0.17482533187812804,0.7355370346202242,5
4769.734404069606,0.19358867651062614,0.27732658848399305,1.0220331530580837,2
965.4196198307071,0.13128955660158687,0.17089312184107258,0.9048491366543204,3
45.02263075160917,0.11067886689211265,0.12839622056026204,0.6236420791717282,7
4171.420164654473,0.17906412562979312,0.25018831458983204,0.9139015532858834,3
1895.8137225407606,0.1498363973022606,0.20427395478072868,0.9479253348181942,3
4481.942665078998,0.17953809511273,0.2487870239598124,0.8786089258541697,3
3071.687242356329,0.15924158570205696,0.21466305739213565,0.8133857070865981,3
2374.127109549451,0.1502853340217371,0.20000492902618133,0.815291631145375,3
1635.9049481294785,0.1457419195919102,0.19789503100182632,0.9547207610649064,3
5317.092457709464,0.19403008042099826,0.2747941229037679,0.9507997478714513,2
787.5183541894089,0.127956882845956,0.16526934229877954,0.9131525361015852,3
1077.4087571770322,0.13555511174445203,0.1805454034372815,0.9696222846300949,3
1863.5541269482649,0.1527139570345753,0.21185840567559355,1.0220331530580837,3
1212.2082537029441,0.12835564625747792,0.15933317333638114,0.6801309255379807,6
3430.6527898673658,0.17064945252077457,0.23662399968197864,0.9273842378914117,3
2132.8370493824495,0.15224124722826676,0.2070448781774758,0.9200541932405364,3
1514.0469818398963,0.14175262117441895,0.18909318368096142,0.9160497306758714,3
1917.2205782705696,0.14730958176114659,0.19790886574592154,0.8859583405901549,3
3372.7816842588672,0.163207866297671,0.220739415962089,0.8242980387854997,3
2237.4810316625035,0.15477541897089397,0.21214050002854495,0.9349802277876295,3
-17.978856557882892,0.1096534543508824,0.12857793012717594,0.7468684279534621,7
-49.962103001273,0.10892609457632715,0.12830945252298992,0.8056942327596073,5
2410.3827246131395,0.15520229247376846,0.21075916246882112,0.8997566476744457,3
6531.893834797854,0.2064802081134985,0.29426000529638263,0.9616700198283162,2
2013.8962060510003,0.1421553958140976,0.1843695480340103,0.7525811375239757,3
1869.5328509851233,0.14709780718621912,0.19810103683812483,0.8961290540002327,3
3461.266093054117,0.17754417883952564,0.252326305632596,1.0220331530580837,2
2289.2618462432633,0.14606412290186205,0.19090951455709726,0.7593398949139903,3
6125.722717285247,0.2028063349938748,0.2880588603366051,0.9697948095553737,2
4937.06796152463,0.17568045290154255,0.23782337658085453,0.7757330251129575,3
1849.147823118737,0.15278544608863742,0.21289301972901742,1.0220331530580837,3
1067.9132252686445,0.13393655507243238,0.17648491755207946,0.9224298054582791,3
5534.504850030719,0.17827214360058874,0.24029432009629093,0.7447159911014357,3
3392.698671469274,0.16680026184449157,0.2284550096494058,0.8753993896988614,3
1631.75140691727,0.13932333565917365,0.18189174287090282,0.8056582051942968,3
4146.452059066179,0.18433530048459945,0.26170213248224183,0.9939320388512523,2
4036.2049321686336,0.1715575256241209,0.2346130737478234,0.8344057526749843,3
3942.1149391911276,0.1735578351197546,0.23964583482993482,0.8755683448078202,3
1019.5689340501515,0.13061474790893046,0.16806410305434843,0.846687570572377,3
1433.205132568236,0.13051469198762783,0.16235430460310457,0.6584570817096778,6
964.0651340263124,0.12631669124043587,0.15739114787538708,0.7297893863429276,6
4069.789968645064,0.16833841186871723,0.22767992034641796,0.784086590629823,3
2638.0547092954403,0.151703133020601,0.20070775884014447,0.7827018544253053,3
3397.256959623983,0.1750084969591626,0.2472660723437002,0.9949379271886254,2
3896.664209745395,0.17733558127602012,0.24829708233482967,0.9357708254527398,3
1431.2826564273068,0.1446327671791551,0.19841647604480386,1.0155909355956838,3
3403.801520205222,0.17691180519550473,0.25163057926838517,1.0220331530580837,2
6411.889519770834,0.20754729783357104,0.29671985153217983,0.9917918585443665,2
5429.535354164183,0.18898381151648208,0.2631134668517917,0.8796076637111919,2
2762.595604789286,0.16761989231372357,0.23657793565907928,1.0220331530580837,2
3157.7943716112445,0.1643321461584492,0.22496738463414664,0.8808456006503647,3
2645.644483851347,0.15830883973076199,0.21568019592632484,0.8951243623241988,3
1992.5728527643892,0.15495840729281557,0.21547021057449456,1.0220331530580837,3
-736.3839508916302,0.09564448522032762,0.1024468723298014,0.7075557102126804,7
1786.6858129567518,0.151461874884808,0.2101641995392128,1.0220331530580837,3
1139.037117588752,0.1296171318200323,0.16362551610600357,0.7491753407160396,6
1361.6987980158597,0.14318580575654782,0.19573898371018006,1.0114611027345812,3
5081.376843504623,0.18695991620606955,0.2610490276900237,0.8936473012397042,2
1519.817576175114,0.1462936616807383,0.20093788381236666,1.0169978778399227,3
3231.7985639315516,0.1700248304076013,0.23665561011002872,0.9600853533651572,3
-2223.9943245381646,,,0.6774063405964792,10
381.39368060432514,0.11929417510873466,0.1500762182135077,0.9161849349497448,4
2981.3961448013447,0.17078961096831335,0.24149429203025652,1.0220331530580837,2
5398.45084447939,0.1829766615571316,0.2501136524282629,0.8182185757036458,3
951.6136453853103,0.13156167529286905,0.172179094902458,0.9207633903079828,3
2305.010968131826,0.15134020591376612,0.20265850251889792,0.8577379955379595,3
1602.2882559917225,0.146974640190274,0.20180006220507501,0.9956762630887281,3
3767.613245175047,0.17965740035679123,0.2547972217136702,0.9888363327263895,2
6021.03879005648,0.20269773024283494,0.28859161987020354,0.9781605734167368,2
107.54673100310688,0.11217945928592601,0.13379338096638094,0.783379998976421,6
2271.579070122167,0.1535418537631813,0.20857076808570127,0.904294150451714,3
6251.268058325118,0.20790406612222792,0.29830986752349414,1.0145038598084342,2
1425.659949209095,0.1378750723967642,0.18049300852981107,0.8564053503601463,3
1838.0715302731476,0.14491845579004808,0.19260810317682628,0.8663347635942931,3
435.80185536757085,0.11887408448001227,0.14641123798064656,0.8084300346764914,5
4521.561670710771,0.18455820109711576,0.259529198333621,0.9371568858609226,2
3925.918939498114,0.17365401275101253,0.2394082601716946,0.885593942450211,3
2467.1769554975717,0.151939205812414,0.20268237929121824,0.8258090075224596,3
2119.683008527559,0.15655902029666324,0.21777413061026893,1.0089928693452042,3
1293.9784052904008,0.13278470277318777,0.16954486152972098,0.7738107457166529,4
1124.4529480398712,0.13331176408373724,0.173392173402317,0.8740140244890895,3
2983.22252714592,0.17112720911773066,0.2427286706650193,1.0220240713181319,2
3473.4490318120647,0.17773042342323603,0.25266744514992756,1.0220331530580837,2
1426.11010669278,0.1391929589743995,0.18402300237867175,0.8883042685203613,3
940.6375479514662,0.1320143323007869,0.17355465443615692,0.9461774618423726,3
599.0284046993206,0.121556772065469,0.15050356866249787,0.7882013698664192,5
2012.2857951971407,0.15005206897822065,0.20339914798933026,0.9119122766403801,3
1966.6662171326793,0.14562931274413135,0.19288493792228112,0.8396389775814194,3
921.8696571575125,0.1327966643733817,0.1763147189416486,0.9736560337290128,3
3428.4570183496753,0.16769387883950915,0.23047074953865382,0.8788532796963682,3
2966.6336888219207,0.15249980969038002,0.20033087370393338,0.7286718528609982,4
113.14271596256961,,,0.8927935196480011,5
3396.171294621003,0.1716974393639248,0.2395876416638203,0.9465402669563254,3
2734.042872225477,0.16526642868575436,0.23138615487187053,0.9886409505695609,3
-1341.1181836127373,,,0.8188330279524512,8
-423.64472797873,0.10186439092076399,0.11407389716769108,0.7191676217008396,7
2806.472379314696,0.1681625892675584,0.23716853648948022,1.0220331530580837,2
4991.984198261595,0.18470327107088455,0.2562875909326976,0.882171962553443,3
7114.94160015614,0.21641792080481537,0.3116341312113946,1.0220331530580837,2
815.8023548491169,0.12891655450712286,0.1674392694701965,0.9278384552603124,3
2613.0480853836225,0.15511866233300675,0.20893615016684636,0.8443869143271626,3
924.8854558445222,0.13390413616853036,0.17953426973945172,0.9943356327445699,3
4389.999178065977,0.18253418616914133,0.2557976234955276,0.9323160497301861,2
3493.5558447111002,0.16570879531673205,0.22530578244441135,0.8411128238806665,3
3810.3490843739282,0.17110245328267418,0.23540263703871464,0.8600918595846432,3
2708.8342178605053,0.15552567558606822,0.2084920291761591,0.8354281704367091,3
4538.225166349001,0.18923964503501345,0.2690161919275852,1.0040951422257782,2
3452.1403638514157,0.1654847681662432,0.22546052716643317,0.8411613119529355,3
4750.268196420227,0.18786866580530845,0.2647220514496439,0.9527949153737836,2
3324.5914840169344,0.16075886278040344,0.21600271811839777,0.7926917410181963,3
3426.384620953331,0.17712888289588596,0.2517871580817883,1.0220331530580837,2
3552.5179718372437,0.17179441369244158,0.23903950263011212,0.9122771557696149,3
2979.427601427266,0.16103048087925345,0.2190863904073922,0.8639852842363668,3
1843.9516473653925,0.13861549464882053,0.17767038356269044,0.7252221652370632,5
1116.8245094071308,0.13287469465549295,0.1722917540653725,0.8654476992108397,3
3088.2982532527444,0.16145201884883137,0.21871426703146427,0.8532380006416489,3
6019.158118875639,0.18959878103478334,0.2608295297628501,0.8311663021968786,3
-852.330524709901,,,0.7350704329208453,8
3925.4411272037382,0.17661043869793502,0.24617038271571803,0.9241401591280842,3
2839.448985951847,0.16874067493954503,0.23830395157274326,1.0220331530580837,2
4398.4992431647615,0.18928290168842074,0.270597705084947,1.0220331530580837,2
1360.4681781744275,0.134742756735659,0.1737036671056558,0.7982415080839881,3
5496.796348057785,0.1866855122048037,0.2575528874516748,0.849076722753735,3
2682.372929126447,0.15959057594800477,0.21831886856743954,0.9080382247674276,3
4087.5417838615745,0.1803054739428262,0.25293338759802286,0.9509407468217441,2
5354.0358511572795,0.1867073766024987,0.2593589044783584,0.8541287564461738,3
1005.9378740586591,0.13044089925379015,0.16771292908488247,0.8506810619929553,3
3200.533224699203,0.160675249828455,0.216192897554356,0.8191132532706573,3
1342.6472049139343,0.1428330429203925,0.19524439016931863,1.0115652594879416,3
2308.881647787671,0.1605452011304806,0.2252793962212309,1.0220331530580837,3
465.1699713992324,0.12243536001697068,0.15792343920657007,0.9604489340527341,3
6438.941321744712,0.21097530187034863,0.30442232786881507,1.0220331530580837,2
3053.2055427557298,0.1719088744943292,0.24346720880566863,1.0220331530580837,2
2655.1416881037476,0.14731331530329045,0.19089252549420052,0.7031958472765506,4
3183.0484968833266,0.17383264256568515,0.2466983660677215,1.0220331530580837,2
2892.303063856803,0.1569565727057125,0.21022153381727543,0.820275180903139,3
635.2390449377951,0.12193099346595776,0.15099016075510016,0.771563348898208,6
4181.0042540846325,0.167528277505744,0.22489963946136415,0.7629202323251398,3
851.2181181144575,0.1273720076194877,0.16205011388592544,0.8426789534934073,3
-611.9012974145248,0.09774673841193363,0.1065474862325573,0.7282258054292973,7
1830.4507167208276,0.1364740579642785,0.17276539552585748,0.682472728127197,6
328.507380528991,0.11798107104095835,0.14738087338228067,0.9093564619852298,4
1773.9526523421341,0.14197086624344593,0.18622280158615467,0.8228323646381567,3
225.26543374956876,0.11414425655084418,0.13656502491176073,0.7327373811872064,6
5469.388194511067,0.19838587484564416,0.2829527315883752,0.9883855258352852,2
917.8550127436862,0.13042339482508403,0.1695000679370423,0.9065857648911537,3
157.03578378263927,0.11416358743690583,0.14129484269342357,0.9253185877305918,4
2441.874504754352,0.15135889877710731,0.20159417735449106,0.8212779585546165,3
2703.501714330962,0.1666364540722498,0.23478367656498456,1.0220331530580837,3
-1082.7277557054115,0.0874446865552273,0.08679080109586723,0.7164229842646543,8
4145.353174424191,0.17056825721529095,0.231098934090187,0.8129478893821621,3
396.36397205797846,0.11808099457230131,0.14493587218457837,0.8065829674919203,5
2019.696679545603,0.1555189421481373,0.21665209456477896,1.0220331530580837,3
2619.1446521915245,0.1648707422946245,0.23161539814755092,1.0133510639717545,3
2614.377783465676,0.1473031977369829,0.19114936520672934,0.7110429571946131,4
5556.501206589968,0.1913454911877125,0.2669649670904619,0.8980586263691457,2
6429.651346250803,0.21025058428867852,0.30231912960443874,1.0220331530580837,2
2908.20868328269,0.15934076852345244,0.2160638213590573,0.8492651343287837,3
-1539.5815401410744,,,0.7816418516231716,9
2642.354474118408,0.1536251822730265,0.20515883531297732,0.813210177125646,3
5622.12895536946,0.19207342536365105,0.2685626175352809,0.8946702904525522,2
4563.227231082978,0.16996766614147418,0.22793145825708053,0.7472648147807207,3
3151.90290805584,0.16964161567029806,0.23697085618878197,0.9664989457183406,3
-296.35075485683217,0.10332254816567002,0.11803281337070078,0.812232041941097,6
2805.897789285502,0.15849205153845108,0.21480417031125404,0.8596248384562518,3
4611.036174785116,0.18189931725491992,0.2529525415600802,0.8925036632834761,3
675.1427891089689,0.12593130873174235,0.16236720614215305,0.9237653360558732,3
401.7770285703674,0.11974118559373896,0.15078217278169181,0.915466811701873,4
3127.521814043445,0.1635401100493255,0.2236539192581404,0.8720816471068421,3
2799.661775066762,0.16153947734874236,0.221760884250034,0.9126746291625509,3
1190.718239977876,0.1317039689858575,0.16812036303381322,0.7905814932796592,3
5351.300851223701,0.1937907371466281,0.2740128947210905,0.9442929761403283,2
2323.388179321993,0.1434471377433511,0.18464071536436674,0.703338152851586,4
2131.843344533072,0.153790565707277,0.21085943828838938,0.9502186560661231,3
52.28349317679327,0.1110490947657582,0.13176741388924712,0.770151478215888,6
8258.721709532896,0.2002303475614099,0.2733562823592366,0.7655145090038636,3
3094.5749800623175,0.1617851860412884,0.21954026736202648,0.8559207813045608,3
5054.088420611632,0.18432174836880227,0.25541466500835674,0.8666646709325152,3
3250.3814482836146,0.17126801643071304,0.2398608267121745,0.9701531173722115,3
1822.8356922232579,0.14831702959718315,0.20148819709502275,0.941795851325772,3
1355.6274305963498,0.13661761391422259,0.1786653742776252,0.8494837621594249,3
4220.18146242891,0.17642035234093784,0.24311000906309346,0.8815815529039127,3
4107.810352463479,0.16505166980396097,0.2198510406593414,0.7423098511579992,3
-220.62307873308603,,,0.8998407505940413,5
2228.7241039136293,0.15405509574920875,0.21034420041687552,0.9257160575736048,3
4360.324926816687,0.18865541076811498,0.26928719577481386,1.0220331530580837,2
1018.510990611499,0.12925322256214722,0.1644668459701279,0.8005545130600784,4
2804.6976295421714,0.1555015807070049,0.2079935943165765,0.8107403922982169,3
-581.5394918743965,0.09754235783875631,0.1064889381221292,0.7640300068391139,7
43.79186012225195,0.11085686157412059,0.13101800517233642,0.7580258227823873,6
379.5098609362557,0.11745843246062579,0.14321643245148158,0.7844211162979304,5
737.0817909204342,0.12382839518577388,0.15427992817130878,0.7798037588460026,5
2344.3634726716928,0.1491364616263127,0.1973773607773182,0.8043133266304836,3
1274.6489474460743,0.13295917843897773,0.17025656519217594,0.7871552251966076,3
6422.371735699691,0.21014284189286622,0.3020923104995745,1.0220331530580837,2
4061.4263533908406,0.18490730541670927,0.26317125611421943,1.0218492238982075,2
8439.867713067995,0.226888907918692,0.32675560754578326,1.0220331530580837,1
1364.5702367123965,0.13230738776428552,0.16733451758027518,0.7333142358146937,6
2668.9054384656774,0.1634875203115371,0.2276456207982847,0.9775142481214616,3
6610.25336209817,0.20655458331948467,0.293897878919961,0.9558483159989204,2
288.71320351450515,0.11665078025453117,0.14396482228221433,0.8752123236129173,5
2606.88849070484,0.16527795520887595,0.23290315827507588,1.0220331530580837,3
2882.5263761326637,0.15799996009518508,0.21343721188677595,0.8305783461227766,3
1259.9404154266485,0.14110648266014325,0.19212410598447607,1.0073990667737127,3
3552.202458554247,0.1790426681394819,0.25526678142596204,1.0220331530580837,2
3474.7557599345405,0.1661696253268019,0.2263828222145094,0.8519810318365624,3
6331.061979607712,0.20972509113089471,0.3021537901026022,1.0220331530580837,2
3489.1000912126647,0.15778929070702363,0.20779605482421176,0.730349141105774,4
6427.137162951766,0.19705614987733502,0.2747531465200155,0.8703708701938293,2
-495.171027670216,,,0.7476303798379207,7
190.03235824965884,0.1141481364630636,0.13842806728134754,0.8332137389942558,5
10666.479510275305,0.2273085504706614,0.3189454715709873,0.8774927538574738,2
1108.6965554782978,0.1374347667700022,0.18515754401887538,0.992900232049168,3
233.48412795888936,0.11456071279508254,0.13789382456307075,0.7691746486051245,6
2906.4278006253044,0.15751957428274183,0.21165484481316532,0.8235488579941292,3
3352.4818955411874,0.15145355724839643,0.1955071694925209,0.6542881321317341,4
429.2288490348062,0.11833240623409441,0.1446924115811271,0.7801002821610369,6
3387.4853887778177,0.17020130148202953,0.23623533686186418,0.9261488311188233,3
-349.50981770346914,0.10166105102616713,0.11521104212206412,0.8412421163833942,6
585.3110795471277,0.1220120799252982,0.15226259343471613,0.8257559030607365,5
-1190.8635435814601,,,0.7444043499593629,8
5226.190319275752,0.17404281283652384,0.23286171975869363,0.7280259807122076,3
188.27741427030077,0.11454426635409622,0.1406031221738886,0.894418819149462,5
1284.490667065027,0.14161595244813727,0.1930252601916436,1.008466522994497,3
3625.7317781901766,0.1795761544341076,0.25520736610269523,1.0220331530580837,2
5352.820108936069,0.1999866434401156,0.28728681129214234,1.0220331530580837,2
1743.725978073887,0.1472995202668244,0.19983483985015485,0.9516975000125615,3
3406.3433589106426,0.155815955691287,0.20449830060388194,0.7096639712496963,4
2815.435421841575,0.14955302805142318,0.1949259360082578,0.7081583744198292,4
493.4057554688685,0.11929795786873001,0.1461305378512407,0.7658421838586184,6
134.8316319062602,0.11251704590185915,0.13362136908544925,0.7374089975648729,6
3331.496899486837,0.17214935231504572,0.2411080633992242,0.9672272884722191,3
3752.9619183988525,0.1815226445300141,0.2588639674464501,1.0220331530580837,2
4787.668927617824,0.1927431396699831,0.27530895469681127,1.0085939652109313,2
3694.145740825763,0.1804865071029781,0.256677790433605,1.0220331530580837,2
1307.459521425979,0.1420732838461845,0.1937486113896739,1.0091003353339056,3
3929.5787634473577,0.1777774650738138,0.2486758936698607,0.9403302153439882,3
1962.3260933331467,0.14632047465174772,0.19454806563262536,0.8558199491316891,3
167.4098266901273,0.11382458888274417,0.13841650029298763,0.8595719344283034,5
3290.588087267655,0.1718363428453813,0.24130031237364163,0.964825887552179,3
1641.8453873346255,0.13952169973772474,0.18207861881037385,0.8089570443445654,3
3240.0568570924306,0.17071144776591612,0.23881393997980924,0.9622363298486898,3
431.4463558541932,0.11974254275237403,0.14953787949507397,0.874797360653146,5
2126.3173730457097,0.15744015580676207,0.22005048863138654,1.0220331530580837,3
1718.5093069146792,0.13800289646924288,0.17720735800594417,0.7521871074621138,4
5121.45853309336,0.18503193367569112,0.25595656661971605,0.8734768985597496,3
4115.723648009725,0.16952997405214776,0.22967825308842296,0.7966082502845302,3
759.7513476300181,,,0.9900492846469323,3
4498.984548076741,0.17816111655047284,0.24604497340187662,0.8548954201414896,3
4094.045472239686,0.16969847621985537,0.2295411305409289,0.8085736814189992,3
1033.890614810523,0.13632801895055313,0.1838604246917384,0.9990113960429226,3
-790.6457634367512,0.09326912966671447,0.09815206919793129,0.7438690041032135,8
1646.3664432751634,0.14878311902757568,0.20545242264925034,1.0220331530580837,3
5086.19640227558,0.18346260720863947,0.2535831120989315,0.8505408996588479,3
3330.054010565845,0.15297039377928745,0.19862668727109856,0.6820616988479592,4
1370.195937505971,0.13367861323476976,0.17082621120589464,0.7664060403426128,4
5223.729587394471,0.19871909999965284,0.28550834574489276,1.0220331530580837,2
166.9242005462129,0.1140566483384646,0.13979213584607358,0.8954039564709637,5
1175.4888906208848,0.12974211273713088,0.16337281871474263,0.7370961638938383,6
2711.6525905862386,0.16460253331188146,0.23014066489267865,0.9821529325443512,3
3556.891008002596,0.17215486307886746,0.23941288219320997,0.9212962941541923,3
5444.4955593274735,0.19288153727802637,0.271258772526926,0.9249152057898437,2
2059.934555552125,0.1456210294385528,0.19215663598060928,0.8088334951189529,3
271.74459114766955,,,0.9695536074847012,3
1892.9511675026433,0.14284386064227877,0.18712548704606893,0.8025090236331737,3
4141.566447875151,0.18137169335277578,0.2549785754315962,0.9558398851279579,2
202.57563988622942,0.11474098250364481,0.14053362020367782,0.8774199362721216,5
-503.4763475234819,,,0.8767152688404687,6
4976.9486462775185,0.17830983700569053,0.2428839528260142,0.8054741998226612,3
1888.0262813640095,0.1464019419210672,0.19586568964969042,0.8786126693647507,3
304.33482318156075,0.11537305797724005,0.13828473554804083,0.7160412004844419,6
1302.0202572828139,0.13245358643298458,0.16847515757253861,0.7627104429000242,5
2946.358605977637,0.167556596013128,0.2341411537890964,0.9792076335653869,3
2333.0052475911193,0.14464380676909067,0.18724294154471866,0.7236130893317252,4
1514.2388136338175,0.13863702423232105,0.18131416966352845,0.8377181053419864,3
4943.9978186805865,0.1822291398973903,0.2515046251533931,0.8554390631802309,3
4674.266844041728,0.17382932381451613,0.2358279134125042,0.7779398927447166,3
2645.0268820054193,0.16532185588794165,0.2324618150982133,1.0134942940286122,3
2581.446983076209,0.16476150065282127,0.23176988230552523,1.0220331530580837,3
3065.930389176894,0.16266233283758988,0.22197897368387204,0.8729748305537817,3
632.4167083894064,0.1255855195980985,0.16234893988403204,0.9435734221004245,3
-1753.5226671898017,,,0.6552900288580634,9
2214.683810375479,0.15647002237965354,0.21646062043728304,0.9749670970292901,3
1520.0312340293403,0.14007373113518046,0.18483998311457983,0.871106202490472,3
493.8415621404603,0.12069970539050703,0.1507072774280459,0.8527986783111935,5
334.3033325177271,0.11612861563889967,0.14015894999556622,0.7373186409935965,6
4874.314674501821,0.19365146113987067,0.2767661673948168,1.006905527862325,2
3476.130212996702,0.17804509749821595,0.2537367220116721,1.0220331530580837,2
1572.8926265341788,0.1347555775536876,0.17108470644579943,0.7206673493306821,5
-801.3864999253653,,,0.8421911683615086,7
1113.611450878901,0.13019505076899807,0.16532941072564433,0.782140644466685,4
2627.8633656513034,0.15137338081349305,0.20024160492830562,0.777015980143229,3
2668.7500008674933,0.15064043958127513,0.19805914709868377,0.7583896693379744,3
-1618.8266405508862,,,0.8425618335494975,11
2835.073008122831,0.16529893490187536,0.2308174933667033,0.9593437449522426,3
4092.4915764524403,0.1856610245728007,0.2650734085822477,1.0220331530580837,2
4469.726612331555,0.18922019190204087,0.27015806734852954,1.0069535160357193,2
868.5535401823647,0.12843243296438236,0.16489513587221155,0.8684390258610719,3
-232.14754952361164,,,0.9140575197458355,5
1646.5292967241,0.1488155053097217,0.20559321091059246,1.0220331530580837,3
600.9045470006025,0.12317772830829202,0.15554754411496113,0.8698662911153343,4
2391.025621134535,0.14550699207329673,0.1887943061030456,0.7258814022739428,4
-698.8969672267781,0.0910393404277784,0.09425272630196561,0.8505348461779911,7
2547.1639478828465,0.16415543782313766,0.2306181501942775,1.0220331530580837,3
5101.042790751961,0.17336536663033258,0.23200825699896088,0.7330831034304568,3
1516.0852696881152,0.14441442091583673,0.19630033854809886,0.9763049365861008,3
1270.7130431894427,0.13025463349267744,0.16341004071764476,0.7121485224436669,6
666.7755455474105,0.12535342804203548,0.16053958248758138,0.9089019598499786,3
936.0163291176702,0.12951934519196587,0.166454133760999,0.8634710016991491,3
1115.8452554871333,0.12773160743645345,0.15880357826463304,0.7040669839006043,6
3696.66558350287,0.18064786853319678,0.2571970553450228,1.0220331530580837,2
4349.412461802313,0.1880690206176042,0.26816135088083687,1.0147659440098653,2
41.076600400471925,,,0.9019138546257653,5
4069.5778010299096,0.17612246188309655,0.24413734839363319,0.8933639318043927,3
-1499.7864943817517,0.08469635739666048,0.08175244741923962,0.6051696067866814,8
5586.302083304452,0.20050169606729473,0.28742953971013774,0.9920039755433958,2
7546.206287332366,0.22063204532951203,0.3187611533910968,1.0220331530580837,2
4408.675373749451,0.18761543597083802,0.2667406273638335,0.9986610339145479,2
1737.1450030181554,0.14255098620278664,0.18810529588990904,0.8480163390549451,3
74.58219707696927,0.11161093279338276,0.13348582273029022,0.8177147201546426,5
1688.682542916126,0.1471735275984429,0.20063922705521697,0.9671859015127776,3
5014.3296213829035,0.18451333890070604,0.2560856988424348,0.8734522559174827,3
1923.228306882743,0.1368972025776202,0.17297366851180418,0.6671868905096714,6
3388.6610425672634,0.16703572383848952,0.2297233746634447,0.8717258151881954,3
3516.639754997673,0.16569529012367643,0.22505772689728473,0.8375323807604267,3
2375.8328221736224,0.14241612426276337,0.18201431451088862,0.6724583523010523,5
1258.3323590350997,0.13902958001335727,0.18646724732207082,0.9659597144553703,3
1215.5993399759245,0.1385259235559716,0.18598513097895192,0.9748423351687374,3
2290.8779030932124,0.15568438714926747,0.21378196587684217,0.9355681799808205,3
3095.3225396482226,0.1677073194263358,0.23350503808651413,0.9432260827114356,3
2060.2205563400066,0.15613475025056694,0.21742913664529626,1.0220331530580837,3
2477.0722056638697,0.1541034994828806,0.2078538198609749,0.8592666988717257,3
2107.3932495676027,0.14818840134939829,0.19744809480707776,0.8498218569720714,3
6203.238912727591,0.19794083663546191,0.27796555748500396,0.8991219956603566,2
3571.5865330448655,0.16701685529005772,0.22768680961562499,0.8461973543759046,3
3255.394466373944,0.1632627514439264,0.22186035757440556,0.8449380340598989,3
1844.0779235193359,0.1524748953679591,0.2117756472041947,1.0220331530580837,3
3292.57558348925,0.1634530062664453,0.2219670819307794,0.8413341765284388,3
-76.72571945370389,0.10832934091731661,0.127343809346894,0.810139810866069,5
4505.861543575173,0.19016328238813007,0.27125038169433546,1.0220331530580837,2
2016.5253251358884,0.14023256382670302,0.17978746333792517,0.7137710742793942,5
2341.805352453881,0.16107516988176945,0.22612150472923537,1.0220331530580837,3
8973.81907983389,0.23146369929927468,0.33432427794250524,1.0220331530580837,1
4967.446623067137,0.18255519225813266,0.2525179469866998,0.8516066877448897,3
3906.9041147360895,0.16810968580830382,0.22740170144024896,0.8128452110366567,3
2269.988640654658,0.14733595938323563,0.19420262983894648,0.7856603286330386,3
6139.568217255595,0.1892637590548475,0.2601563076863386,0.8098585500690031,3
2235.4989569199306,0.15498093147889447,0.2124188876943663,0.9421428907920499,3
3808.319100796449,0.17145232966831828,0.23640657027717685,0.8628146972317929,3
1738.9804957479703,0.14579825159326,0.1965047282081287,0.9157399088672398,3
1204.3449055283415,0.13419884131690196,0.17465103987015032,0.8549151845267569,3
6192.448364931072,0.19493845200895524,0.27164834046707254,0.8676727239819699,2
5984.602705669591,0.19912731996801084,0.28122606224133045,0.9401935282047855,2
895.9952099592995,0.13033120997642983,0.16965112028628937,0.9196645997322773,3
1556.703257034317,0.1471237495663445,0.20278796095917642,1.021319693652683,3
1235.900428999505,0.13208152174502175,0.16850497792183888,0.779911402777258,4
2495.487041765327,0.15320696952549046,0.20546647105693414,0.8402844612229193,3
3246.264163359599,0.17483449766459674,0.2485351675146376,1.0220331530580837,2
6719.5599074143,0.1912702648658524,0.2614555960928556,0.7839585054116762,3
2862.2540995483105,0.16053911806429827,0.21883882456095305,0.8825561589613876,3
2553.4382984554554,0.16354014592434396,0.23001059539165003,0.9987990688059024,3
1291.4860693054447,0.14135296037493394,0.19214503332223107,1.002223207483799,3
1896.0311836723438,0.15059491244473977,0.2060919108174858,0.9646348475679412,3
2182.205704421087,0.15707096742626164,0.21823264899903733,0.9980586843720181,3
2405.3938561192463,0.15954090159693812,0.221196454481833,0.9794633796071105,3
2784.4505137204587,0.14819024489083865,0.1922375636138895,0.6904266497766215,4
1892.600593075844,0.14432890594616768,0.190905172289422,0.8316742939753832,3
5157.159447581317,0.16776942797191624,0.2207945902431675,0.6587585542166821,4
2578.381402599115,0.15513784133181616,0.20965179373524734,0.8487758403681078,3
1459.8072846469051,0.13659897091938553,0.17694001169038528,0.8077893580003477,3
2976.3862082048745,0.16874554889727733,0.2366640940839716,0.9909828781466101,3
2200.368809201319,0.1520345120327875,0.20568543380904888,0.8968803852089461,3
2507.52815385457,0.15595060999294222,0.21171510297208435,0.8861034936402843,3
2453.7504410249326,0.15056771206363923,0.19976235708927564,0.8031854128268171,3
4029.722061372032,0.17487025098880618,0.24170646746060812,0.8821183503780637,3
565.1820452002981,0.12180145093107062,0.15223275358366672,0.8339827185318446,5
2680.4015175462246,0.15549995334040437,0.20897789943664974,0.8381730871062087,3
5943.822309499577,0.19706715811562395,0.27768346124248644,0.9139707821723775,2
5732.524147935869,0.19534731725079832,0.2743056375282322,0.9272240952699525,2
123.45742668306026,0.11331863132145374,0.13982208746674585,0.9268986145218339,4
-100.83845784208272,0.10801472609850864,0.1257394082485917,0.7528575349886111,7
4169.114608514692,0.17866133708130288,0.2488659218157409,0.9139162667496945,3
-959.2399692252517,0.0849612945019544,0.08148912768901938,0.8187814180006872,7
2077.5328707625854,0.15001201277755177,0.2020924000924424,0.8954409232639925,3
2653.1487325888684,0.15015893572053757,0.19696116571212774,0.7549353336596691,3
3354.7880042319475,0.17651557876724838,0.2515672249661294,1.0220331530580837,2
2476.815233664535,0.15291238864283518,0.204951081102081,0.8396479958226244,3
1006.4961318874346,0.13571968639535048,0.18275397373472516,0.997670820671319,3
2159.3136741412686,0.1481974696092948,0.19744233513301881,0.8293981521518693,3
2200.0031402812597,0.15219981581112732,0.2066096468559408,0.8941871085826998,3
1545.7946719737788,0.14692799547337934,0.20249861086813328,1.0213016122690355,3
1211.4041995163564,0.1336501527224755,0.1730721290019574,0.8355823940642072,3
1129.8386079549987,0.13266987141578285,0.17176117238159355,0.8489608524413051,3
3318.1921337215576,0.1681669277382753,0.23258196478673196,0.9048502784530191,3
7787.307451657634,0.20948253725182436,0.29396191638952585,0.8889470839721894,2
1578.5037778656165,0.1405257157382948,0.18536493221545247,0.8564423256497065,3
1141.7285845457313,0.12932803824874106,0.16254763757351615,0.7428155037916464,6
2468.727241793088,0.15703379814403892,0.214646861447909,0.9154395124247393,3
1529.95592736684,0.1356988175672996,0.17372821037788533,0.760194298028056,4
19.967431673119357,0.11048226555822116,0.1327178556835861,0.8806335289214599,5
-495.83529889748627,0.10016243255831797,0.11108450293886565,0.7306946685195227,7
809.0096264559556,0.12821157744183437,0.16555875226767972,0.905347061346886,3
2223.953942650235,0.15580362783166496,0.21451203011529288,0.9616820821474101,3
5239.621193919283,0.19887405987374224,0.28576251819213216,1.0215468125207101,2
-135.34499002039908,0.10666198015087505,0.1254045811390825,0.8734819041605835,5
1737.6407106289666,0.1485552030518193,0.20338612194391315,0.9789129880228308,3
-415.0038931500218,0.10202545048832691,0.11439115699367905,0.7196537273257296,7
646.9562281059016,,,0.9668779100131146,3
2482.268239709216,0.16000594991201073,0.22155810520453093,0.9648781283780316,3
2015.9463795911483,0.144821746330581,0.19051296795878447,0.8075838547027174,3
1158.0683366053975,0.12966840436974963,0.16347889778426183,0.7420285032554567,6
7288.338735679286,0.19668922792006924,0.27054277437964636,0.7908056038366205,3
4332.499640281184,0.16840435698013606,0.22587460784270663,0.7553511006283838,3
645.775289624499,0.12442168183843029,0.15820871073137827,0.885921887647934,3
4893.460261656363,0.18413411957535575,0.2559585470811725,0.8841759216117415,3
439.5902599785928,0.11688931942267121,0.13968224319969524,0.6609990670215181,6
1371.5121617707086,0.13096420982446938,0.164147090352526,0.6914293037928271,6
987.6962660106472,0.12852187727803543,0.16305027539874578,0.792672540837982,4
113.70712613669112,0.11217296294844345,0.13316380234282402,0.7503003661282739,6
2085.3030094920086,0.1442744924383078,0.18858224687210173,0.7768163449889997,3
3001.288323967824,0.1711106061859028,0.2420819139060768,1.0220331530580837,2
2918.312525346384,0.1612185742475049,0.21994689591010685,0.8809050326671205,3
1758.2483674192176,0.13687231410749517,0.17445849906471264,0.7104155846858148,5
2121.2355828048276,0.14548241811789925,0.19098331467539537,0.7919918052352541,3
2794.375044056633,0.15997797803975114,0.21857469670248977,0.8838621241181351,3
2331.6582762661155,0.14385221803258907,0.1854714028084345,0.7092247256743929,4
672.0239562311174,0.1238018903878583,0.15566013416610075,0.8318867075104002,5
-1320.7158534855507,,,0.7880940065864591,9
-1081.6457317947106,,,0.8115937614708502,8
1333.5171712188671,0.13483708701514846,0.17433815061522184,0.8121100111679022,3
1575.7623482124814,0.13824818318244073,0.1796167009415513,0.8040205643772519,3
1211.5518952159402,0.12998262966384577,0.1633664348688399,0.7302917844669939,6
-612.1031179321302,0.0979567875366229,0.10692319439185669,0.7170923384203767,7
3191.942878032304,0.16800021573399138,0.23277910661454376,0.933136307836317,3
2576.409052836078,0.15391120820713694,0.20635335239021516,0.8334943952131811,3
67.08494186380304,0.11125349027943232,0.13133426231161144,0.7332284232245407,6
3639.0496220512614,0.17106909771991924,0.23621649703127337,0.8923128913095255,3
1177.9307713817802,0.13946213017861736,0.18951144190286878,1.0060581489127474,3
4168.801256961642,0.1849676875917794,0.26328891442753954,0.9948672157975924,2
5132.861457475622,0.19523709132326988,0.27895644182499385,0.9852935284801896,2
4442.200071766517,0.18305673522681898,0.25634586517189745,0.9340627221564348,2
664.2342077277485,0.12671652194267155,0.1650095573051658,0.9556663656044894,3
434.82177737541826,0.11814499762858761,0.14395114723320152,0.7584854971347637,6
704.7486297393675,0.12618705318664072,0.16207808991166534,0.9106456937893092,3
3533.042590498733,0.15878395314548474,0.21002188143338568,0.7342461231348347,3
2699.134981534415,0.16694753602841955,0.2361687115066161,1.0220331530580837,2
2397.120893425036,0.1562050809515313,0.2133725363499252,0.9204509552172999,3
380.93665282982187,0.11851388016229977,0.1470542298146029,0.8633323268894699,5
2783.600428474487,0.15340381996793448,0.2032964529367746,0.782040012221756,3
234.68476043911755,0.1144048257768191,0.13715641495691674,0.7464217452922451,6
1828.143982839533,0.1486579310603703,0.2024942757398094,0.9446013160245156,3
2900.7888461427483,0.15378044773096916,0.20352200742272547,0.7622845709223108,3
4971.883891104985,0.19581928429715847,0.2807422797108303,1.0220331530580837,2
-1244.826425102729,,,0.7754256962538909,8
5025.681497100819,0.19666581934125138,0.28249546951155935,1.0220331530580837,2
4584.3694109278185,0.1762810386810088,0.2412225007508823,0.8229277252174284,3
3626.7122704560106,0.16056994177324674,0.21307291822249685,0.7479322625961617,3
1380.012471046495,0.13408154521648616,0.171677187635214,0.7737016098617684,3
1112.9480081053168,0.1380459031116516,0.18683318042567407,1.0022494723537094,3
3243.1764851833173,0.1688080831367188,0.2344002814454143,0.9326323460290845,3
3222.806464475936,0.1591559049898024,0.21263584432435895,0.7923695549954666,3
2790.0870134789297,0.15431490808805398,0.20531141895953628,0.7955528182164596,3
1788.3966056305667,0.14310088631664258,0.1888176756337998,0.8428324323945335,3
449.25481960539685,0.12246898613084345,0.15875428459876278,0.973919207849247,3
2914.1900432962134,0.15249354664747444,0.2004355207051049,0.740756298476241,3
743.3156907997267,0.1226550867510014,0.15082464537208584,0.722503363418149,6
2313.7949172772974,0.15148249620197024,0.2030781245262915,0.8561751337270862,3
2089.0297132940204,0.14787672811944508,0.19694921951813743,0.84843851481176,3
3748.117125462593,0.16724367963579423,0.22734516144846564,0.816453594844365,3
628.2554272586488,0.12066216215243913,0.14724153243951155,0.7140382535623329,6
7068.201417924498,0.20010755477978825,0.2781893300743832,0.8458321571273352,2
1358.0818688913585,0.1384856498501904,0.1833505759164837,0.8997914193127023,3
4569.930081512694,0.17648809805741622,0.24146586022689007,0.830464941066879,3
6734.6304831770285,0.1996386553059892,0.2780030587426155,0.8773920367417791,2
2650.417541434858,0.15739388958245398,0.2137305517700952,0.8759978207493799,3
4473.335444796669,0.18978118135401023,0.2706477329898917,1.0220331530580837,2
3164.238101817892,0.16024624634774234,0.21596822695755694,0.8141968004369543,3
298.3559354135334,0.11551229769229399,0.13888750596015603,0.74351937368644,6
2151.2983560412376,0.14420457204505516,0.18770486138437265,0.7594134377598358,3
4815.669971945608,0.17379471089698206,0.23448187977664933,0.7668258515092552,3
1024.854945354582,0.13173536050499024,0.17087861246836844,0.8825530085720464,3
446.50256142215744,0.1198253220491097,0.14934656377918154,0.8583430654528148,5
856.3394965838684,0.12486734593621807,0.15496555792378783,0.7414458655196634,6
1262.8026990674166,0.13234623676835328,0.168783119159707,0.7758575461319135,4
-1575.3615988740687,0.07512937156707272,0.06193597373876403,0.7114524995786032,9
6435.357813182074,0.20567553587807197,0.29306885822479667,0.9625430882597773,2
2586.9915460237517,0.16134290872350907,0.22329385933626328,0.9633842679131551,3
1676.7780018194453,0.1446367579518665,0.19406213521797328,0.9177803531620907,3
3924.132501960639,0.18214527820455256,0.2587760565736971,0.9996678777039675,2
2310.7104769439566,0.16044458452051916,0.2247817519400997,1.0220331530580837,3
3943.226285767698,0.16928393009529824,0.2300030146481732,0.8203977783228521,3
-212.28698030196153,0.10514892040155246,0.12166026458180573,0.8282553284783964,6
2353.1177979210574,0.15147926965182712,0.20263686637990758,0.8463448535760507,3
3988.0001242624467,0.1709001345559955,0.23340487573004792,0.8337004755154476,3
5151.940042580401,0.19849785950918886,0.2861018839059397,1.0220331530580837,2
738.292441971014,0.12751637115397899,0.16526894985727267,0.9369274747785356,3
1135.6141409344732,0.13482385629049537,0.17736518599194828,0.9127701641572822,3
4391.106175954897,0.1779479966088729,0.24597865690157053,0.8700995964556477,3
1749.5460209759797,0.15080531696385158,0.2091342368847108,1.0220331530580837,3
3308.7246533636207,0.17424885420023206,0.24672821911008214,0.9975370546641876,2
4140.817579130946,0.1797214195546076,0.2515340211346485,0.9312292737718788,2
2678.9245487463027,0.15072466651299696,0.19837784040573755,0.755393324768125,3
-349.16171097228516,,,0.8444932044753342,6
-656.6384404911948,0.09592095422331115,0.10335031061695188,0.7592865651753787,7
3148.1153985882024,0.16494816111044203,0.22654646388764377,0.8911732820360176,3
315.78708592918156,0.11725421492046739,0.14506594755039265,0.8759071434842808,5
1292.6626181436382,0.1342675115571183,0.17328076688809235,0.8169091599591385,3
27.88620858627451,0.11069078407190322,0.13341823850041695,0.8891914283370125,5
6143.8898012785885,0.2020526297421384,0.28661509281118924,0.9560976933295297,2
6423.552553402605,0.20969209510712972,0.30066523602581574,1.0220331530580837,2
135.10432040337935,,,0.9235930737853902,4
2431.7146538899665,0.14895419965541812,0.19626859609998065,0.7792503079797168,3
-533.582483187913,0.0992915177786017,0.10949291325086963,0.7342900762719164,7
1000.3550009751528,0.13414174635418025,0.17825130606179304,0.9700933459088625,3
5593.643799831285,0.20225975349749212,0.2904005763844908,1.0220331530580837,2
2142.5796181775154,0.14467354920498113,0.18898912634031145,0.7694477175126992,3
2955.891809798842,0.160966900123185,0.21916825630833048,0.8675704477726023,3
2620.407091903609,0.16563665482581202,0.2338329567370238,1.0220331530580837,2
5038.100870526518,0.1965118311008155,0.2817547727376223,1.0220331530580837,2
-101.75957943159759,,,0.9375947786364683,4
2157.6144319004,0.1534364344107417,0.20973873602706594,0.9346862871136616,3
1854.0357500159926,0.15256863591785075,0.21169202190321817,1.0220331530580837,3
-224.4694293855107,,,0.795150685737876,7
3468.6894362925523,0.17490906688090035,0.24615516915873742,0.9815746083156672,2
5905.214684088225,0.19285912047635065,0.26861901980264524,0.8745087127467376,2
-596.4116029305054,0.10034746184792315,0.11037527746921116,0.6283579758951926,7
4375.231312888396,0.1767685808064926,0.24309113076378708,0.8617402988879612,3
487.0333319390346,0.12117840406099278,0.15255960879167108,0.8903112343194975,4
4016.5246872251937,0.174982032020398,0.24187859931116693,0.8874999017005338,3
1889.0092237293356,0.14252612145473909,0.1863433309081302,0.7977031243475899,3
1219.347613857076,0.13296595263627753,0.1711659589685951,0.8116641318661052,3
3348.0596179250224,0.17508314396409327,0.2477332448208472,1.008174104770594,2
2707.9536621225093,0.16135049962786074,0.22251806750682593,0.9279333782633563,3
3090.654335493348,0.16856350551443028,0.23515800119639613,0.9618173638198879,3
1599.8543982049548,0.14319766228527447,0.19182414433926176,0.9113878698074586,3
-281.10813723597505,0.10510857884519284,0.11940785568913273,0.6783555697335241,7
975.2206550396037,0.12854079678236313,0.163110500757648,0.8034828789285873,4
1782.2990743168966,0.145146190189189,0.19427163990694685,0.8858656432749025,3
1529.1483658740012,0.1347914892783592,0.1716788717913004,0.7359513562614968,5
-802.3672540956005,,,0.8404366776559384,6
1829.0212181896286,0.15243635168035327,0.21235295850165128,1.0220331530580837,3
1794.369514611774,0.13652696629005737,0.17317671431592319,0.693980229303827,5
3816.3388156670294,0.17351648202156875,0.2404523715948017,0.895421342595837,3
6508.512459143549,0.21058877961677352,0.30220493684464594,1.0220331530580837,2
415.5493212833018,,,0.9737200830004518,3
1057.3634235194575,0.1282398611950157,0.16099127781326394,0.7480894608028955,6
2234.8704904498254,0.1591457721509869,0.2225390802315815,1.0220331530580837,3
687.6153887937091,0.121831936385388,0.14950421164139707,0.725243233579793,6
3237.103595357638,0.16436132406861362,0.22436613317477166,0.8661445983903976,3
219.6749059216515,0.11447061148728613,0.13818497044612743,0.7927067445254963,5
4027.1053070672224,0.17672259083319664,0.2457688559428789,0.9080972060448519,3
2263.371390753637,0.14864709686717115,0.19712982569872115,0.8141360177144983,3
3181.382524543659,0.16183546801712512,0.21914522904753542,0.838051137100302,3
-289.50934364714743,0.10268064759629852,0.11772638191323498,0.867864115214978,6
4216.557011805722,0.18660111284571035,0.26589795250292814,1.016946666120629,2
3145.6418183193173,0.16082035370300216,0.21677234352682717,0.8331423843920696,3
2734.7914723140702,0.16729247184912313,0.2362698882036057,1.0220331530580837,2
2003.7750315811454,0.14266550969236957,0.18538608212984398,0.7689210856232759,3
1619.2722732909099,0.1409402605214382,0.18573690549565072,0.8521982814632102,3
3407.5873647701515,0.16347390537212053,0.2211921247904684,0.8209079786248218,3
9514.797142119123,0.2348249309021413,0.33853154149692266,1.0220331530580837,1
3078.3327852278503,0.17228168798974364,0.24408931196667255,1.0220331530580837,2
3872.760847134001,0.1773244365254869,0.24840248164182416,0.9403064161978615,2
2803.84792490804,0.15455544329543047,0.20569999316612667,0.7971824524043396,3
4884.853277832096,0.19329207503105866,0.2759986968227167,0.9996368479370332,2
-929.0799461267658,0.09494227466489068,0.10059598723746604,0.6131919408892015,8
-74.37237628572191,0.10809431265897733,0.1287319096729334,0.8911228973145652,5
4216.9796563239815,0.18651533615775412,0.2662115202190761,1.009931615883414,2
2750.225326058997,0.16014710509680302,0.21915890734089769,0.8992467889238716,3
1065.0539740496033,0.13631154698705358,0.18304821589481435,0.9878217730270487,3
2604.362404692071,0.1654322656871955,0.2336070641613333,1.0220331530580837,2
2151.045215685105,0.14416763416338654,0.18747396011240203,0.760412753046369,3
1179.4918025739282,0.13230238502192151,0.1697445433890607,0.8152907876053687,3
4337.0526927022465,0.17315432734621944,0.23602560888321023,0.8149594112496976,3
-950.5061076214037,0.08989595540833764,0.09158602203551709,0.7326390097286984,8
7335.623614402238,0.19914613320206623,0.27476492732348556,0.8183289960005252,3
1277.561422538963,0.14131112363247672,0.19237393191251617,1.005769209916129,3
-1297.9656053756244,,,0.7925977428872772,9
2471.8842605454442,0.16315765604958873,0.22947494929612733,1.0220331530580837,3
2298.1256581114144,0.15554281515023835,0.21283024450749505,0.9366633617983654,3
1623.352643312895,0.1423793203754031,0.18952262695820543,0.8816534507873133,3
1442.3577116037468,0.13980877996509664,0.1855709601026319,0.8942664370205536,3
2089.7599248575525,0.1566309437726886,0.2182158281342709,1.0220331530580837,3
1678.2075373199195,0.14857272980771094,0.2044159192435473,1.0031127217954825,3
4305.028853884736,0.17782397830542324,0.24644136062597685,0.8787933217474323,3
2747.75938139916,0.1633580578559304,0.22662705534748964,0.9542203973697607,3
3001.062623568686,0.15377796126240356,0.20239766086560854,0.7482389890556987,3
1750.1151935836037,0.13762932718746018,0.17628015010359382,0.7305155534664349,5
2005.2487784065377,0.15532416825426482,0.21648129389577664,1.0220331530580837,3
1967.2337061858468,0.14732572019393048,0.19746760841953806,0.8687304258335227,3
1268.697506789776,0.1299053388795074,0.1626326872419669,0.7019190485857048,6
14.467500620727535,,,0.8869098476156032,5
1150.6379556534978,0.13564664286113842,0.17944168145950243,0.9273913607427071,3
769.647470102374,0.12437181606183004,0.15536407548224818,0.7766327561760079,5
464.783170222277,0.12103180725089263,0.15291991799367682,0.9103114389391128,4
5243.130675353653,0.17496572965437737,0.23503837707467035,0.7332426648249996,3
3211.606020913063,0.16950555354824248,0.23607183027488648,0.9520933091278377,3
2673.1498866211873,0.16115738645767125,0.22214418547955572,0.9362109645723754,3
694.9123512255989,0.12318586793553553,0.1532544399293329,0.7842882545599292,5
4565.198851665362,0.17913565402159298,0.247249756723977,0.8637837157852184,3
3652.1626591654017,0.1692232324874567,0.23210413882843572,0.8628334490661527,3
2525.7473479111623,0.1640964224550771,0.23120329381490595,1.0220331530580837,3
2437.066924486165,0.15682137485964634,0.21443951225483035,0.9204626238439001,3
-2160.402874001088,,,0.748975729134779,13
1568.517017009526,0.14547642187371823,0.1982565324309689,0.9776169506391189,3
978.5258740432914,0.12837219315742918,0.16270191616986268,0.7941759217418927,4
3073.86399672486,0.16107582161721443,0.21857650833298978,0.8437700076906782,3
1647.89058275618,0.14343313010840578,0.191478081967216,0.9008679115912808,3
4114.470143796369,0.16390088445450604,0.21758156218329533,0.7243776533156615,4
958.8076223222694,0.1315667156884046,0.171822618400256,0.9187156787863318,3
3449.514905169287,0.16998657135818576,0.23536220604437405,0.9097948318974746,3
2060.8012016716707,0.1501615248718736,0.20276421456692337,0.90230953249812,3
1391.0420541528606,0.13775849446519717,0.1808928944818035,0.86620798111817,3
1790.157791973592,0.14077059609671777,0.18348676620371412,0.7868396428676625,3
3053.8626506146556,0.17179481511830091,0.2430039875540388,1.0220331530580837,2
369.21174528825316,0.11716916058603608,0.14258115631346305,0.7757824960066088,6
1865.1655310225176,0.14553396238188732,0.1940254597364401,0.8677162847331582,3
2426.0448131840812,0.1505616033546176,0.19990686746623398,0.8106478060869265,3
-120.92972238463287,0.10813141545877444,0.12412161429729171,0.6267448195818764,7
2617.7567379490897,0.16063711539682124,0.22150139738005237,0.9410826670725702,3
1481.2217193798087,0.145643714857215,0.20022774731332904,1.0181710894469609,3
1078.3877259886392,0.13182445163911327,0.17025196818067345,0.8525796755216005,3
1688.933311015808,0.14114329110207113,0.18516011427454948,0.8338847244381525,3
396.95570777256876,0.11767046990808017,0.1434023326974057,0.7753955014911574,6
2646.575357961939,0.16134440684199952,0.22299269430477578,0.9446091782478565,3
4981.0329381298125,0.19296409726921407,0.2744447576056701,0.9839877932573888,2
5164.52232435509,0.19875965638275372,0.2867175751984178,1.0220331530580837,2
2560.3196009351996,0.16465076597742156,0.23212580873005212,1.0220331530580837,3
2194.3993954712073,0.15362433013215204,0.209626466114787,0.928558367335837,3
3904.9430455412194,0.1741323245595595,0.24108101823439937,0.8904441835180129,3
-1890.8011270334393,0.07180754487062588,0.05604204146957275,0.6560780408023978,9
2655.759964732624,0.1659445103922735,0.2337641327823804,1.0220331530580837,3
-523.3724353425107,,,0.8358442935440223,6
2024.3128911003812,0.15309931560059337,0.2107201963517582,0.9697415078821743,3
1649.6773032769768,0.14121436554341926,0.18587403546771386,0.849117171937603,3
5059.803836407136,0.19057337868234758,0.26845180253549183,0.9465762733653832,2
6112.6695352508395,0.1844445134130183,0.2505818739533424,0.7578190884879593,3
2602.789005646101,0.14996409859304552,0.19723415820299126,0.7584765443648241,3
693.6500685798491,0.1254992395502086,0.16026434863251782,0.8900099788624088,3
-106.22760736553681,0.10803982385814379,0.12529997087749511,0.7161737872955728,7
1431.4921013114445,0.13540312166678636,0.17436024555336188,0.7875944625478477,3
1413.0114577753022,0.132464829561286,0.1670327709456615,0.7208566344804755,6
2225.701622330669,0.15170308946699157,0.20479575083736562,0.8813349438098041,3
1305.5943881618873,0.13260031682739287,0.16868641126893635,0.7667391904818446,4
2704.4573811174223,0.16415410499266725,0.2292321830012952,0.9755050744828309,3
6903.730869170681,0.2116235997844342,0.30256581692738105,0.9894515449568021,2
-1457.3222802556731,0.08287608786463352,0.07810662623778625,0.6456276472646965,8
3357.0165209182346,0.1761529224655533,0.25037130668642926,1.0198599512704545,2
3671.177907001309,0.17406434128806725,0.24252141138676955,0.9311806697934311,3
2249.1309318970607,0.15940198821308516,0.22300893539359096,1.0220331530580837,3
3999.582661585811,0.1822034091754176,0.25837855557510914,0.9861607431326556,2
52.56980113519903,,,0.9544440104884739,4
1347.1360744023164,0.14056621648614964,0.1888519442982215,0.962216260721197,3
1687.457897971964,0.14150419641764536,0.18629166107712078,0.8400108435033603,3
1141.3059799395191,0.13161307323580335,0.1686407523084199,0.8121244372653917,3
1898.6282565987756,0.15263532115095593,0.2109668284672807,1.0086336410991168,3
1600.8901129559274,0.1460538055139296,0.19911632488983744,0.9784325441311148,3
1133.6916540857176,0.12959511473291063,0.16351832559721519,0.7527303763030028,6
105.84648339963763,0.11180819233804873,0.13138088422892916,0.6899764731824792,7
1870.8701976320413,0.1394897393834071,0.17960839195748124,0.7347792908793075,4
2829.5561199756453,0.16866600502808068,0.2383536670753529,1.0220331530580837,2
3736.96000704694,0.16140699709549153,0.21439242651140378,0.7416530378769278,3
960.9249071267008,0.12480174592019469,0.15347323107853308,0.6757898060457987,6
4037.3090728151365,0.18545105440880433,0.26564289648740674,1.0220331530580837,2
2541.841930521421,0.14880116151916814,0.19495512532266732,0.7528157062618638,3
711.2160787647031,0.12490554046853505,0.1579956232377299,0.8488378712385384,4
3253.8126591050896,0.1680264649457968,0.2326576945353736,0.9170828426689838,3
2144.004034964926,0.14961885095826807,0.2008369317420147,0.8631020471817379,3
-391.6209012026378,,,0.8233176153117161,6
1108.855083490508,0.12892100626713734,0.16200367009587355,0.7449645418949244,6
867.1472170606704,0.12531852238657848,0.15616894343929744,0.7503625544630511,6
2794.9231292894146,0.16800114991947346,0.23693763082337682,1.0220331530580837,3
2932.950805445407,0.16625121355955347,0.2314048902950163,0.9593084354327697,3
7616.303337375492,0.20526722208651343,0.28555584052592176,0.864628000214025,2
1030.4454579707692,0.12649530853004762,0.15679836220733706,0.7029515050923375,6
688.3897725625094,0.12843638043304967,0.16984598816379726,0.9853957666542266,3
394.57148668395985,0.12006471889981186,0.15230015970410024,0.9343412510848351,3
3110.5120680745868,0.17287353442752645,0.24532066223291624,1.0220331530580837,2
4534.65160895768,0.19088041161012376,0.2730891200357292,1.0220331530580837,2
-59.34967756349471,0.10881442275185693,0.12739247748613708,0.7631049846954768,7
7444.348339510128,0.21237826001579385,0.3017989926047449,0.9437511440620994,2
4364.622093786293,0.18883411791684923,0.26980883986398113,1.0220331530580837,2
1774.95950001218,0.14528317239628455,0.19434520328577493,0.8956771253261172,3
1947.2303014151407,0.1368115204882997,0.17263503947924624,0.6587724647867755,6
2120.3182820881707,0.15728901048996702,0.21967544505569092,1.0220331530580837,3
3453.1684017014495,0.16352573033473164,0.22105840336407714,0.8130456818736306,3
3932.2204270380153,0.16066438152502088,0.21189044816364916,0.7033959738258265,4
1443.361351716738,0.13929141613552937,0.1841072411290952,0.8821108293363351,3
2727.6980119970094,0.14601509651602101,0.1874883862283241,0.6687956014965893,5
7182.524618908041,0.21132730380850262,0.30043772958233605,0.9608055473778953,2
2969.1614024128003,0.15156604939415957,0.19809042168308222,0.7154895004336864,4
4369.680412749998,0.16755966191449265,0.22394807957862214,0.7395244309957705,3
3607.854152721273,0.17018068498682626,0.23491776576156562,0.8800274541008994,3
2458.5953918912414,0.16272083177918834,0.22820026056360804,1.0220331530580837,3
3424.4445200521914,0.17664383062146954,0.2513085333361232,1.0079166122747993,2
3321.97841873401,0.1756397205971553,0.24929381707479484,1.0220331530580837,2
2966.2750020771446,0.1571654837812275,0.2103737480803829,0.806107848066857,3
2458.265898754243,0.15156195633753672,0.20202397585235307,0.819747575832659,3
2629.171115168162,0.1565141713183038,0.21185560043632,0.866366549670751,3
3672.972179522702,0.17145590980799175,0.2368899517026876,0.891208554801094,3
3269.8927189293536,0.15526146057136436,0.20397243930601694,0.7243941752985712,4
524.2152307150202,0.12112766264872338,0.15130414061059133,0.8402561503874031,5
6026.47815915163,0.20005348247677832,0.282925990572403,0.946763051065641,2
239.6711314534152,0.11541403286582866,0.14133221165466242,0.8581565770577353,5
4089.422594157147,0.15869783049311084,0.20706363656063334,0.6576992857911994,4
769.9674972776999,0.12496022950545016,0.1569452613435715,0.8029521837992477,5
1640.5594963090612,0.14443852154381603,0.19428506456170005,0.9251788589179131,3
6720.267875239974,0.20024976135664474,0.27968332260788886,0.8814997091488442,2
-26.819545738392655,0.1094099132759766,0.12948728519422736,0.8210019684087196,5
374.1850145020032,0.11924620256158963,0.1501455473418901,0.9200716396784313,4
4114.889627741267,0.17981686149396411,0.25155678302726303,0.9408039396344218,3
853.7181440625577,0.12836342970149422,0.16495197126023417,0.8774180894856034,3
2629.1886123238855,0.1472094518303493,0.19068848830956997,0.7081995566658345,4
327.2576916186447,0.11646828658003874,0.14145092602157097,0.7841982183784708,5
3668.222079274818,0.17411335467422762,0.2430729214778694,0.9277224188343918,3
-851.0133228315494,,,0.7756774061160576,8
-632.2265912132629,,,0.8553950611825073,6
1914.3431524572663,0.14464214533236375,0.19113179758896878,0.8347699359930714,3
469.2577646335476,0.12008343560555662,0.1493946804057487,0.8454687394496325,5
6119.662627167214,0.2068884448517565,0.2965087000149651,1.0220331530580837,2
406.3251437750011,0.1213535275137474,0.1566645247152337,0.9718872826447496,3
1554.8662635332876,0.1397666682907584,0.18366756433570122,0.8486709443302626,3
3719.8551009883886,0.1784799294706318,0.25197003662615325,0.9871273982044932,2
1860.5750822891273,0.15281201907582725,0.2124452072122949,1.0220331530580837,3
4.961919832858115,,,0.9411930718832265,4
5876.486932054589,0.18315305759706468,0.24852196474130328,0.7696597821046194,3
767.2288334673354,0.12561457887559305,0.1588616572635147,0.8332243500088885,5
2240.2463034394686,0.14696742929818357,0.19361019758216574,0.7863106641948733,3
997.6374585272739,0.1294536572620928,0.16516773519069836,0.8221847707442854,3
6358.839723789318,0.20789914700653755,0.29820606359862734,0.9962866404106501,2
702.9449621613727,0.12335500352683085,0.15356768636575008,0.7857842407862679,5
1787.6356111843165,0.1417540152018774,0.1860774760039931,0.8070575479198902,3
1801.8816758046958,0.145457293688196,0.19437131900685928,0.8905561843280732,3
2577.626241353199,0.15600938183870317,0.2112669179790828,0.8688416636262034,3
2695.0310431737107,0.15273293445588942,0.2029336236060772,0.7840347237490765,3
2034.4652935021745,0.15335233689647798,0.21107159712264548,0.972939045225698,3
5031.749323707909,0.1745916941800715,0.2351037016953343,0.7522697086019141,3
140.9019863734539,0.11297498086478301,0.13578772533328448,0.809393640010037,5
1038.7406927946847,0.13178118908972467,0.17073152523116733,0.8757515432351686,3
-320.2316432985327,0.10406979180515916,0.11793583634153039,0.7069963004671557,7
73.12542457440506,,,0.958780942564549,4
2831.2333459289257,0.1633716186040147,0.2258333088957443,0.9343250509129865,3
2051.464938808958,0.15312625304231914,0.21018999775078548,0.9638287577598426,3
3329.1579084311074,0.1635153894386349,0.22204985423522883,0.8331933960145054,3
1392.5847800848069,0.1330607033108208,0.16890249334173862,0.7423795985459926,5
3814.7615092258984,0.18124422964374387,0.25778782186898747,1.0052802137334587,2
-2493.0552158946552,0.06916855336744451,0.05253778925671215,0.551492809421607,9
-135.67610449868104,,,0.9160063350312952,5
1035.56321183627,0.13042081643625356,0.16709823516248434,0.8328910519340027,3
5807.52180721026,0.19198441941152858,0.2671971774307167,0.8756990200241564,2
1369.418242097292,0.13744465892978042,0.18017082818878408,0.8703858489804397,3
2831.6272865391456,0.16632109679430873,0.23311010964316664,0.9788086194016538,3
-554.7470335692242,0.09839212333913566,0.10799112017812151,0.7544145540620641,7
1806.9526463512052,0.15023540710608363,0.20672660235759396,0.9872738969572898,3
2629.0988155460764,0.1659532215820946,0.23476019157460548,1.0220331530580837,2
3820.96619693056,0.1825773701277285,0.26087246138413317,1.0220331530580837,2
615.0907641571692,0.12046174283195799,0.14684320549549745,0.7155520502987586,6
1404.486477591027,0.13298846480756768,0.16862722072382896,0.7353397986793393,5
2773.5642277288375,0.1678464267492018,0.23708482913498308,1.0220331530580837,2
250.32265367076212,0.11497212087160735,0.13875700130629415,0.7817041827397986,6
2997.305118825522,0.17110742249860778,0.2422006315173349,1.0220331530580837,2
1712.0716153998328,0.1435640147789854,0.19096560011712424,0.8793741216281733,3
3199.238748544313,0.1739536922937987,0.24665940905979367,1.0220331530580837,2
5219.078776411885,0.17790967726714374,0.24090207717163142,0.7733170461346583,3
4790.941655596337,0.17726747945653193,0.24206365978752725,0.8105767273132565,3
1248.3238330379877,0.13163945231963226,0.16703179305950472,0.7637629252196844,5
3576.3998520305868,0.17191889374080346,0.23884272637988038,0.9129965513855582,3
2433.641929538439,0.15568393249468504,0.2118879046382062,0.8998108561025567,3
3489.6583205525167,0.17778823373382693,0.2524187621242163,1.0220331530580837,2
3470.8670593080733,0.1770987237036934,0.251334122447588,1.0119823142399582,2
6102.059250298619,0.18506512690510135,0.2517393503279891,0.7670897807292443,3
1146.6393170230997,0.13227258531078406,0.17007990528145456,0.8321239722832012,3
2973.1839614001556,0.16067259346382345,0.21797388052073077,0.8633253600071777,3
790.5880898551695,0.1236769166613613,0.15288475620618558,0.73414209762965,6
6250.435419657048,0.20905307469565743,0.3012798660951375,1.0220331530580837,2
900.7881091352149,0.12704236249819587,0.16053538063606537,0.792013014375164,4
4990.225315560059,0.19584377773207962,0.28046799819712753,1.0220331530580837,2
1284.8329878235597,0.13039716543589752,0.16346461925058975,0.7122978751668952,6
-275.5324730880041,0.10382581887079141,0.11892959563865592,0.8117335497529631,6
656.6053050081792,0.12219586253349918,0.15137259618895776,0.7653768594852668,6
1045.3664388545433,0.13478550281624846,0.1791083896849159,0.9664495288340916,3
1078.2904136843224,0.1255324772445875,0.15389450881830274,0.6454222658101221,6
-1155.7935412298893,0.08850236190392029,0.08883599556074845,0.6622217204758021,8
2634.3543751104885,0.15392719494875567,0.20548554284960124,0.8248037398397211,3
3245.142116921152,0.15621336112417342,0.20614694125979444,0.7431232332398476,3
442.89071237831064,0.12058677940212875,0.1521261077690724,0.9135413483814245,4
3262.452415375728,0.17490528827438542,0.24831973773434585,1.0220331530580837,2
-282.18331525789455,0.10398534054093035,0.11881603766614718,0.7836698777244776,7
1502.4081023978817,0.14499997900657036,0.198120616416054,0.9963533284553309,3
3032.573576629704,0.15301453207130186,0.20065217618994213,0.7292143411799058,4
3786.5615490707933,0.16303045007471165,0.21761236426918917,0.7564968659776445,3
1358.170392798795,0.13653372684148052,0.17828760165139107,0.8476496134568204,3
267.2144586298099,0.11597190056281764,0.14219997184372915,0.8543125463980329,5
2621.7535321607193,0.15064782774943528,0.19892825696388172,0.7627254539619361,3
3170.217717000006,0.162114551092327,0.2199894748064253,0.842993769044482,3
1226.7243015730237,0.1370096375550929,0.1815372759490856,0.9270645270612479,3
4278.796542040502,0.18767276920607406,0.26773236559165525,1.0220331530580837,2
1810.607572539526,0.13994174039544308,0.18097304285620341,0.7659773251597278,3
1941.589968674728,0.14502163823926828,0.19192042891372696,0.8322202004025718,3
1872.1050619518383,0.1330666771409142,0.16476768875927522,0.5956219293357817,6
969.1279305094392,0.13087386703991805,0.16967522043742067,0.8878706710814843,3
2383.9992328026274,0.15148420243567673,0.2022423634633015,0.8397577709796279,3
1772.862700136629,0.14258159375694957,0.18770037372705703,0.8370033156206707,3
-417.41009735986756,0.10064700738748798,0.11278641961052929,0.7997447703318776,7
2029.1226141860989,0.15476799109956121,0.21468763826851503,1.003010823968043,3
102.54129723685722,0.11246482878295869,0.13650664597989817,0.8855497735543022,5
1919.9938459745465,0.14228766280930363,0.18572708716710626,0.7801812083963494,3
2420.5075209045467,0.15651925925603796,0.21405353623740664,0.9178054222129405,3
4940.301400921993,0.17627101232192222,0.2388707507321669,0.7842847105758379,3
3457.09310643602,0.16699747605962334,0.2286254932812881,0.8642467292379413,3
1052.665868191657,0.1305749278416443,0.1672273553704145,0.8281022030009814,3
-1283.1512910368967,0.08068456020641865,0.07309194327717708,0.7456374065933392,9
1126.5930932243923,0.13441335989400613,0.1765069421751832,0.9043607252073044,3
1452.47148444578,0.14496991160986009,0.1987063453208975,1.014344927870469,3
6640.6539845743055,0.20201202807629673,0.2836188640125329,0.9093100453839145,2
2234.761688328333,0.15721734218113853,0.21799642382975437,0.9833609599681654,3
4860.550538942025,0.1948817933176542,0.2798124555971299,1.0220331530580837,2
1120.2043213056236,0.13372519937511246,0.1745714731434418,0.8892104708503306,3
1521.5454387443383,0.13928312345342422,0.18274251036054923,0.8519554506858006,3
1510.4120500277024,0.13539320869949734,0.17322322966883802,0.7593721259833796,5
5373.750281170503,0.20016068898003145,0.28747684410845986,1.0220331530580837,2
3267.4274270770047,0.1648708759858892,0.22552964952992627,0.8652382360139583,3
325.00988691250893,0.11604620341267952,0.14000439299124995,0.7480469499478541,6
3843.263803433441,0.17717896456433668,0.2477502710065892,0.94941797436064,3
2075.6124818110716,0.14601272952686487,0.19288681003672536,0.8126719182407651,3
953.4339648657361,0.1253268829170338,0.1548602572218442,0.7004465138621474,6
-502.49911404603165,,,0.9355909378348427,6
2546.0297464212094,0.15408069143850298,0.20705239241178786,0.84321918054776,3
2499.0029723999883,0.1478270097735731,0.19313933659159377,0.7444114803068907,4
1970.4739977839213,0.14982676028739667,0.2034462959458324,0.920114691985018,3
278.55907731260106,0.11496118804216168,0.13751230138859688,0.7214421060003945,6
1091.3903811031923,0.13047211622424587,0.16646699161719886,0.8015981960811768,3
-4.521355875507055,0.10992237882855993,0.1281603845034624,0.6838157614165592,7
2606.640846618057,0.15288851618443006,0.2038778319532867,0.8074276506122663,3
2118.123562671883,0.1396162141184505,0.1776083281678439,0.6758986315556461,5
878.1665536867101,0.1279029308200734,0.1633180977958546,0.8399971725277051,3
4392.045034604002,0.1896968190241751,0.272142564526439,1.0220331530580837,2
1125.9601753953555,0.13609091040907512,0.18100054654387351,0.9569379803513979,3
2621.4908628310386,0.15017767358808676,0.19744434516796905,0.759627092180398,3
2335.6045439901723,0.14683787953481445,0.19236997305742995,0.7617222444024873,3
919.4748132074753,0.1307054125481045,0.17031083613583178,0.9149621815311191,3
1035.6569914755949,0.12589075445212078,0.1550984767034606,0.6804786282816843,6
553.1798789554229,0.12316019702902853,0.15699792663726841,0.9205340576874519,3
1362.6903277715123,0.1355610783304656,0.17560730625227738,0.821163100860724,3
-1512.2330789832577,,,0.7949866275662084,9
3764.019707588984,0.18157182291897703,0.25875503850111276,1.0220331530580837,2
7090.037043757267,0.20474572099383298,0.28792088956106465,0.8896849390653956,2
747.4168950898998,0.12073878666860766,0.1456991753451803,0.6277565230561301,6
3947.7490249967136,0.18233626368755726,0.25913172373548143,0.9967658564837922,2
3085.588833186924,0.15863268668254027,0.21307941621780627,0.8026160611089832,3
2442.7308819074137,0.16262364961621648,0.22843494714470586,1.0220331530580837,3
2329.3737428336876,0.15958244850044145,0.2226275015011197,0.9982213190701731,3
2884.7369144641802,0.16940756381409303,0.23936195109345137,1.0220331530580837,2
2178.6891668154217,0.14499575267091136,0.18928196085380483,0.7678916123731871,3
1701.4634696275696,0.1483012484082793,0.20313283794930612,0.9896910215883672,3
2452.7170578914556,0.14675360151795758,0.19123529305998094,0.733589310400795,4
5135.982988633223,0.191170889816749,0.2693062806785747,0.9436764350634145,2
3718.903041649024,0.16989773120658352,0.23318660063741847,0.8604698981857439,3
1210.312171903579,0.13321779751231586,0.17168349098737962,0.8270004292150807,3
737.1102606276328,,,0.987463093140586,3
302.028803942454,0.11668788015758769,0.14342720574350099,0.8514047519927476,5
2669.8188442325936,0.15517542700490594,0.20840729510091477,0.8341496644330924,3
2477.1228285155294,0.1476205517382369,0.1927295045246865,0.7467990589664353,3
7890.9434988178955,0.22151316923036576,0.3188092882715864,1.0019756744135115,2
3166.7169632859277,0.17133286397156547,0.24141681341679938,0.9821868728294181,2
1135.1352921833372,0.13104219400829603,0.16714899156650065,0.7987610303080345,3
1846.761984658673,0.1382312749296944,0.17650860437843224,0.7188578645515854,5
2076.1660982399258,0.15310960857568714,0.21014922638496497,0.9517942434871162,3
1104.1787082527499,0.137851394113568,0.186542210780317,1.0018753221719945,3
745.0615348396803,0.12714929485391624,0.16395780183811445,0.9157473138259247,3
-155.39159737801165,,,0.9384907867548428,4
1646.5680582953946,0.14036936250522564,0.1839862774475478,0.828576506414972,3
2319.9286301756197,0.16042181841203274,0.22458434876389222,1.0189983342465905,3
5362.48428003137,0.17851151837812726,0.24156155982018393,0.7644769467676301,3
2092.942189227687,0.14806845273478766,0.19743388041169968,0.8503365333681331,3
-532.3996042282977,0.09874193816904156,0.10872538539460949,0.7611455019753987,7
1995.0791366540518,0.1551443906439999,0.21617794609446725,1.0220331530580837,3
1532.1128839619525,0.14662328097201682,0.2018608974838571,1.0197512788251963,3
991.5651113414193,0.12675548693669045,0.1581072599759864,0.7310079698620567,6
4423.076511869931,0.18579734637651205,0.2628926879770005,0.9688709913329079,2
1477.3986416387702,0.14552513074113452,0.19988949435792167,1.0168874754654864,3
4421.823003216217,0.18072095541156163,0.2518513798197091,0.9012442483489262,3
-34.75647024638999,0.10920052729543389,0.1295819360604583,0.8468047301894946,5
2177.037048543006,0.15169892995691048,0.20528934112553546,0.8956238929532153,3
1170.075985041381,0.13241235424029585,0.17039670980666421,0.8204693456773405,3
3713.8600150839416,0.1683190649213429,0.23000458031419846,0.8361838488127131,3
2327.8020009583834,0.15091026046648043,0.20155771823719987,0.8423346162092635,3
1145.9724050465256,0.12885338482083175,0.1613220436032861,0.725329904073583,6
6818.538959078754,0.20112837054348354,0.2814374204699561,0.877769276022028,2
2335.736944791532,0.15317359462587776,0.20685957635359953,0.8813896107766815,3
3935.1159851886246,0.1666557214528439,0.22465799869733022,0.7828999587899361,3
885.4856608410466,0.12719640611094293,0.161026383029639,0.810803856291511,4
1815.5977069801988,0.1506627605052927,0.20760463911283294,0.9940611101247379,3
6192.448609420304,0.19656175476320642,0.27489341614891605,0.887398771350176,2
481.2504891300795,0.11997226479243184,0.14862496805053532,0.8238977694681935,5
4443.377102934815,0.18463475796770584,0.26012720542566964,0.9510384277280647,2
2895.789968295731,0.16492342580659175,0.22882133908060498,0.9447148100512647,3
4026.5622539884357,0.1847339694891161,0.2634035198614584,1.0220331530580837,2
4039.11258854217,0.18504704577098893,0.2642006286179822,1.0220331530580837,2
3322.067401478969,0.1692861118401197,0.23489546376440562,0.9231295107285711,3
2221.27916138241,0.15045233589617066,0.20171177597712814,0.8605558503771398,3
2080.4376056433525,0.15648247177314262,0.21808782897387574,1.021223314908836,3
698.2995462153547,0.12192306721262869,0.14950549057466567,0.7223403520206191,6
2261.575803931385,0.15945807257876374,0.2234232372917177,1.0142823065380284,3
1250.7431966307176,0.13205457581807428,0.1683444675629289,0.7709659828567901,4
1458.634986884783,0.1372258353727375,0.17837690245160048,0.8261569143518906,3
-768.5383566236757,0.09682308973701768,0.10419505988284075,0.6459432004478752,7
3334.287481861682,0.16232605406885345,0.2195761229857453,0.8122604375335883,3
2309.487925457101,0.16058687332024424,0.22542720070923683,1.0220331530580837,3
1425.5512963479398,0.1340876406450662,0.17113982573337128,0.7558078710036579,5
-637.4326454089561,0.09814284474800844,0.10695933267061264,0.6907217551904679,7
4065.164179347038,0.1852029862229756,0.26412092238424534,1.0220331530580837,2
3211.314890558061,0.15990916450891748,0.2148215254954266,0.8010476894702987,3
2435.17839306966,0.1487222601470422,0.19550020229653453,0.7766225479552853,3
1498.9195464884715,0.1410058111725449,0.1875566875129153,0.9025232710831734,3
4391.415444553999,0.18966019656636496,0.27203263273841005,1.0220331530580837,2
4411.464287445996,0.18137569173723017,0.2531891058173641,0.913088340561569,3
5138.428754126921,0.19173330060129962,0.2705098769074539,0.9502719624069891,2
3070.315640118802,0.15208977315814995,0.1985138081074183,0.7071408788890111,4
5578.636389741602,0.19082135017497426,0.2659610261867782,0.8869612642383564,2
3540.0114434976326,0.17237325967862493,0.23999851924018006,0.928083858201065,3
840.7997200037308,0.13005374326467067,0.17020557075629775,0.949434821870607,3
4624.392518185547,0.17774204202260085,0.24404139632933947,0.8369747170905734,3
2014.8324474719814,0.14767054171370553,0.19702519549864517,0.869081566070481,3
5669.311007035975,0.19990346803861034,0.28530718192196225,0.9784706775452506,2
2899.35835439085,0.15841149580210184,0.21326442619283625,0.8442390105758631,3
7350.001716086323,0.21187044621865428,0.3011437393044616,0.9471090318322567,2
2635.3319212092224,0.16552827299901768,0.23284311869974775,1.0220331530580837,3
1703.952092555563,0.13980864116665545,0.18175042696602756,0.7978138689708457,3
-661.356343800594,0.09442680494494199,0.1007639165591172,0.8084774242537739,6
3016.9083683867325,0.16060998010771074,0.21761831352378067,0.8518709533359651,3
2909.583423597345,0.1643568367366243,0.22740113678082713,0.932010434990397,3
3411.476974153502,0.16769793232888336,0.2303501114864048,0.8849108919802587,3
2506.1344022051126,0.14995334548184475,0.19783161448649483,0.7810967010695662,3
4280.580365919159,0.18323575576278026,0.2582463300255768,0.957046674959078,2
2286.2242029775202,0.14695039862026538,0.19297002155835796,0.7766952934648891,3
4968.476505586233,0.19571296933045235,0.2804568119652686,1.0220331530580837,2
-342.14878429584985,0.10164678487717543,0.11535133838315233,0.8528912523858381,6
2251.2552833197383,0.1516688284143129,0.20449921472609275,0.8728751096594202,3
3124.7608176643243,0.15604269109371677,0.20654505728543882,0.7612962949154634,3
6092.895462748439,0.2048784708534186,0.29278797021725045,0.9963002320054553,2
3918.7202542485134,0.1809588986421659,0.2563788811163249,0.9811957201632656,2
4397.160791219174,0.1896455972699187,0.271859359197697,1.0220331530580837,2
2406.1135033217474,0.1582782569816118,0.21886729709694921,0.9483668060830955,3
2087.1290082844057,0.1476512598761474,0.19636716180866645,0.8452564004312879,3
4429.001047830022,0.18956181479179582,0.27088117377643356,1.0220331530580837,2
2841.8356051033934,0.16352262441823773,0.2262839108043409,0.9320684732733695,3
2911.521335652046,0.15630037981418354,0.20874820721965082,0.8042320768991265,3
358.9891661818877,,,0.8887372584210895,4
1475.7587110815423,0.13931411876528732,0.18384550173577735,0.8668532977655086,3
5168.023291398469,0.1981458452888546,0.2846664828626671,1.0220331530580837,2
3680.222254596161,0.17153673560078464,0.23725836778539816,0.8883847377745834,3
2034.3382353736602,0.14824296918668559,0.19839239767716213,0.8725173635490273,3
2479.1221751967096,0.15614590190871247,0.2124996023503627,0.896340829342605,3
3134.5970423080994,0.16259748539032448,0.22134448124343187,0.8574872230134893,3
5425.859286534291,0.19174515638133022,0.2688286908804003,0.9147731336211999,2
2138.0632065396762,0.15309552710950813,0.20917483360826736,0.9337827139249819,3
842.6700364765946,0.1318037080438444,0.1755229754478933,0.9862120864112522,3
3430.4760549644907,0.1597252407046654,0.21263449069974738,0.764310334628827,3
455.611815953621,0.12262661008826403,0.15902638238003422,0.9739954310007951,3
4691.33593369801,0.17999895809662123,0.24845670941067516,0.8568697726039938,3
4077.2507641380002,0.1601971288438108,0.2101305066844361,0.679631635810433,4
6003.172514415793,0.18266111578159328,0.24715773092866586,0.7508437887488018,3
2861.5027887694364,0.15640290010414898,0.20939382557735367,0.8157333026258723,3
1494.292657251395,0.13861320298383367,0.18145742969136341,0.8459283189326551,3
11000.778058282242,0.2313591160174838,0.32632287157466633,0.8918397861938686,2
-335.33844149456627,,,0.9278278686579967,5
1095.3936619237063,0.1338961464899512,0.1755927174019235,0.9077190568925417,3
4558.130446606573,0.1747864451986061,0.23810928796447117,0.8082859865077019,3
3542.365076217593,0.16567879788744905,0.2251514298786788,0.8295127142397227,3
3014.9940778025057,0.15614274529925753,0.20736968117398646,0.7844457211979673,3
575.9251038631692,0.1202286047548114,0.14691160468100867,0.7385172565273197,6
2239.9229793153095,0.15242171773443258,0.2059180621890846,0.8956793978144615,3
951.3490532567903,0.12952386068918714,0.1662375231711849,0.8528121682155415,3
1633.5257490938388,0.14851273973545187,0.204910958151595,1.0220331530580837,3
862.7470029954342,0.12242983894520877,0.14834707532627367,0.6387613058337874,6
2908.593505301493,0.16407103426154213,0.2266859344617842,0.9282836813936405,3
110.068985820074,0.11229362380918248,0.1343319811669062,0.7996399597241212,5
3574.1035954441713,0.17265325074386056,0.24012718461526678,0.9283718409884671,3
4082.7182178195917,0.17859708129999496,0.24889187625522027,0.9313944583934474,3
1980.1893070278759,0.14899468063413226,0.20078106874971127,0.9055828756714241,3
1669.5297068430527,0.1492316579443468,0.20624743885382493,1.0220331530580837,3
1990.7641659886895,0.15493046255633092,0.21543535588607488,1.0220331530580837,3
3371.753174873198,0.1578036833499937,0.20892275649384828,0.744745031389371,3
8707.6181939181,0.20845681308592248,0.28853804278951434,0.8115939648593355,2
6522.424959878877,0.2090132105756311,0.2993147103385126,0.9958714768507738,2
2235.913018065789,0.1486390524357376,0.1972733422797319,0.8223211942766496,3
2484.189285890886,0.14975737766958447,0.19774468223076838,0.7805882251099572,3
4909.298131717698,0.19083861382214312,0.27042783857468755,0.9652830451644431,2
1852.120110063382,0.14352091605142048,0.18944079740467717,0.8269463466845229,3
2821.7153201616165,0.15274914325718783,0.20180183788033904,0.7608574871458128,3
3105.808283697772,0.1726481971882095,0.24461599966452918,1.0220331530580837,2
1829.3990669622447,0.14231579330262326,0.1863756259741422,0.8129917517874535,3
1937.485864857689,0.14483050742901477,0.1912496298315091,0.8324592952891133,3
2715.2720386671085,0.14615728229427988,0.18788958986751825,0.6732625928352711,5
1455.1601067327924,0.13672220920634576,0.1775094754411839,0.8103073290435132,3
843.3046002003572,0.1295324056595747,0.16872641910740643,0.9278980461817057,3
4062.767637059236,0.17745079088090285,0.2470627340757346,0.9129900553989071,3
-1724.459792861077,,,0.6599231667616378,9
2106.501664988833,0.1519240884584179,0.2067086227430991,0.9206478444543004,3
3314.0078274799857,0.16155467361440973,0.21777638220664813,0.8070116230240687,3
2498.190159573466,0.15677313562964632,0.21348002649756379,0.9057576782427931,3
3706.208677911357,0.1620366970211763,0.21609431991109884,0.7529673360616067,3
2134.5548466249115,0.14354866327030325,0.18660069423549436,0.7477769370483052,3
8133.17270003488,0.21091323139462476,0.2953125733482012,0.8788128982406712,2
2080.3403093840047,0.15179854759244338,0.2066299812799116,0.9273630192262592,3
4376.501901234399,0.18235440736898453,0.25563034809747487,0.9304642521870536,2
1869.520188788998,0.1529053011830911,0.21241788677689327,1.0220331530580837,3
3204.275719080646,0.1639627502821896,0.223964570518001,0.8637818765698435,3
3274.684251396975,0.16491868221110056,0.2254330963340181,0.8662235828021129,3
5915.955269954019,0.20215453707733105,0.2881801926974732,0.9820645135388407,2
2530.928957938161,0.16439857625109655,0.232208633015398,1.0220331530580837,2
5071.929395166171,0.18293847227014343,0.2520723413050292,0.8510905782744006,3
3973.3601394888833,0.17108289764073564,0.23409805281989982,0.8361694707275203,3
1289.9061932184568,0.1347113749829987,0.1745909298817424,0.8289403481889166,3
4803.128356931999,0.19249615944645482,0.27437903068566805,1.006254111037883,2
1940.6534203723684,0.14472528256374062,0.1910134927231411,0.8286934449976415,3
4579.265312785877,0.18193414295365073,0.25314881807353223,0.8982065754337619,3
870.8365702763763,0.1261005132298124,0.15841600268486217,0.7761689560403284,5
2302.4336066982933,0.1594759997533402,0.22273742763827614,1.0041266789711383,3
964.7486681648786,0.12674456968725284,0.1584557706553824,0.7457348291488326,6
-1912.8226197986169,,,0.7091027484730406,9
3911.4510740118812,0.17177525455635992,0.23539839965087597,0.8619071168031828,3
-1390.4942137347214,,,0.8061144576782412,8
1076.6178662839034,0.12964596940996675,0.1643491217537303,0.7849763340687552,4
5135.883675108114,0.1969176649704423,0.2821636984812358,1.0113049616672178,2
3074.6669210830355,0.16669527394151376,0.23081224761008343,0.9377426822312366,3
-350.5833004149993,0.10145545820269036,0.11496279769853575,0.8516683607012191,6
1950.0835437185874,0.13710254035868277,0.1736537588762076,0.6595998066218275,5
3712.7146129972425,0.18123636613381677,0.2588781584450771,1.0220331530580837,2
1431.6438631673818,0.13207502487721287,0.16644099941313473,0.6965343375184001,6
6255.728437549044,0.19826028133920764,0.27813661542022605,0.9000499154213454,2
510.4640817297281,0.12151167878491838,0.15291845020183253,0.8802621027791203,4
-857.0943623067327,0.09187757191584753,0.09544865755015053,0.7386855481861195,8
3206.9228118186866,0.15058635228429013,0.19470365947399842,0.6601028144500687,4
796.9359543819022,0.12603557437478233,0.159611133960243,0.8256740796597565,4
475.1145104534202,0.11864158747830515,0.14447341157247146,0.7442179620758554,6
2657.812298685864,0.16467038351602242,0.23097236766661813,0.9964924868189523,3
5340.130565952901,0.19305706346240187,0.27191398848153775,0.9434318122154509,2
1839.4896734158574,0.15234550690402104,0.21143104470029356,1.0220331530580837,3
6256.896329391996,0.20129676699798443,0.2838634000821913,0.9416002878449609,2
605.9778616675303,0.12211446168421392,0.15214582453663753,0.8093776822890028,5
1598.7154237524178,0.14039738650990335,0.18436367633185002,0.8503926342387326,3
-49.26587740342987,0.10914669864619105,0.12673625154056933,0.6878729470744289,7
216.6258682339337,0.11344250411048054,0.13373218597480446,0.657036113875113,7
488.84384290597507,,,0.8929308550713164,4
2221.4232443040582,0.1561528661589364,0.21589570310752607,0.9634825216559794,3
6102.583798855707,0.18305520879157486,0.2477048528766318,0.7447089745601037,3
1411.0529210584766,0.13313647283839608,0.16913941675029492,0.733925276453617,5
1622.5858325754689,0.1399113476011735,0.18339758127312966,0.8235496105622424,3
3706.732328138171,0.165205544879882,0.22324725584221597,0.7936320820318148,3
6842.022234605484,0.19472725728574009,0.2678837704073886,0.8112020439692921,3
4933.910222122575,0.19458342985326454,0.2787564671809378,1.0060876422064255,2
1224.3188368386031,0.1404100403375197,0.1910752301628236,1.0071626987766449,3
2181.933870210688,0.15095075862955137,0.2032176583919864,0.8822935251936483,3
-308.88861178458666,,,0.8784374973704484,6
2812.4360388549544,0.1574628601121731,0.21226112857948468,0.84271295582417,3
-351.26993085235785,,,0.8738193054263007,6
2642.1628812750437,0.1655932867013689,0.2328492842294509,1.0220331530580837,3
3836.9382155173903,0.182840290851982,0.261397949457023,1.0220331530580837,2
2060.366142012446,0.14453313079948207,0.18931199111430042,0.7900990137830728,3
3200.3765211970995,0.17012665483807726,0.23786628148081948,0.9612064318998585,3
3411.9262581419007,0.16912457086546057,0.23364478835210323,0.904964708265488,3
5542.881939504823,0.19610646312958124,0.2779859580616176,0.9472044676074616,2
5273.8290903104735,0.1970810198528853,0.2815431258331955,0.9954803695453759,2
2965.5869316575895,0.1693122624825264,0.23842722346635128,0.9992228118137559,3
5410.577148495966,0.17820631236227202,0.2403895619332616,0.7594704677814598,3
1968.6705980338188,0.14907698636279748,0.20158362348556697,0.905855294682815,3
7100.6199086429015,0.19668486045966344,0.27164123888906033,0.8015373157603496,2
4646.369466010414,0.17384683414811666,0.23554112685669687,0.7866053355360398,3
2838.3525448774813,0.1577548715502417,0.2130581775918472,0.8380514957424428,3
3405.43435052341,0.16078626496182558,0.21519307478192787,0.7829841421870404,3
-676.664660775964,,,0.8509710910742966,6
459.6629203415614,0.11807856827572324,0.14304595989851807,0.7237632784200225,6
2710.872894596742,0.1525504389497655,0.20213400210086552,0.7806447910502922,3
3414.723533983351,0.15975168762124672,0.21288488865830002,0.7662408016776497,3
1502.3820608918948,0.14500211580289035,0.19789150997348776,0.9990361896327672,3
1491.0233408949132,0.13862372766252523,0.18178775240485265,0.8443308326762374,3
98.92060260464031,,,0.9597632835366144,4
3524.186254129306,0.157870996262227,0.2083527469614637,0.7200029564758114,4
914.1277182224934,0.13173359451375288,0.17333150280101112,0.9549818442937966,3
5171.738320845222,0.1916286688147011,0.2707045135983208,0.9375375490505672,2
4625.105322167048,0.1918507747398508,0.2744620842680888,1.0220331530580837,2
3112.0054891427135,0.16373654739873023,0.22402481325734702,0.88048823087065,3
3254.761342612553,0.16740448124637625,0.23104293766955386,0.9095535179737021,3
1190.9681271890072,0.12800165729786384,0.1586469559555553,0.6787282703474159,6
4182.179486411208,0.16868624807548258,0.2274603652866063,0.7767399235620177,3
1690.8689619496167,0.14601204220607547,0.19752211632549005,0.9414767805721048,3
2936.706110919834,0.1701919219383854,0.240663871041761,1.0220331530580837,2
275.6736023425585,0.11787263609239748,0.1501143625297118,0.9659793300421193,3
249.3194661621778,,,0.9605699444897224,3
3261.8138239174573,0.17482564801057388,0.2480408220595564,1.0220331530580837,2
2287.488536582562,0.15007581833851874,0.20027034955292045,0.8342996673189466,3
4613.588080968792,0.18170046840459697,0.2521037397807959,0.8939868925029539,3
1573.2937101401496,0.14106514347968185,0.18658864080862264,0.873906028638638,3
5983.131368320989,0.20463433789418556,0.2933711389916426,1.000492439215451,2
1762.3963861339932,0.1435067116609389,0.1903961602532946,0.8575795929831886,3
4420.55649066195,0.18970025157268539,0.2715382929876795,1.0220331530580837,2
2529.755469139066,0.15626512226044728,0.21215206814886184,0.8869250824943623,3
2462.749262125454,0.149634373891604,0.19793764728838142,0.779898612286747,3
3630.0021023854815,0.17311123514300558,0.24096459300562856,0.9220128119461273,3
1991.124320033461,0.14529904604914923,0.19202150528544737,0.8232734408755975,3
4028.233831658262,0.1853027353437938,0.26534458653695764,1.0220331530580837,2
963.8356167876523,0.1348183248795976,0.1813370302948897,0.9973405048704937,3
-671.8736981107887,,,0.8317676521602766,6
1233.0521128598396,0.13124419010937347,0.16641230315963185,0.756585739394179,5
1721.0784589979162,0.1449709658184475,0.1945225913033937,0.9057390914988956,3
1308.9312471522321,0.12867041483750657,0.15930259038668743,0.6487642182939798,6
2242.3595294242114,0.1594034519450361,0.22330353430734246,1.0220331530580837,3
3522.701258669683,0.17478176796521433,0.24588363710645358,0.9635229076088386,2
-430.80214742299677,,,0.8541446385302097,6
1964.5983337001458,0.1446018914046363,0.19028445632848162,0.8208874828840785,3
1186.3830926436676,0.13711714176752138,0.18273571580139109,0.9506489986995122,3
4902.43747254105,0.1949644485893259,0.2797713382446091,1.016068075889233,2
509.7736381973329,0.12017968886402747,0.14846002316498935,0.8031662500292743,5
3206.640536396886,0.1634830289107413,0.22251782796865888,0.8598387210221787,3
311.04309583269105,,,0.9136130261778138,4
1361.059193811666,0.13526958404972905,0.1746424032691721,0.8169390514332364,3
4748.131615827834,0.18383220047326176,0.25676784674833475,0.8929112829904301,2
2447.7642100146245,0.1553878997478023,0.21080796409878533,0.8933357012169163,3
404.01502795142545,0.11948779519962047,0.1497332863891643,0.8979544113681922,4
1026.321142315281,0.13489536535435043,0.17982745955378052,0.9750542923862846,3
1249.758097378356,0.13996756348778952,0.18916791128212934,0.9917662886416108,3
263.4536985123357,0.11675272688289626,0.14591244985240345,0.923438128139641,4
3499.9357250019816,0.1677793371756707,0.22967009896856325,0.8721039221461759,3
4822.589732943613,0.19437869687153586,0.2788969925073615,1.0220331530580837,2
2031.90284676646,0.14316147531899337,0.18660696837960133,0.7674967704631602,3
4133.882893902472,0.1750793726083429,0.24102483727801877,0.8737696248260843,3
1298.9425293490024,0.14180213590616408,0.1934367343896156,1.00828960615995,3
1881.2087226441622,0.1377119049980593,0.17495005529726765,0.6985978157117768,5
246.47159271688992,0.11567586032451803,0.1421152248623912,0.8709178049037147,5
2802.7996617553526,0.1683146690862486,0.23790256528736795,1.0220331530580837,2
-188.19763299245926,0.10659043126797775,0.12243889431683785,0.7030004991664291,7
1421.1298373488967,0.13292373930862594,0.1684881067696552,0.7246704407057148,5
3060.1444802302613,0.17060919822315554,0.2407703288623452,0.9948857147845215,2
527.6710149188422,0.1225175669623241,0.15569778748922547,0.9165491981746923,3
8606.022576153942,0.22041636180365465,0.31329332097666335,0.933985298815355,2
184.1757236232881,,,0.9692982248446259,3
471.58751216827113,0.1199998280727414,0.14906534633646518,0.8370989463517141,5
212.92567055566843,0.11423562086429231,0.13750800268790048,0.7782736309252901,6
440.12730097722005,0.1188057389153983,0.14596891581240928,0.7990584491481643,5
2863.3775720467515,0.16038708083660827,0.2191750189231243,0.87202055665057,3
2855.1927816165953,0.15350176662086606,0.2031266804235202,0.7677746467372123,3
3988.797729250368,0.1844892715362221,0.2634598296292098,1.0220331530580837,2
837.8533874179369,0.12314845679775319,0.15085613987703256,0.6791480241282772,6
2649.642967075102,0.16330433116527276,0.22773070641305818,0.9760267801648503,3
279.13787833284294,,,0.9354422211787833,3
638.2722421396721,0.12561738318345306,0.16225739560723018,0.9411107087008211,3
1895.6666949574071,0.15030295388332893,0.2053139175186516,0.9592378566956702,3
3380.069364736447,0.1685163074933371,0.2327069071638107,0.8999866210446174,3
4194.429666336843,0.17860575573686216,0.24896045945060907,0.9048786118847143,3
1735.1773933394081,0.14314727995297288,0.18975202622114012,0.8602722698166554,3
1942.2498933413492,0.15256116333866887,0.21093727766638043,0.9824172628025502,3
726.6617718243369,0.12541363971495237,0.15931326782611,0.8558318500250739,3
4450.22395445951,0.19022593672198135,0.27280624541672294,1.0205105813092323,2
1971.8868367446266,0.14358663529283153,0.1884025243489304,0.7906473727015906,3
2563.782516352738,0.15125077453740232,0.20020545590487018,0.7920216428114555,3
2864.8893193802664,0.16030245353522338,0.21840023540898984,0.8767384342032848,3
3010.851166584913,0.1674902061049579,0.2337132456774271,0.9594460884985583,3
555.7310564500452,0.12168207470349443,0.1520346004457679,0.8386889225572794,5
4407.80609449263,0.18767925881420527,0.2675554519264552,0.9919464585227212,2
3157.107769852011,0.16396861907423957,0.22447175771449113,0.8718024912682367,3
1598.6674472128936,0.14233384565204688,0.18936390927174224,0.8948469243126992,3
-936.0856021545088,0.09511395399108555,0.10083493016445574,0.6062008392632745,8
3082.3628622526912,0.17223890371897138,0.2437954183602415,1.0220331530580837,2
3002.9298239642167,0.1711303126767234,0.24210407755490457,1.0220331530580837,2
2274.4010383066297,0.15651596545249052,0.21582344745111193,0.9578199262095207,3
509.0735381333908,0.12399144992577932,0.1615661176383583,0.9764511184495938,3
3162.3083701104056,0.17008187419160095,0.23801030514296148,0.9698445591279252,3
3010.4104944684577,0.17110884718695163,0.24176415864385492,1.0220331530580837,2
3979.1209961710715,0.1822232089858517,0.2582107882124546,0.9942897096154852,2
3138.484438479902,0.17266150104442204,0.2441149166937976,1.0168713434155106,2
513.0037560894554,0.11965554987009452,0.14682157034585547,0.7655429511672799,6
1629.0259904185832,0.14232394591172123,0.18898353249351205,0.8820005297498512,3
5159.880373028813,0.17598817385869556,0.23753421070468905,0.7535799651318568,3
2810.7802982827543,0.15920507069549789,0.2163235790965701,0.8710776488999881,3
3572.019288830038,0.16154258182132256,0.21557466158665198,0.7692345585263182,3
1444.9214944670987,0.14057467736638496,0.18740571668240597,0.9138796092950477,3
1829.8386584600305,0.13737103710363954,0.17498883980206303,0.7007570464136637,5
3951.250639756613,0.16930608685879636,0.22994213177371425,0.8201300988208045,3
1060.4747097580225,0.13544955710531217,0.18069178435107466,0.9737600607951984,3
410.9780266189668,0.11831149936961083,0.14521622839511117,0.8032914387591814,5
2919.5437176150836,0.16065912641415706,0.21855675621627596,0.8727112580817464,3
2208.8743288655255,0.1522974563587923,0.20605852220069212,0.9012201841696523,3
1769.2339142329206,0.14379177326118225,0.1907737127272412,0.8643307863130725,3
2096.4517341071637,0.14494487061965627,0.1899175385826311,0.7885718834272434,3
965.1215504124369,0.13482442364165764,0.1812580168010754,0.9966276553304745,3
2184.0599129778466,0.15308089415739237,0.20853412290853154,0.920144011915465,3
-576.1069451887768,0.09688596686810344,0.10551033730826022,0.7961794735851389,7
803.8968389557203,0.12662727182651004,0.1610571191768031,0.8461077475769052,3
5994.865350824648,0.20613048447521579,0.29609493352363636,1.0220331530580837,2
5168.61522724954,0.19821664453984342,0.28488558800963804,1.0220331530580837,2
151.3543182368461,0.1125738014779927,0.13269407305087957,0.690398382174516,7
1194.84473634167,0.13546692264199012,0.1780074873498961,0.8992760194006171,3
1538.8534695141166,0.13381774349090847,0.16919035833179807,0.7086994987796436,6
2996.4561191240186,0.1561922966547172,0.2080768198227816,0.7837607005172811,3
497.14473518137294,,,0.954641662474592,3
2437.7403868726733,0.16276378204211148,0.22920333936162934,1.0220331530580837,3
4324.764939663464,0.18213931290647456,0.2555949691257411,0.9345820735370003,2
1775.6430788676773,0.144621537736839,0.19272212894175028,0.880607897071613,3
457.7006731728523,0.11949401917663638,0.147770003353071,0.8224651630440202,5
3452.1046443970204,0.17761694444261597,0.25284877348349255,1.0220331530580837,2
2660.5220242643577,0.15630972632161502,0.2111946698363681,0.8544667653974987,3
1835.6162851591369,0.14445161297089731,0.1917187980292511,0.8545103909411716,3
1238.9944551128317,0.13152100264351255,0.16696066281801902,0.7630816875210626,5
4019.8814984583187,0.17671494078185784,0.24530865867454854,0.9144762634312564,3
7214.3321696917055,0.19872628072107548,0.27441644060236287,0.8233753848134714,2
2491.70636035586,0.15308968010986063,0.20502368813758945,0.8413580873467851,3
1902.5191133072726,0.14170399614758938,0.18435470395852466,0.7749638596569131,3
4748.623304168249,0.19018635439688297,0.269831469059136,0.9825841506421158,2
4951.140489119433,0.19610911617855886,0.28209122351036064,1.0220331530580837,2
99.22139986778441,0.11246231478198755,0.1369463005084981,0.8961585819603791,5
3586.6049176394404,0.1712083835087469,0.23681573403482617,0.9048179824237571,3
4486.516352524321,0.18996413487493552,0.2709906129046431,1.0220331530580837,2
2973.2130139372816,0.17054756581037506,0.2408126979276858,1.0220331530580837,2
2726.4831750155413,0.16279719311532978,0.22558097123510382,0.9494251189941914,3
446.85805553860126,0.12032336150359699,0.15110184308359753,0.8902313235979367,4
2714.499947216546,0.1576603127602539,0.21386849715236175,0.8644025940203066,3
5378.538995920617,0.20024779618997862,0.28767305366709484,1.0220331530580837,2
2928.2296285631255,0.1699257557683268,0.23990062682314606,1.0220331530580837,2
1962.0147228956416,0.14115419916661268,0.18236274522241727,0.7478936262143075,4
2144.1897701185426,0.15131457568195403,0.20458186082178148,0.8995941074689542,3
1552.020491099693,0.14079897419451298,0.18618324156595925,0.8763269384458257,3
5306.255536252599,0.19972623255443978,0.28727660774165986,1.0220331530580837,2
2335.3847228246395,0.15306770721363142,0.2068829978474241,0.8765686667474366,3
2886.635212690831,0.16335047557495275,0.22505845004852748,0.9233353246214054,3
425.0761181975724,0.12081152259124793,0.15371577042933496,0.9362413807174422,3
1598.4127896362622,0.14801611640832565,0.2045695165175858,1.0220331530580837,3
4232.920079069722,0.18527746918771298,0.2634083801822271,0.9892892224849996,2
-864.2254063673664,0.0943989763989521,0.09986562889962447,0.6646868877460188,8
7733.980994204327,0.21211854027460506,0.29965689640812354,0.9199546831891539,2
4191.939960812482,0.1691583127420018,0.2281563672422635,0.7843472028799489,3
5796.518519398308,0.19438907249286788,0.2726895617452101,0.9004496247519314,2
1222.6207103106588,0.1365233570269993,0.18032750574093367,0.9151562114520976,3
5236.959520927575,0.19354378197767802,0.27401345677790234,0.9576083736488081,2
1828.4129856806032,0.13835729349048054,0.17707853793599498,0.7256080917933712,5
3660.438790030874,0.167079813590044,0.22728248862003966,0.8314477549179485,3
2750.337659850796,0.16476659519066744,0.2298108953764313,0.9784246757152203,3
5418.430885637605,0.19279874165704317,0.2713489748908614,0.9257219615936266,2
2110.9883854132886,0.14342828928047316,0.18635425750289877,0.7535320471541029,3
3860.6792533289886,0.18289640353887082,0.2610069154274243,1.0220331530580837,2
-174.18162222010974,0.10596850933598038,0.12337807434123538,0.8387630264637523,6
4628.364761731261,0.1756809561545197,0.2394455815372567,0.8125149574739864,3
2421.2470705179308,0.15963105443552197,0.22156259349467292,0.972979515837443,3
2731.564264181242,0.15736328460861837,0.21287772894938828,0.8572720620148955,3
3531.7863444853624,0.16445937479920752,0.22228283452914188,0.8165393858857246,3
2552.063395543039,0.1643289914385605,0.23113735718870887,1.0220331530580837,3
1964.5738864034624,0.1427034486675439,0.18603912443268206,0.7786234877518111,3
2899.876721183152,0.15862291338271464,0.2144216514869186,0.8403100349743976,3
4370.541652345525,0.17946220894455114,0.24919712936316507,0.8949920576934702,3
1791.0801543392836,0.14408424477742304,0.19121823681052777,0.863253642178999,3
2932.4467287387215,0.15616603393964396,0.2086915043597401,0.793450846920634,3
171.76475792034014,0.11261912687436966,0.13197135772752522,0.6334253941832151,7
375.7351695407736,0.11765423029437444,0.14414658357600277,0.8043271049787318,5
234.94184150429336,0.11468384953122954,0.13831188179574386,0.7820486738381457,6
3212.90193834267,0.1635775165434098,0.2233524301303987,0.8526121659877559,3
593.2348134093236,0.1193332364171511,0.1439829218752493,0.6712672530665302,6
-345.40119272437505,,,0.9360306788862406,6
3132.4895272010426,0.1735696654708591,0.2472378816561104,1.0220331530580837,2
4344.525017337557,0.1766139484557244,0.2435545016120159,0.8574595000397395,3
1562.0008915512722,0.1378109137810498,0.17868656760747403,0.7986945832336889,3
3054.6387120253917,0.17231276055545094,0.24494161429211095,1.0220331530580837,2
3358.2403892392736,0.16637082842062234,0.22765866474110233,0.8764498773254941,3
4507.792182905214,0.18117265819300885,0.2519495386299242,0.8984464418203613,3
3832.453447407432,0.1657371650496316,0.2229331550634015,0.7893551792838008,3
-155.41345872015887,0.10649425024084849,0.12415932806870844,0.8249935383630886,6
6430.630877915434,0.21021573671732768,0.3021964122628561,1.0220331530580837,2
3889.5712297800055,0.1831436591176499,0.26142332946837993,1.0190300715380445,2
8329.586022497135,0.2223083671229688,0.31787861918310234,0.9807808929319296,2
-614.7610734765128,0.0960951946470232,0.10392164728436912,0.7899314825661217,7
1243.3150328372042,0.13395925373142742,0.17321088276203228,0.831264518198574,3
2691.59905884475,0.16251047363466573,0.22504859645996478,0.9555623212753408,3
3695.67419141254,0.16927574523433575,0.23171209081483535,0.8584787407372038,3
3264.521321419082,0.17461398922059748,0.24772684974450387,1.0158890810552967,2
1228.1953560869395,0.12781164526454636,0.15778529213539513,0.6575028585951852,6
1806.456340091148,0.14176590646029583,0.18530296830413134,0.8083446331090377,3
1710.0880889471498,0.1393810072559973,0.18075011031269245,0.7847253257900376,3
2084.496793099546,0.14142493034141806,0.18179082774513516,0.7224476676087193,4
1465.6891270374051,0.13481807547468636,0.17244312920956872,0.7598526118912793,5
1382.1224334540261,0.1378250993961956,0.1811824631564377,0.8721704249042036,3
2694.0707171382783,0.1593110600819273,0.21769564482237913,0.8990095208766331,3
3836.8636296278014,0.16171809747938828,0.21452624873545578,0.7314572020769275,3
2893.4919388219814,0.16046367891221958,0.2185526634872076,0.8727800617774026,3
1682.8322859436194,0.14733386325269754,0.20116724178114967,0.9728802675035315,3
-1663.1453175833224,0.0767074976235563,0.06584123716256728,0.6651881833967974,9
2957.7436278155783,0.16907299603863063,0.23781271987318175,0.9986740345177649,3
3120.3298251756514,0.17270121954306883,0.24435131727186674,1.0220331530580837,2
2050.525503245506,0.14299696743128154,0.1857704194120743,0.7623531040917029,3
2820.5567068320706,0.16532056357173136,0.23037406877920152,0.9704627547517953,3
2192.2069095453226,0.1480320547342672,0.19610824647897968,0.8242591591721206,3
-141.97137319360644,0.10755928354246864,0.12379507862206086,0.6792498399882965,7
3326.4240889295343,0.1759897501891828,0.2504566833835269,1.0220331530580837,2
3123.0057849762197,0.16395460253515926,0.22448204632219132,0.8810608405973043,3
-285.2677052690988,0.10468585137587073,0.11912923225536362,0.711746094225018,7
1721.137110652017,0.14009589897314076,0.18244826463524078,0.7962668995023753,3
4717.623115479883,0.1832656142109045,0.2549703825399774,0.8983623117066153,3
771.3355909104782,0.12095488419217876,0.14568615878324637,0.6269616620387074,6
4789.900057364848,0.18377593790455654,0.2562900942335546,0.8877968743535508,2
3065.0186182536454,0.1598322338161779,0.21561285620809947,0.8286816759490158,3
3713.739813823389,0.15836038265779281,0.2087393901205359,0.6954011688296745,4
4876.2410466192705,0.17415270665942448,0.23499033328553198,0.7636256100126527,3
3567.638613252212,0.15873551206168487,0.20974759033815643,0.7280413061255814,4
-64.55208863920264,,,0.9406615862517342,4
687.6474985409889,0.12206178140768317,0.15007324683501796,0.7376386424401348,6
2355.552865644817,0.15201835458847207,0.2038881639764441,0.8554739450604484,3
1474.9221596977254,0.14351468505537923,0.19470160572054737,0.9724392229163229,3
7463.7199150852775,0.20357081320617,0.28363797601195995,0.8492268401468459,2
1740.5786648113653,0.142979351892518,0.18940586602839182,0.8530038401874095,3
1186.995661601076,0.12778725366119942,0.15810684353164103,0.6744288195896645,6
4684.6299889916645,0.17794540042959855,0.2442493491496862,0.8304910322765451,3
3586.682199803661,0.17629297343064543,0.24843662130770103,0.9772194089794463,2
